<?xml version="1.0" encoding="UTF-8"?>
<osm version="0.6" generator="Overpass API 0.7.62.11 87bfad18">
<note>The data included in this document is from www.openstreetmap.org. The data is made available under ODbL.</note>
<meta osm_base="2026-04-21T17:01:53Z" areas="2026-04-21T17:01:53Z"/>

  <node id="254588240" lat="50.2562850" lon="30.6223742"/>
  <node id="254588244" lat="50.2499330" lon="30.6270000"/>
  <node id="254588247" lat="50.2448330" lon="30.6305670"/>
  <node id="254589371" lat="50.2376500" lon="30.6356330"/>
  <node id="354522982" lat="50.2569674" lon="30.6540522"/>
  <node id="354523167" lat="50.2515156" lon="30.6627778"/>
  <node id="354523180" lat="50.2491380" lon="30.6665558"/>
  <node id="354523321" lat="50.2603054" lon="30.6216090"/>
  <node id="354523322" lat="50.2605507" lon="30.6232959"/>
  <node id="354523323" lat="50.2605973" lon="30.6243782"/>
  <node id="354523324" lat="50.2606459" lon="30.6254360"/>
  <node id="354523329" lat="50.2603759" lon="30.6448921"/>
  <node id="354523330" lat="50.2602223" lon="30.6461706"/>
  <node id="354523331" lat="50.2595769" lon="30.6488393"/>
  <node id="354523332" lat="50.2591043" lon="30.6502093"/>
  <node id="354523333" lat="50.2584596" lon="30.6515985"/>
  <node id="354523335" lat="50.2549416" lon="30.6573101"/>
  <node id="354523336" lat="50.2547840" lon="30.6575266"/>
  <node id="354524106" lat="50.2604812" lon="30.6431143"/>
  <node id="354524247" lat="50.2605906" lon="30.6327699"/>
  <node id="354524249" lat="50.2605840" lon="30.6348698"/>
  <node id="354524251" lat="50.2605619" lon="30.6364641"/>
  <node id="354524253" lat="50.2501820" lon="30.6649014"/>
  <node id="354526028" lat="50.2598781" lon="30.6198415">
    <tag k="highway" v="traffic_signals"/>
    <tag k="traffic_signals" v="signal"/>
  </node>
  <node id="796642404" lat="50.2078654" lon="30.5941549"/>
  <node id="796642408" lat="50.2254978" lon="30.6420026"/>
  <node id="796642413" lat="50.2206259" lon="30.6224911"/>
  <node id="796642414" lat="50.2193699" lon="30.6177704"/>
  <node id="1359826661" lat="50.2346711" lon="30.6377596"/>
  <node id="1359826695" lat="50.2364059" lon="30.6437723"/>
  <node id="1730271668" lat="50.2525622" lon="30.6372986"/>
  <node id="1730271675" lat="50.2525734" lon="30.6367322"/>
  <node id="1730271686" lat="50.2526182" lon="30.6358206"/>
  <node id="1730271695" lat="50.2526677" lon="30.6354573"/>
  <node id="1730271697" lat="50.2527224" lon="30.6377198"/>
  <node id="1730271713" lat="50.2527268" lon="30.6353103"/>
  <node id="1730271716" lat="50.2528963" lon="30.6378947"/>
  <node id="1730271718" lat="50.2529959" lon="30.6351595"/>
  <node id="1730271725" lat="50.2530674" lon="30.6379518"/>
  <node id="1730271729" lat="50.2534028" lon="30.6378946"/>
  <node id="1730271733" lat="50.2531680" lon="30.6246070"/>
  <node id="1730271741" lat="50.2535091" lon="30.6351752"/>
  <node id="1730271754" lat="50.2541531" lon="30.6381093"/>
  <node id="1730271762" lat="50.2544028" lon="30.6273911"/>
  <node id="1730271770" lat="50.2547183" lon="30.6281569"/>
  <node id="1730271779" lat="50.2551823" lon="30.6346645"/>
  <node id="1730271784" lat="50.2550443" lon="30.6293082"/>
  <node id="1730271790" lat="50.2552463" lon="30.6345395"/>
  <node id="1730271801" lat="50.2553831" lon="30.6342097"/>
  <node id="1730271816" lat="50.2554281" lon="30.6329221"/>
  <node id="1730271875" lat="50.2555018" lon="30.6336593"/>
  <node id="1750707141" lat="50.2553933" lon="30.6326061">
    <tag k="barrier" v="lift_gate"/>
  </node>
  <node id="1750707198" lat="50.2543269" lon="30.6382164"/>
  <node id="1765128056" lat="50.2387060" lon="30.6451824"/>
  <node id="1765134064" lat="50.2253141" lon="30.6431139"/>
  <node id="1848385275" lat="50.2552331" lon="30.6309584"/>
  <node id="1945907046" lat="50.2186301" lon="30.6146156"/>
  <node id="1945907048" lat="50.2181186" lon="30.6124591"/>
  <node id="1945907053" lat="50.2186790" lon="30.6149026"/>
  <node id="1945907078" lat="50.2189734" lon="30.6160640"/>
  <node id="1945907087" lat="50.2188060" lon="30.6156201"/>
  <node id="1945907090" lat="50.2177007" lon="30.6107854"/>
  <node id="1945907092" lat="50.2191003" lon="30.6165857"/>
  <node id="1945907096" lat="50.2226978" lon="30.6308700"/>
  <node id="1945907098" lat="50.2255215" lon="30.6426291"/>
  <node id="1945907099" lat="50.2174811" lon="30.6099700"/>
  <node id="1945907125" lat="50.2171472" lon="30.6085806"/>
  <node id="1945907144" lat="50.2185752" lon="30.6143353"/>
  <node id="1945907164" lat="50.2255747" lon="30.6422885"/>
  <node id="1945907178" lat="50.2187468" lon="30.6154229"/>
  <node id="1945917628" lat="50.2035947" lon="30.5951616"/>
  <node id="1945917674" lat="50.2018744" lon="30.5956470"/>
  <node id="1945920770" lat="50.2412899" lon="30.5990904"/>
  <node id="1945920771" lat="50.2408514" lon="30.5957924"/>
  <node id="1945920773" lat="50.2409605" lon="30.5973953"/>
  <node id="1945920774" lat="50.2435686" lon="30.6068431"/>
  <node id="1945920775" lat="50.2401927" lon="30.6209622"/>
  <node id="1945920776" lat="50.2441031" lon="30.6100553"/>
  <node id="1945920777" lat="50.2436914" lon="30.6125873"/>
  <node id="1945920779" lat="50.2427726" lon="30.6166707"/>
  <node id="1945920780" lat="50.2373099" lon="30.6353110"/>
  <node id="1945920781" lat="50.2378177" lon="30.6326931"/>
  <node id="1945920782" lat="50.2390529" lon="30.6274360"/>
  <node id="1945920783" lat="50.2393136" lon="30.6246251"/>
  <node id="1945920784" lat="50.2374334" lon="30.6343239"/>
  <node id="1945920786" lat="50.2371484" lon="30.6359911"/>
  <node id="1945920787" lat="50.2372550" lon="30.6348175"/>
  <node id="1945920793" lat="50.2394378" lon="30.5900632"/>
  <node id="1945920796" lat="50.2399319" lon="30.5916081"/>
  <node id="1945920797" lat="50.2440077" lon="30.6106840"/>
  <node id="1945920798" lat="50.2423877" lon="30.6176084"/>
  <node id="1945920800" lat="50.2439109" lon="30.6081456"/>
  <node id="1945920802" lat="50.2438561" lon="30.6115359"/>
  <node id="1945920804" lat="50.2436365" lon="30.6073302"/>
  <node id="1945920807" lat="50.2405152" lon="30.5943226"/>
  <node id="1945920810" lat="50.2403573" lon="30.6205545"/>
  <node id="1945920812" lat="50.2429366" lon="30.6052702"/>
  <node id="1945920814" lat="50.2408514" lon="30.6199752"/>
  <node id="1945920815" lat="50.2391942" lon="30.5887011"/>
  <node id="1945920820" lat="50.2415506" lon="30.6190675"/>
  <node id="1945920821" lat="50.2440756" lon="30.6091970"/>
  <node id="1945920822" lat="50.2433209" lon="30.6148404"/>
  <node id="1945920823" lat="50.2392176" lon="30.6265348"/>
  <node id="1945920824" lat="50.2440070" lon="30.6086391"/>
  <node id="1945920827" lat="50.2415731" lon="30.6002940"/>
  <node id="1945920828" lat="50.2416878" lon="30.6007641"/>
  <node id="1945920829" lat="50.2215790" lon="30.6057852"/>
  <node id="1945920831" lat="50.2418800" lon="30.6185311"/>
  <node id="1945920832" lat="50.2403573" lon="30.5930458"/>
  <node id="1945920835" lat="50.2420035" lon="30.6184238"/>
  <node id="1945920836" lat="50.2414827" lon="30.5999337"/>
  <node id="1945920838" lat="50.2425798" lon="30.6037897"/>
  <node id="1945920839" lat="50.2428680" lon="30.6047767"/>
  <node id="1945920841" lat="50.2392313" lon="30.6253975"/>
  <node id="1945920845" lat="50.2391627" lon="30.6269210"/>
  <node id="1945920849" lat="50.2260270" lon="30.6031030"/>
  <node id="1945920854" lat="50.2405762" lon="30.5947345"/>
  <node id="2238719896" lat="50.3390215" lon="30.6338208"/>
  <node id="2238719906" lat="50.3371683" lon="30.6331817"/>
  <node id="2238719914" lat="50.3406270" lon="30.6372224"/>
  <node id="2238719946" lat="50.3374051" lon="30.6338436"/>
  <node id="2238719972" lat="50.3398487" lon="30.6339607"/>
  <node id="2238719987" lat="50.3373628" lon="30.6336416"/>
  <node id="2238720002" lat="50.3398834" lon="30.6340185"/>
  <node id="2238720069" lat="50.3401248" lon="30.6365301"/>
  <node id="2238720071" lat="50.3407624" lon="30.6370361"/>
  <node id="2238720137" lat="50.3373241" lon="30.6334351"/>
  <node id="2238720162" lat="50.3399157" lon="30.6341274"/>
  <node id="2238720197" lat="50.3403224" lon="30.6371904"/>
  <node id="2238720208" lat="50.3397636" lon="30.6339005"/>
  <node id="2238720215" lat="50.3400292" lon="30.6353482"/>
  <node id="2238720225" lat="50.3392731" lon="30.6338129"/>
  <node id="2238720254" lat="50.3396681" lon="30.6338793"/>
  <node id="2238720307" lat="50.3357336" lon="30.6317226"/>
  <node id="2238720323" lat="50.3349507" lon="30.6308235"/>
  <node id="2238720416" lat="50.3372691" lon="30.6333174"/>
  <node id="2238720424" lat="50.3402249" lon="30.6369280"/>
  <node id="2238720450" lat="50.3405108" lon="30.6373159"/>
  <node id="2318297431" lat="50.2434555" lon="30.6371836"/>
  <node id="2318297434" lat="50.2439386" lon="30.6340137"/>
  <node id="2318297436" lat="50.2435561" lon="30.6372059"/>
  <node id="2318297446" lat="50.2431541" lon="30.6362028"/>
  <node id="2318297488" lat="50.2445596" lon="30.6360115"/>
  <node id="2318297491" lat="50.2430704" lon="30.6363925"/>
  <node id="2318297499" lat="50.2442343" lon="30.6350401"/>
  <node id="2318297514" lat="50.2437619" lon="30.6370987"/>
  <node id="2318297516" lat="50.2435775" lon="30.6353210"/>
  <node id="2318307661" lat="50.2913646" lon="30.6343509"/>
  <node id="2318307664" lat="50.2895923" lon="30.6355103"/>
  <node id="2318307668" lat="50.2939763" lon="30.6316368"/>
  <node id="2318307669" lat="50.2970468" lon="30.6195349"/>
  <node id="2318307670" lat="50.2791411" lon="30.6353866"/>
  <node id="2318307671" lat="50.2963663" lon="30.6229341"/>
  <node id="2318307675" lat="50.2950831" lon="30.6305585"/>
  <node id="2318307676" lat="50.2928738" lon="30.6328143"/>
  <node id="2318307678" lat="50.2968057" lon="30.6232021"/>
  <node id="2318307679" lat="50.2947251" lon="30.6309236"/>
  <node id="2318307684" lat="50.2973756" lon="30.6188692"/>
  <node id="2318307685" lat="50.2801607" lon="30.6353991"/>
  <node id="2339201590" lat="50.2849325" lon="30.6354597"/>
  <node id="2346122252" lat="50.2955280" lon="30.6290592"/>
  <node id="2353457642" lat="50.2180247" lon="30.6402539"/>
  <node id="2353457647" lat="50.2285305" lon="30.6338220"/>
  <node id="2353457649" lat="50.2301765" lon="30.6375916"/>
  <node id="2353457650" lat="50.2301079" lon="30.6379832"/>
  <node id="2353457652" lat="50.2302875" lon="30.6367510"/>
  <node id="2353457655" lat="50.2122222" lon="30.6437177"/>
  <node id="2353457657" lat="50.2232304" lon="30.6370819"/>
  <node id="2353457659" lat="50.2303322" lon="30.6345140"/>
  <node id="2353457664" lat="50.2135027" lon="30.6429560"/>
  <node id="2353457666" lat="50.2304454" lon="30.6332748"/>
  <node id="2353457676" lat="50.2175636" lon="30.6405420"/>
  <node id="2353457683" lat="50.2171379" lon="30.6407780"/>
  <node id="2353457685" lat="50.2301777" lon="30.6327706"/>
  <node id="2353457688" lat="50.2282857" lon="30.6339813"/>
  <node id="2353457690" lat="50.2213427" lon="30.6382407"/>
  <node id="2353457691" lat="50.2288931" lon="30.6351990"/>
  <node id="2353457693" lat="50.2212375" lon="30.6382745"/>
  <node id="2353457694" lat="50.2225577" lon="30.6374521"/>
  <node id="2353457697" lat="50.2302658" lon="30.6358267"/>
  <node id="2353457699" lat="50.2106945" lon="30.6446243"/>
  <node id="2353457702" lat="50.2160155" lon="30.6414647"/>
  <node id="2353457711" lat="50.2302040" lon="30.6373663"/>
  <node id="2353457713" lat="50.2303515" lon="30.6336487"/>
  <node id="2353457719" lat="50.2301251" lon="30.6400324"/>
  <node id="2353457724" lat="50.2300804" lon="30.6383694"/>
  <node id="2353457729" lat="50.2167856" lon="30.6409567"/>
  <node id="2353457732" lat="50.2190819" lon="30.6395941"/>
  <node id="2353457734" lat="50.2296355" lon="30.6331353"/>
  <node id="2353457738" lat="50.2302258" lon="30.6356137"/>
  <node id="2353457741" lat="50.2310700" lon="30.6323092"/>
  <node id="2353457747" lat="50.2188520" lon="30.6396960"/>
  <node id="2353457750" lat="50.2195887" lon="30.6392331"/>
  <node id="2353457755" lat="50.2217065" lon="30.6379993"/>
  <node id="2353457756" lat="50.2300542" lon="30.6388163"/>
  <node id="2353457758" lat="50.2300748" lon="30.6390362"/>
  <node id="2353457760" lat="50.2301228" lon="30.6397282"/>
  <node id="2353457762" lat="50.2302635" lon="30.6349646"/>
  <node id="2353457764" lat="50.2123046" lon="30.6436426"/>
  <node id="2353457769" lat="50.2250469" lon="30.6358299"/>
  <node id="2353457774" lat="50.2303665" lon="30.6340795"/>
  <node id="2353457777" lat="50.2275147" lon="30.6344282"/>
  <node id="2353457783" lat="50.2303069" lon="30.6363417"/>
  <node id="2353457787" lat="50.2302795" lon="30.6369532"/>
  <node id="2353457789" lat="50.2141240" lon="30.6425644"/>
  <node id="2353457790" lat="50.2138631" lon="30.6427843"/>
  <node id="2353457792" lat="50.2303687" lon="30.6334824"/>
  <node id="2353457793" lat="50.2220299" lon="30.6378100"/>
  <node id="2353457797" lat="50.2292615" lon="30.6368743"/>
  <node id="2353457798" lat="50.2294113" lon="30.6372590"/>
  <node id="2353457799" lat="50.2177398" lon="30.6404041"/>
  <node id="2353457800" lat="50.2108846" lon="30.6444918"/>
  <node id="2353457802" lat="50.2291928" lon="30.6364935"/>
  <node id="2353457803" lat="50.2304282" lon="30.6407741"/>
  <node id="2353457805" lat="50.2179137" lon="30.6403542"/>
  <node id="2353457806" lat="50.2121364" lon="30.6437875"/>
  <node id="2353457808" lat="50.2299924" lon="30.6397121"/>
  <node id="2353457810" lat="50.2304545" lon="30.6326509"/>
  <node id="2353457811" lat="50.2186860" lon="30.6398285"/>
  <node id="2353457814" lat="50.2286185" lon="30.6342495"/>
  <node id="2353457826" lat="50.2298265" lon="30.6390453"/>
  <node id="2353457828" lat="50.2303047" lon="30.6361609"/>
  <node id="2353457830" lat="50.2303219" lon="30.6346696"/>
  <node id="2353457836" lat="50.2291196" lon="30.6362022"/>
  <node id="2353457837" lat="50.2144479" lon="30.6423729"/>
  <node id="2353457838" lat="50.2148655" lon="30.6420977"/>
  <node id="2353457839" lat="50.2221904" lon="30.6376989"/>
  <node id="2353457840" lat="50.2312209" lon="30.6321912"/>
  <node id="2353457841" lat="50.2235908" lon="30.6368191"/>
  <node id="2353457846" lat="50.2302040" lon="30.6404776"/>
  <node id="2353457848" lat="50.2218712" lon="30.6378920"/>
  <node id="2353457872" lat="50.2243595" lon="30.6363256"/>
  <node id="2353457876" lat="50.2272424" lon="30.6345982"/>
  <node id="2353457877" lat="50.2185453" lon="30.6398822"/>
  <node id="2353457881" lat="50.2140382" lon="30.6426609"/>
  <node id="2353457883" lat="50.2240471" lon="30.6364570"/>
  <node id="2353457891" lat="50.2261888" lon="30.6351669"/>
  <node id="2353457893" lat="50.2214297" lon="30.6381618"/>
  <node id="2353457895" lat="50.2281415" lon="30.6341315"/>
  <node id="2353457905" lat="50.2263616" lon="30.6350236"/>
  <node id="2353457910" lat="50.2269747" lon="30.6346411"/>
  <node id="2353457918" lat="50.2107701" lon="30.6446297"/>
  <node id="2353457920" lat="50.2206665" lon="30.6386162"/>
  <node id="2353457926" lat="50.2203507" lon="30.6388254"/>
  <node id="2353457928" lat="50.2278442" lon="30.6342029"/>
  <node id="2353457940" lat="50.2284138" lon="30.6333821"/>
  <node id="2353457944" lat="50.2299089" lon="30.6329513"/>
  <node id="2353457950" lat="50.2259607" lon="30.6353173"/>
  <node id="2353457965" lat="50.2232990" lon="30.6370122"/>
  <node id="2353457967" lat="50.2231423" lon="30.6371265"/>
  <node id="2353457971" lat="50.2296584" lon="30.6381924"/>
  <node id="2353457974" lat="50.2257376" lon="30.6354189"/>
  <node id="2353457976" lat="50.2303493" lon="30.6338166"/>
  <node id="2353457988" lat="50.2151436" lon="30.6419207"/>
  <node id="2353457999" lat="50.2300748" lon="30.6393634"/>
  <node id="2353458002" lat="50.2215052" lon="30.6381243"/>
  <node id="2353458005" lat="50.2161940" lon="30.6413198"/>
  <node id="2353459580" lat="50.2249553" lon="30.6358862"/>
  <node id="2438956579" lat="50.2372266" lon="30.6356619">
    <tag k="barrier" v="lift_gate"/>
  </node>
  <node id="2715487470" lat="50.2048109" lon="30.5948408"/>
  <node id="2715487472" lat="50.2095952" lon="30.5938912"/>
  <node id="2715487475" lat="50.2134814" lon="30.5940688"/>
  <node id="2715487476" lat="50.2137347" lon="30.5952544"/>
  <node id="2805511595" lat="50.2056494" lon="30.5946189"/>
  <node id="2965876212" lat="50.2184793" lon="30.5935586"/>
  <node id="2965876213" lat="50.2199536" lon="30.5995359"/>
  <node id="2965876215" lat="50.2225293" lon="30.6096608"/>
  <node id="2965876220" lat="50.2249437" lon="30.5990016"/>
  <node id="2965876221" lat="50.2249999" lon="30.6197960"/>
  <node id="2965876226" lat="50.2294923" lon="30.6169997"/>
  <node id="2965876230" lat="50.2301530" lon="30.5985050"/>
  <node id="2965876335" lat="50.2306019" lon="30.6003408"/>
  <node id="2965876337" lat="50.2307939" lon="30.6222576"/>
  <node id="2965876341" lat="50.2316524" lon="30.6046563"/>
  <node id="2965876344" lat="50.2327714" lon="30.6092529"/>
  <node id="2965876345" lat="50.2329875" lon="30.6311187"/>
  <node id="2965876351" lat="50.2339885" lon="30.6142527"/>
  <node id="2965876353" lat="50.2341973" lon="30.6252981"/>
  <node id="2965876354" lat="50.2343931" lon="30.6158535"/>
  <node id="2965876356" lat="50.2350147" lon="30.5976335"/>
  <node id="2965876362" lat="50.2357361" lon="30.6004600"/>
  <node id="2965876364" lat="50.2367350" lon="30.6252107"/>
  <node id="2965876365" lat="50.2373512" lon="30.6070028"/>
  <node id="2965876366" lat="50.2375243" lon="30.6283642"/>
  <node id="2965876367" lat="50.2381991" lon="30.6310699"/>
  <node id="2965876369" lat="50.2384869" lon="30.6116034"/>
  <node id="2965876371" lat="50.2406436" lon="30.6202189"/>
  <node id="2965876375" lat="50.2420400" lon="30.6256028"/>
  <node id="2965876377" lat="50.2433624" lon="30.6315893"/>
  <node id="2965876379" lat="50.2439569" lon="30.6083816"/>
  <node id="2965876383" lat="50.2458263" lon="30.6298723">
    <tag k="highway" v="crossing"/>
  </node>
  <node id="2965876394" lat="50.2493659" lon="30.6211062"/>
  <node id="2965876398" lat="50.2510256" lon="30.6200874"/>
  <node id="2965876400" lat="50.2518933" lon="30.6143358"/>
  <node id="2965876406" lat="50.2537719" lon="30.6095282"/>
  <node id="2965876409" lat="50.2540707" lon="30.6182649"/>
  <node id="2965876414" lat="50.2555577" lon="30.6173749"/>
  <node id="2965876541" lat="50.2599530" lon="30.6147439"/>
  <node id="2965876543" lat="50.2600383" lon="30.6146929"/>
  <node id="2965876555" lat="50.2644957" lon="30.6120363"/>
  <node id="2965876564" lat="50.2690528" lon="30.6092106"/>
  <node id="2996328825" lat="50.2521848" lon="30.6253068"/>
  <node id="3029069138" lat="50.2606359" lon="30.6287101">
    <tag k="traffic_calming" v="bump"/>
  </node>
  <node id="3029069139" lat="50.2606275" lon="30.6294945">
    <tag k="traffic_calming" v="bump"/>
  </node>
  <node id="3029069141" lat="50.2606337" lon="30.6289919"/>
  <node id="3029069144" lat="50.2604717" lon="30.6433960">
    <tag k="highway" v="crossing"/>
  </node>
  <node id="3029069145" lat="50.2547346" lon="30.6576068">
    <tag k="highway" v="crossing"/>
  </node>
  <node id="3029069146" lat="50.2605657" lon="30.6362792">
    <tag k="highway" v="crossing"/>
  </node>
  <node id="3029069148" lat="50.2568985" lon="30.6541622">
    <tag k="highway" v="crossing"/>
  </node>
  <node id="3029069149" lat="50.2578149" lon="30.6527166"/>
  <node id="3029069150" lat="50.2586888" lon="30.6511330"/>
  <node id="3029069152" lat="50.2585280" lon="30.6514667">
    <tag k="highway" v="crossing"/>
  </node>
  <node id="3029069153" lat="50.2601245" lon="30.6467787"/>
  <node id="3029069156" lat="50.2594813" lon="30.6491662">
    <tag k="highway" v="crossing"/>
  </node>
  <node id="3029069157" lat="50.2593066" lon="30.6496853"/>
  <node id="3029069159" lat="50.2605010" lon="30.6403122">
    <tag k="highway" v="crossing"/>
  </node>
  <node id="3029069160" lat="50.2605159" lon="30.6392694">
    <tag k="highway" v="crossing"/>
  </node>
  <node id="3029069166" lat="50.2605922" lon="30.6326312">
    <tag k="highway" v="crossing"/>
  </node>
  <node id="3029069169" lat="50.2606308" lon="30.6291280">
    <tag k="highway" v="crossing"/>
  </node>
  <node id="3117580037" lat="50.2844507" lon="30.6354323"/>
  <node id="3221542105" lat="50.2822591" lon="30.6354189"/>
  <node id="3541023271" lat="50.2604772" lon="30.6194168"/>
  <node id="3541037475" lat="50.2604639" lon="30.6436593">
    <tag k="traffic_calming" v="bump"/>
  </node>
  <node id="3541037478" lat="50.2605479" lon="30.6248512"/>
  <node id="3541037481" lat="50.2606694" lon="30.6261348"/>
  <node id="3541037482" lat="50.2606655" lon="30.6255345"/>
  <node id="3541037484" lat="50.2605223" lon="30.6388065">
    <tag k="traffic_calming" v="bump"/>
  </node>
  <node id="3598141588" lat="50.2606158" lon="30.6303584"/>
  <node id="4086705324" lat="50.2350991" lon="30.6375868"/>
  <node id="4086705330" lat="50.2351995" lon="30.6375667"/>
  <node id="4086705341" lat="50.2353325" lon="30.6374514"/>
  <node id="4086705365" lat="50.2355975" lon="30.6369109"/>
  <node id="4086705382" lat="50.2358163" lon="30.6367526"/>
  <node id="4086705385" lat="50.2358446" lon="30.6370611"/>
  <node id="4168339422" lat="50.2367947" lon="30.6438597"/>
  <node id="4168339431" lat="50.2370947" lon="30.6439297"/>
  <node id="4168339433" lat="50.2373997" lon="30.6440616"/>
  <node id="4168350448" lat="50.2439963" lon="30.6352404"/>
  <node id="4168350485" lat="50.2461378" lon="30.6334822"/>
  <node id="4169453896" lat="50.2427116" lon="30.6367053"/>
  <node id="4169453900" lat="50.2429226" lon="30.6365667"/>
  <node id="4169453931" lat="50.2431991" lon="30.6369297"/>
  <node id="4169453942" lat="50.2432857" lon="30.6372395"/>
  <node id="4169453943" lat="50.2432878" lon="30.6368330"/>
  <node id="4169453958" lat="50.2433277" lon="30.6364093"/>
  <node id="4169453967" lat="50.2433684" lon="30.6370016"/>
  <node id="4169453978" lat="50.2434052" lon="30.6370785"/>
  <node id="4169453980" lat="50.2434930" lon="30.6355753"/>
  <node id="4169454398" lat="50.2434878" lon="30.6352292"/>
  <node id="4169454399" lat="50.2434778" lon="30.6369149"/>
  <node id="4169454401" lat="50.2435059" lon="30.6375909"/>
  <node id="4169454420" lat="50.2435441" lon="30.6358690"/>
  <node id="4169454442" lat="50.2435919" lon="30.6356652"/>
  <node id="4169454454" lat="50.2437248" lon="30.6348134"/>
  <node id="4169454471" lat="50.2437317" lon="30.6359365"/>
  <node id="4169454476" lat="50.2437272" lon="30.6357526"/>
  <node id="4169454492" lat="50.2437791" lon="30.6357134"/>
  <node id="4169454497" lat="50.2438166" lon="30.6358918"/>
  <node id="4169454507" lat="50.2439961" lon="30.6357644"/>
  <node id="4169454508" lat="50.2439885" lon="30.6355637"/>
  <node id="4169454509" lat="50.2440394" lon="30.6356790"/>
  <node id="4169454510" lat="50.2440341" lon="30.6355860"/>
  <node id="4242503747" lat="50.2605651" lon="30.6361233"/>
  <node id="4501856831" lat="50.2455148" lon="30.6300807">
    <tag k="bus" v="yes"/>
    <tag k="name" v="Дитячій оздоровчий комплекс &quot;Дружба&quot;"/>
    <tag k="name:uk" v="Оздоровчий комплекс &quot;Дружба&quot;"/>
    <tag k="public_transport" v="stop_position"/>
  </node>
  <node id="4648701391" lat="50.2606506" lon="30.6272568"/>
  <node id="4687137870" lat="50.2530085" lon="30.6379533"/>
  <node id="4687137873" lat="50.2532196" lon="30.6379316"/>
  <node id="4741662914" lat="50.2525715" lon="30.6374217"/>
  <node id="4741662915" lat="50.2525905" lon="30.6375059"/>
  <node id="4741662917" lat="50.2526328" lon="30.6375988"/>
  <node id="4741662919" lat="50.2528342" lon="30.6378533"/>
  <node id="4741662921" lat="50.2529582" lon="30.6379339"/>
  <node id="4741662923" lat="50.2531360" lon="30.6379507"/>
  <node id="4741662924" lat="50.2535800" lon="30.6378464"/>
  <node id="4741662925" lat="50.2536810" lon="30.6378391"/>
  <node id="4741662926" lat="50.2537684" lon="30.6378516"/>
  <node id="4741662927" lat="50.2538308" lon="30.6378792"/>
  <node id="4741662930" lat="50.2539489" lon="30.6379547"/>
  <node id="4741662932" lat="50.2542589" lon="30.6381737"/>
  <node id="4741671075" lat="50.2554296" lon="30.6340695"/>
  <node id="4741671076" lat="50.2554656" lon="30.6339296"/>
  <node id="4741671077" lat="50.2554827" lon="30.6338402"/>
  <node id="4741671078" lat="50.2553229" lon="30.6343679"/>
  <node id="4741671079" lat="50.2537179" lon="30.6351942"/>
  <node id="4741671080" lat="50.2551003" lon="30.6348003"/>
  <node id="4741671081" lat="50.2550228" lon="30.6349345"/>
  <node id="4741671082" lat="50.2549648" lon="30.6350172"/>
  <node id="4741671083" lat="50.2548955" lon="30.6350869"/>
  <node id="4741671084" lat="50.2548329" lon="30.6351495"/>
  <node id="4741671085" lat="50.2547599" lon="30.6351929"/>
  <node id="4741671086" lat="50.2546789" lon="30.6352203"/>
  <node id="4741671087" lat="50.2546093" lon="30.6352461"/>
  <node id="4741671088" lat="50.2545122" lon="30.6352775"/>
  <node id="4741671089" lat="50.2544312" lon="30.6352784"/>
  <node id="4741671090" lat="50.2542637" lon="30.6352659"/>
  <node id="4741671091" lat="50.2540160" lon="30.6352368"/>
  <node id="4741686283" lat="50.2551369" lon="30.6300247"/>
  <node id="4741686284" lat="50.2550638" lon="30.6294338"/>
  <node id="4741686285" lat="50.2550822" lon="30.6295541"/>
  <node id="4741686286" lat="50.2550973" lon="30.6296729"/>
  <node id="4741686287" lat="50.2551165" lon="30.6298286"/>
  <node id="4741686288" lat="50.2548781" lon="30.6286239"/>
  <node id="4741686289" lat="50.2550087" lon="30.6291436"/>
  <node id="4741686290" lat="50.2549474" lon="30.6288781"/>
  <node id="4741707666" lat="50.2602830" lon="30.6457111"/>
  <node id="4741707667" lat="50.2603205" lon="30.6453993"/>
  <node id="4741707668" lat="50.2603495" lon="30.6451417"/>
  <node id="4741707669" lat="50.2604085" lon="30.6445447"/>
  <node id="4741707670" lat="50.2604261" lon="30.6443072"/>
  <node id="4741707671" lat="50.2604400" lon="30.6440689"/>
  <node id="4741707673" lat="50.2604905" lon="30.6424856"/>
  <node id="4741707674" lat="50.2604938" lon="30.6420550"/>
  <node id="4741707675" lat="50.2604980" lon="30.6412065"/>
  <node id="4741707676" lat="50.2605020" lon="30.6407285"/>
  <node id="4741707677" lat="50.2605800" lon="30.6336367"/>
  <node id="4741707678" lat="50.2606004" lon="30.6316942"/>
  <node id="4741707679" lat="50.2606088" lon="30.6310261"/>
  <node id="4741707680" lat="50.2606433" lon="30.6279359"/>
  <node id="4741707681" lat="50.2606623" lon="30.6265056"/>
  <node id="4741713598" lat="50.2600542" lon="30.6471092"/>
  <node id="4741713599" lat="50.2599548" lon="30.6475242"/>
  <node id="4741713600" lat="50.2598662" lon="30.6478838"/>
  <node id="4871652144" lat="50.3415339" lon="30.6363337"/>
  <node id="4899747935" lat="50.2518085" lon="30.6623054"/>
  <node id="4899747938" lat="50.2507909" lon="30.6639426"/>
  <node id="4943721756" lat="50.2805528" lon="30.6223434"/>
  <node id="4943721757" lat="50.2818483" lon="30.6247361"/>
  <node id="4943721758" lat="50.2828398" lon="30.6261175"/>
  <node id="4943721759" lat="50.2834475" lon="30.6270785"/>
  <node id="4943721760" lat="50.2848611" lon="30.6278794"/>
  <node id="4943721761" lat="50.2859548" lon="30.6281797"/>
  <node id="4943721762" lat="50.2883597" lon="30.6293008"/>
  <node id="4943721763" lat="50.2893072" lon="30.6297936"/>
  <node id="4943721764" lat="50.2893230" lon="30.6309274"/>
  <node id="4943721765" lat="50.2895513" lon="30.6318148"/>
  <node id="4943721766" lat="50.2898742" lon="30.6324063"/>
  <node id="4943721767" lat="50.2907186" lon="30.6329356"/>
  <node id="5017133872" lat="50.2356707" lon="30.6371936"/>
  <node id="5160687994" lat="50.2328559" lon="30.6096001"/>
  <node id="5160687997" lat="50.2332566" lon="30.6321803"/>
  <node id="5160687999" lat="50.2465151" lon="30.6228046"/>
  <node id="5160688003" lat="50.2509821" lon="30.6201141"/>
  <node id="5160688008" lat="50.2496740" lon="30.6209171"/>
  <node id="5160688013" lat="50.2488262" lon="30.6214375"/>
  <node id="5160688148" lat="50.2265935" lon="30.6053747"/>
  <node id="5160688152" lat="50.2437223" lon="30.6123901"/>
  <node id="5160688186" lat="50.2359527" lon="30.6220850"/>
  <node id="5160688214" lat="50.2353867" lon="30.6198232"/>
  <node id="5160688215" lat="50.2278438" lon="30.6103886"/>
  <node id="5160688217" lat="50.2522857" lon="30.6252314">
    <tag k="highway" v="crossing"/>
  </node>
  <node id="5160688223" lat="50.2325178" lon="30.6320780"/>
  <node id="5160688225" lat="50.2365020" lon="30.6035626"/>
  <node id="5160688245" lat="50.2504892" lon="30.6180972"/>
  <node id="5160688261" lat="50.2321678" lon="30.6327969"/>
  <node id="5160688263" lat="50.2319550" lon="30.6317669"/>
  <node id="5160688279" lat="50.2488996" lon="30.6222610"/>
  <node id="5160688283" lat="50.2328659" lon="30.6096411"/>
  <node id="5160688311" lat="50.2395850" lon="30.6234943"/>
  <node id="5160688312" lat="50.2500880" lon="30.6206629"/>
  <node id="5173067936" lat="50.2270378" lon="30.6225033"/>
  <node id="5173067938" lat="50.2261112" lon="30.6345303"/>
  <node id="5173067939" lat="50.2256925" lon="30.6328459"/>
  <node id="5173067940" lat="50.2259602" lon="30.6339939"/>
  <node id="5173067941" lat="50.2256170" lon="30.6322344"/>
  <node id="5173067942" lat="50.2256170" lon="30.6320091"/>
  <node id="5173067943" lat="50.2255071" lon="30.6317516"/>
  <node id="5173067944" lat="50.2254042" lon="30.6316121"/>
  <node id="5173067945" lat="50.2253287" lon="30.6313331"/>
  <node id="5173067946" lat="50.2252738" lon="30.6311186"/>
  <node id="5173067947" lat="50.2252738" lon="30.6309684"/>
  <node id="5173067948" lat="50.2256297" lon="30.6304298"/>
  <node id="5173067949" lat="50.2255003" lon="30.6308396"/>
  <node id="5173067950" lat="50.2253561" lon="30.6309147"/>
  <node id="5174241963" lat="50.2263504" lon="30.6298504"/>
  <node id="5174241971" lat="50.2181381" lon="30.6333674"/>
  <node id="5174241972" lat="50.2201656" lon="30.6316207"/>
  <node id="5174241973" lat="50.2184916" lon="30.6332000"/>
  <node id="5174241975" lat="50.2195890" lon="30.6323824"/>
  <node id="5174241976" lat="50.2199116" lon="30.6319211"/>
  <node id="5174241977" lat="50.2191153" lon="30.6327579"/>
  <node id="5174241978" lat="50.2205775" lon="30.6311915"/>
  <node id="5174241979" lat="50.2208600" lon="30.6309576"/>
  <node id="5174241980" lat="50.2192811" lon="30.6326635"/>
  <node id="5174241981" lat="50.2211542" lon="30.6308911"/>
  <node id="5174241982" lat="50.2189241" lon="30.6329854"/>
  <node id="5174241983" lat="50.2215248" lon="30.6309984"/>
  <node id="5174241984" lat="50.2218131" lon="30.6310199"/>
  <node id="5174241985" lat="50.2219721" lon="30.6309254"/>
  <node id="5174241986" lat="50.2227163" lon="30.6307840"/>
  <node id="5174241987" lat="50.2223290" lon="30.6308182"/>
  <node id="5174241988" lat="50.2243735" lon="30.6298290"/>
  <node id="5174241989" lat="50.2238941" lon="30.6301208"/>
  <node id="5174241990" lat="50.2234204" lon="30.6304856"/>
  <node id="5174241991" lat="50.2247864" lon="30.6297775"/>
  <node id="5174241992" lat="50.2251835" lon="30.6299684"/>
  <node id="5174241993" lat="50.2253688" lon="30.6299148"/>
  <node id="5174241994" lat="50.2258297" lon="30.6298526"/>
  <node id="5174241995" lat="50.2258905" lon="30.6308160"/>
  <node id="5174241996" lat="50.2261307" lon="30.6309769"/>
  <node id="5174241997" lat="50.2263847" lon="30.6312130"/>
  <node id="5174241998" lat="50.2267759" lon="30.6318782"/>
  <node id="5174241999" lat="50.2274496" lon="30.6331570"/>
  <node id="5174242000" lat="50.2276407" lon="30.6335626"/>
  <node id="5174242001" lat="50.2278120" lon="30.6342249"/>
  <node id="5174242002" lat="50.2280179" lon="30.6349144"/>
  <node id="5174242003" lat="50.2285670" lon="30.6360195"/>
  <node id="5174242004" lat="50.2291655" lon="30.6372018"/>
  <node id="5174242005" lat="50.2288964" lon="30.6365881"/>
  <node id="5174242007" lat="50.2283268" lon="30.6354079"/>
  <node id="5174242008" lat="50.2261043" lon="30.6298847"/>
  <node id="5174242009" lat="50.2255130" lon="30.6300972"/>
  <node id="5174242010" lat="50.2295155" lon="30.6376525"/>
  <node id="5174247339" lat="50.2194568" lon="30.6180739"/>
  <node id="5174247348" lat="50.2184039" lon="30.6136103"/>
  <node id="5174250638" lat="50.2232111" lon="30.6124466"/>
  <node id="5174314288" lat="50.2263994" lon="30.6302281"/>
  <node id="5174314289" lat="50.2249958" lon="30.6322665"/>
  <node id="5174314290" lat="50.2244154" lon="30.6298237"/>
  <node id="5174314291" lat="50.2241549" lon="30.6327762"/>
  <node id="5174314292" lat="50.2252051" lon="30.6332000"/>
  <node id="5174314293" lat="50.2254110" lon="30.6341173"/>
  <node id="5174314294" lat="50.2256434" lon="30.6350271"/>
  <node id="5174314296" lat="50.2239421" lon="30.6216986"/>
  <node id="5174314297" lat="50.2236693" lon="30.6205613"/>
  <node id="5174314298" lat="50.2240314" lon="30.6220205"/>
  <node id="5174314299" lat="50.2244158" lon="30.6231578"/>
  <node id="5174314300" lat="50.2249237" lon="30.6247349"/>
  <node id="5174314301" lat="50.2246903" lon="30.6240375"/>
  <node id="5174314303" lat="50.2237087" lon="30.6209262"/>
  <node id="5174314304" lat="50.2253836" lon="30.6262262"/>
  <node id="5174314305" lat="50.2259945" lon="30.6282861"/>
  <node id="5174315498" lat="50.2267152" lon="30.6385429"/>
  <node id="5174315499" lat="50.2268319" lon="30.6379957"/>
  <node id="5174315500" lat="50.2256719" lon="30.6420727"/>
  <node id="5174315501" lat="50.2272231" lon="30.6367619"/>
  <node id="5174315502" lat="50.2273947" lon="30.6358500"/>
  <node id="5174315503" lat="50.2258984" lon="30.6403668"/>
  <node id="5174315504" lat="50.2277036" lon="30.6344767"/>
  <node id="5174315505" lat="50.2261145" lon="30.6396577"/>
  <node id="5174315506" lat="50.2251747" lon="30.6411757"/>
  <node id="5174315507" lat="50.2258709" lon="30.6409033"/>
  <node id="5174315508" lat="50.2259807" lon="30.6412466"/>
  <node id="5174315509" lat="50.2260013" lon="30.6394468"/>
  <node id="5174315510" lat="50.2256719" lon="30.6407745"/>
  <node id="5174315511" lat="50.2255209" lon="30.6408174"/>
  <node id="5174315512" lat="50.2260563" lon="30.6395112"/>
  <node id="5174315513" lat="50.2259807" lon="30.6399591"/>
  <node id="5174315514" lat="50.2253836" lon="30.6409247"/>
  <node id="5174315515" lat="50.2253853" lon="30.6388836"/>
  <node id="5174315516" lat="50.2256341" lon="30.6391759"/>
  <node id="5174315517" lat="50.2255071" lon="30.6390043"/>
  <node id="5174315518" lat="50.2259258" lon="30.6416650"/>
  <node id="5174315519" lat="50.2258074" lon="30.6393047"/>
  <node id="5174315520" lat="50.2261523" lon="30.6395943"/>
  <node id="5174321421" lat="50.2257748" lon="30.6419118"/>
  <node id="5174321422" lat="50.2249889" lon="30.6386100"/>
  <node id="5174321423" lat="50.2253081" lon="30.6387950"/>
  <node id="5174321424" lat="50.2252017" lon="30.6386153"/>
  <node id="5174321425" lat="50.2247830" lon="30.6385725"/>
  <node id="5174321426" lat="50.2265642" lon="30.6389613"/>
  <node id="5174321427" lat="50.2245917" lon="30.6385879"/>
  <node id="5174321428" lat="50.2246886" lon="30.6385644"/>
  <node id="5174323572" lat="50.2269932" lon="30.6392671"/>
  <node id="5174323573" lat="50.2269382" lon="30.6385751"/>
  <node id="5174323574" lat="50.2269657" lon="30.6400342"/>
  <node id="5174323575" lat="50.2268078" lon="30.6413378"/>
  <node id="5174323576" lat="50.2266877" lon="30.6418474"/>
  <node id="5174323577" lat="50.2269211" lon="30.6404634"/>
  <node id="5174323578" lat="50.2262519" lon="30.6401254"/>
  <node id="5174323579" lat="50.2279266" lon="30.6415631"/>
  <node id="5174323580" lat="50.2280560" lon="30.6422583"/>
  <node id="5174323581" lat="50.2276246" lon="30.6408550"/>
  <node id="5174323582" lat="50.2277516" lon="30.6411017"/>
  <node id="5174323583" lat="50.2265820" lon="30.6422052"/>
  <node id="5174323584" lat="50.2265710" lon="30.6403239"/>
  <node id="5174323585" lat="50.2268209" lon="30.6380472"/>
  <node id="5174323586" lat="50.2265745" lon="30.6426413"/>
  <node id="5174323587" lat="50.2265058" lon="30.6424643"/>
  <node id="5174323588" lat="50.2266980" lon="30.6427701"/>
  <node id="5174323589" lat="50.2267730" lon="30.6433543"/>
  <node id="5174323590" lat="50.2267461" lon="30.6429686"/>
  <node id="5174323591" lat="50.2272094" lon="30.6405760"/>
  <node id="5174323592" lat="50.2274496" lon="30.6406940"/>
  <node id="5174346826" lat="50.2284963" lon="30.6409086"/>
  <node id="5174346827" lat="50.2292993" lon="30.6406243"/>
  <node id="5174346828" lat="50.2294606" lon="30.6402810"/>
  <node id="5174346829" lat="50.2297729" lon="30.6402381"/>
  <node id="5174346830" lat="50.2286988" lon="30.6410427"/>
  <node id="5174346831" lat="50.2271682" lon="30.6423087"/>
  <node id="5174346832" lat="50.2301686" lon="30.6402781"/>
  <node id="5174346833" lat="50.2268868" lon="30.6423087"/>
  <node id="5174346834" lat="50.2274565" lon="30.6420512"/>
  <node id="5174346835" lat="50.2283865" lon="30.6409301"/>
  <node id="5174346836" lat="50.2282012" lon="30.6412519"/>
  <node id="5174346837" lat="50.2290042" lon="30.6408067"/>
  <node id="5174346838" lat="50.2285581" lon="30.6409354"/>
  <node id="5174348932" lat="50.2268578" lon="30.6064345"/>
  <node id="5174348935" lat="50.2234342" lon="30.5922158"/>
  <node id="5174360909" lat="50.2302293" lon="30.6298955"/>
  <node id="5174360910" lat="50.2302705" lon="30.6284793"/>
  <node id="5174360911" lat="50.2304283" lon="30.6277175"/>
  <node id="5174360912" lat="50.2303460" lon="30.6280501"/>
  <node id="5174360913" lat="50.2303048" lon="30.6305285"/>
  <node id="5174360914" lat="50.2303666" lon="30.6308611"/>
  <node id="5174360915" lat="50.2303940" lon="30.6314619"/>
  <node id="5174360916" lat="50.2305038" lon="30.6320842"/>
  <node id="5174360917" lat="50.2289527" lon="30.6310542"/>
  <node id="5174360919" lat="50.2316637" lon="30.6263013"/>
  <node id="5174360920" lat="50.2295319" lon="30.6331997"/>
  <node id="5174361421" lat="50.2273329" lon="30.6240161"/>
  <node id="5174361422" lat="50.2315676" lon="30.6266446"/>
  <node id="5174361423" lat="50.2314029" lon="30.6268270"/>
  <node id="5174361424" lat="50.2285684" lon="30.6292732"/>
  <node id="5174361425" lat="50.2276967" lon="30.6258185"/>
  <node id="5174361427" lat="50.2311421" lon="30.6266983"/>
  <node id="5174361428" lat="50.2312313" lon="30.6268056"/>
  <node id="5174361429" lat="50.2317641" lon="30.6261766"/>
  <node id="5174361430" lat="50.2307921" lon="30.6268270"/>
  <node id="5174361431" lat="50.2309499" lon="30.6266339"/>
  <node id="5174361433" lat="50.2306960" lon="30.6270094"/>
  <node id="5174361434" lat="50.2306617" lon="30.6272776"/>
  <node id="5174468878" lat="50.2344363" lon="30.6240912"/>
  <node id="5174468879" lat="50.2346079" lon="30.6232329"/>
  <node id="5174468882" lat="50.2351775" lon="30.6209262"/>
  <node id="5174468883" lat="50.2348961" lon="30.6219561"/>
  <node id="5174468884" lat="50.2354531" lon="30.6200886"/>
  <node id="5174468885" lat="50.2339559" lon="30.6261082"/>
  <node id="5174468888" lat="50.2302746" lon="30.5990022"/>
  <node id="5174468892" lat="50.2359995" lon="30.6292900"/>
  <node id="5174468897" lat="50.2364745" lon="30.6315370"/>
  <node id="5174471430" lat="50.2335397" lon="30.5909250"/>
  <node id="5174471432" lat="50.2343814" lon="30.5947156"/>
  <node id="5790245992" lat="50.2613739" lon="30.6138807"/>
  <node id="5790245996" lat="50.2601279" lon="30.6146384"/>
  <node id="5790246008" lat="50.2768087" lon="30.6047074"/>
  <node id="6093744544" lat="50.2356384" lon="30.6370690">
    <tag k="crossing" v="marked"/>
    <tag k="crossing:markings" v="yes"/>
    <tag k="highway" v="crossing"/>
  </node>
  <node id="6155727389" lat="50.2473359" lon="30.6261337"/>
  <node id="6536597088" lat="50.2440425" lon="30.6338597"/>
  <node id="6536597089" lat="50.2443240" lon="30.6335208"/>
  <node id="6536597090" lat="50.2447192" lon="30.6329728"/>
  <node id="6536597091" lat="50.2449114" lon="30.6325155"/>
  <node id="6536597093" lat="50.2452763" lon="30.6316534"/>
  <node id="6536597094" lat="50.2455154" lon="30.6320417"/>
  <node id="6536597096" lat="50.2446624" lon="30.6344466"/>
  <node id="6536597097" lat="50.2451608" lon="30.6340439"/>
  <node id="6536597098" lat="50.2450915" lon="30.6338483"/>
  <node id="6536597100" lat="50.2448560" lon="30.6349760"/>
  <node id="6536597101" lat="50.2441722" lon="30.6348290"/>
  <node id="6536597102" lat="50.2458166" lon="30.6343813"/>
  <node id="6536597103" lat="50.2452582" lon="30.6329060"/>
  <node id="6536597109" lat="50.2447319" lon="30.6346366"/>
  <node id="6536597110" lat="50.2456329" lon="30.6339025"/>
  <node id="6859673704" lat="50.2159384" lon="30.6037742"/>
  <node id="6859673705" lat="50.2167056" lon="30.6068252"/>
  <node id="6859673706" lat="50.2163503" lon="30.6054318"/>
  <node id="6859673707" lat="50.2154492" lon="30.6019382"/>
  <node id="6859673708" lat="50.2172145" lon="30.6088503"/>
  <node id="6859673709" lat="50.2172514" lon="30.6090555"/>
  <node id="6859673710" lat="50.2173277" lon="30.6094135"/>
  <node id="6859673711" lat="50.2185240" lon="30.6140819"/>
  <node id="6859673712" lat="50.2187119" lon="30.6151910"/>
  <node id="6859673713" lat="50.2189307" lon="30.6158911"/>
  <node id="6859673714" lat="50.2198515" lon="30.6197105"/>
  <node id="6859673715" lat="50.2197159" lon="30.6191285"/>
  <node id="6859673716" lat="50.2202805" lon="30.6213815"/>
  <node id="6859673717" lat="50.2200145" lon="30.6202765"/>
  <node id="6859673718" lat="50.2226694" lon="30.6309704"/>
  <node id="6859673719" lat="50.2226608" lon="30.6310563"/>
  <node id="6859673720" lat="50.2226737" lon="30.6311538"/>
  <node id="6859673721" lat="50.2228132" lon="30.6317402"/>
  <node id="6859673722" lat="50.2233034" lon="30.6335536"/>
  <node id="6859673723" lat="50.2245570" lon="30.6384203"/>
  <node id="6859673724" lat="50.2243820" lon="30.6378677"/>
  <node id="6859673725" lat="50.2246892" lon="30.6390345"/>
  <node id="6859673726" lat="50.2251576" lon="30.6385893"/>
  <node id="6859673727" lat="50.2252332" lon="30.6386778"/>
  <node id="6859673728" lat="50.2257479" lon="30.6392705"/>
  <node id="6859673729" lat="50.2259213" lon="30.6394127"/>
  <node id="6859673730" lat="50.2248333" lon="30.6396058"/>
  <node id="6859673731" lat="50.2251062" lon="30.6408799"/>
  <node id="6859673732" lat="50.2250753" lon="30.6406251"/>
  <node id="6859673733" lat="50.2249466" lon="30.6401449"/>
  <node id="6859683402" lat="50.2037097" lon="30.5951321"/>
  <node id="6859683403" lat="50.2041732" lon="30.5949846"/>
  <node id="6859683404" lat="50.2055517" lon="30.5947378"/>
  <node id="6859683405" lat="50.2056015" lon="30.5946895"/>
  <node id="6859683406" lat="50.2065543" lon="30.5944481"/>
  <node id="6859683407" lat="50.2074744" lon="30.5942577"/>
  <node id="6859683408" lat="50.2081919" lon="30.5941048"/>
  <node id="6859683409" lat="50.2090829" lon="30.5940083"/>
  <node id="6859683410" lat="50.2132437" lon="30.5933377"/>
  <node id="6859683411" lat="50.2131269" lon="30.5932304"/>
  <node id="6859683412" lat="50.2131973" lon="30.5932617"/>
  <node id="6859683413" lat="50.2123013" lon="30.5933511"/>
  <node id="6859683414" lat="50.2118962" lon="30.5934423"/>
  <node id="6859683415" lat="50.2117400" lon="30.5935067"/>
  <node id="6859683416" lat="50.2113753" lon="30.5936100"/>
  <node id="6859683417" lat="50.2104673" lon="30.5937628"/>
  <node id="6859683418" lat="50.2099437" lon="30.5938460"/>
  <node id="6859683422" lat="50.2135518" lon="30.5943288"/>
  <node id="6859683423" lat="50.2134136" lon="30.5938379"/>
  <node id="6859683424" lat="50.2133415" lon="30.5936234"/>
  <node id="6859683425" lat="50.2135981" lon="30.5946104"/>
  <node id="6859683426" lat="50.2136796" lon="30.5949698"/>
  <node id="6859683427" lat="50.2138221" lon="30.5956618"/>
  <node id="6859683428" lat="50.2138968" lon="30.5959542"/>
  <node id="6859683429" lat="50.2142272" lon="30.5971840"/>
  <node id="6859683430" lat="50.2150922" lon="30.6006508"/>
  <node id="6859683431" lat="50.2144778" lon="30.5983172"/>
  <node id="6859694645" lat="50.2253619" lon="30.6415531"/>
  <node id="6859694646" lat="50.2252503" lon="30.6413466"/>
  <node id="6859694647" lat="50.2255643" lon="30.6424758"/>
  <node id="6859694648" lat="50.2253481" lon="30.6430042"/>
  <node id="6942932287" lat="50.2736037" lon="30.6065683"/>
  <node id="7127088743" lat="50.3069534" lon="30.6346650"/>
  <node id="7127088750" lat="50.3070213" lon="30.6341422"/>
  <node id="7127088751" lat="50.3067198" lon="30.6350890"/>
  <node id="7127088752" lat="50.3063097" lon="30.6352657"/>
  <node id="7127088753" lat="50.3063506" lon="30.6353880"/>
  <node id="7127088754" lat="50.3056894" lon="30.6357716"/>
  <node id="7127088755" lat="50.3057157" lon="30.6359067"/>
  <node id="7127088756" lat="50.3058230" lon="30.6359661"/>
  <node id="7127088757" lat="50.3057527" lon="30.6360224"/>
  <node id="7127088758" lat="50.3056679" lon="30.6360278"/>
  <node id="7127088759" lat="50.3045337" lon="30.6368022"/>
  <node id="7127088760" lat="50.3045899" lon="30.6367774"/>
  <node id="7127088762" lat="50.3049476" lon="30.6365105"/>
  <node id="7127088763" lat="50.3048737" lon="30.6365977"/>
  <node id="7127088764" lat="50.3047940" lon="30.6366748"/>
  <node id="7127088765" lat="50.3046778" lon="30.6367292"/>
  <node id="7127088766" lat="50.3048337" lon="30.6365126"/>
  <node id="7127088767" lat="50.3040953" lon="30.6363966"/>
  <node id="7127088768" lat="50.3040312" lon="30.6366534"/>
  <node id="7127088769" lat="50.3040602" lon="30.6365226"/>
  <node id="7127088770" lat="50.3040552" lon="30.6367326"/>
  <node id="7127088771" lat="50.3040739" lon="30.6370255"/>
  <node id="7127088772" lat="50.3041245" lon="30.6371363"/>
  <node id="7127088774" lat="50.3041936" lon="30.6370785"/>
  <node id="7127088775" lat="50.3041426" lon="30.6366078"/>
  <node id="7127088776" lat="50.3041373" lon="30.6364770"/>
  <node id="7127088777" lat="50.3042172" lon="30.6362858"/>
  <node id="7127088778" lat="50.3044242" lon="30.6363342"/>
  <node id="7127088779" lat="50.3041133" lon="30.6356066"/>
  <node id="7127088780" lat="50.3043540" lon="30.6361485"/>
  <node id="7127088782" lat="50.3047626" lon="30.6365307"/>
  <node id="7127088783" lat="50.3046700" lon="30.6365025"/>
  <node id="7127088784" lat="50.3045955" lon="30.6364301"/>
  <node id="7127116285" lat="50.3044919" lon="30.6363154"/>
  <node id="7127116286" lat="50.3044748" lon="30.6362651"/>
  <node id="7127116287" lat="50.3044276" lon="30.6360050"/>
  <node id="7127116288" lat="50.3043831" lon="30.6358708"/>
  <node id="7127116289" lat="50.3043409" lon="30.6357940"/>
  <node id="7127116290" lat="50.3042992" lon="30.6357347"/>
  <node id="7127116308" lat="50.3060842" lon="30.6353773"/>
  <node id="7127116309" lat="50.3060448" lon="30.6351976"/>
  <node id="7127116310" lat="50.3059763" lon="30.6350219"/>
  <node id="7127116311" lat="50.3068200" lon="30.6345190"/>
  <node id="7127116312" lat="50.3061750" lon="30.6337184"/>
  <node id="7127116313" lat="50.3062718" lon="30.6337003"/>
  <node id="7127116314" lat="50.3063592" lon="30.6334515"/>
  <node id="7127116315" lat="50.3063283" lon="30.6334944"/>
  <node id="7127116316" lat="50.3063335" lon="30.6335534"/>
  <node id="7127116317" lat="50.3063163" lon="30.6335883"/>
  <node id="7127116318" lat="50.3063241" lon="30.6337734"/>
  <node id="7127116319" lat="50.3064063" lon="30.6342790"/>
  <node id="7127116320" lat="50.3064971" lon="30.6344667"/>
  <node id="7127116321" lat="50.3065990" lon="30.6345217"/>
  <node id="7127116322" lat="50.3061647" lon="30.6341395"/>
  <node id="7127116323" lat="50.3062076" lon="30.6341971"/>
  <node id="7127116324" lat="50.3062187" lon="30.6343125"/>
  <node id="7127116325" lat="50.3062093" lon="30.6343795"/>
  <node id="7127116326" lat="50.3057236" lon="30.6335762"/>
  <node id="7127116327" lat="50.3057639" lon="30.6336862"/>
  <node id="7127116328" lat="50.3059086" lon="30.6337626"/>
  <node id="7127116329" lat="50.3059258" lon="30.6339464"/>
  <node id="7127116330" lat="50.3059754" lon="30.6341261"/>
  <node id="7127116331" lat="50.3060500" lon="30.6342937"/>
  <node id="7127116332" lat="50.3060825" lon="30.6343219"/>
  <node id="7127116333" lat="50.3060911" lon="30.6345271"/>
  <node id="7127116334" lat="50.3060782" lon="30.6345941"/>
  <node id="7127116358" lat="50.3061243" lon="30.6350135"/>
  <node id="7127116359" lat="50.3061553" lon="30.6349160"/>
  <node id="7127116360" lat="50.3062238" lon="30.6349240"/>
  <node id="7127116361" lat="50.3061799" lon="30.6355065"/>
  <node id="7127116362" lat="50.3061579" lon="30.6352003"/>
  <node id="7127116363" lat="50.3061279" lon="30.6350474"/>
  <node id="7127116364" lat="50.3059549" lon="30.6357181"/>
  <node id="7127116365" lat="50.3058752" lon="30.6354068"/>
  <node id="7127116366" lat="50.3058281" lon="30.6356603"/>
  <node id="7127116367" lat="50.3059266" lon="30.6357864"/>
  <node id="7127116368" lat="50.3054675" lon="30.6351399"/>
  <node id="7127116369" lat="50.3056054" lon="30.6353317"/>
  <node id="7127116370" lat="50.3057253" lon="30.6354041"/>
  <node id="7127116371" lat="50.3057399" lon="30.6354457"/>
  <node id="7127116372" lat="50.3058350" lon="30.6355315"/>
  <node id="7127116373" lat="50.3059812" lon="30.6356547"/>
  <node id="7127116374" lat="50.3066710" lon="30.6344768"/>
  <node id="7127116375" lat="50.3062847" lon="30.6345988"/>
  <node id="7127116376" lat="50.3063198" lon="30.6347068"/>
  <node id="7127116377" lat="50.3063570" lon="30.6347571"/>
  <node id="7127116378" lat="50.3063802" lon="30.6348275"/>
  <node id="7127116379" lat="50.3059497" lon="30.6347725"/>
  <node id="7127116380" lat="50.3060251" lon="30.6347926"/>
  <node id="7127116381" lat="50.3060731" lon="30.6348543"/>
  <node id="7127116382" lat="50.3061065" lon="30.6348462"/>
  <node id="7127116383" lat="50.3062710" lon="30.6348972"/>
  <node id="7127116384" lat="50.3065602" lon="30.6352314"/>
  <node id="7127116385" lat="50.3065266" lon="30.6351118"/>
  <node id="7127116386" lat="50.3066975" lon="30.6350695"/>
  <node id="7127116387" lat="50.3066457" lon="30.6350923"/>
  <node id="7127116388" lat="50.3066024" lon="30.6350897"/>
  <node id="7127116389" lat="50.3065361" lon="30.6351560"/>
  <node id="7127116390" lat="50.3063892" lon="30.6348945"/>
  <node id="7127116391" lat="50.3064453" lon="30.6349844"/>
  <node id="7127116392" lat="50.3064817" lon="30.6350903"/>
  <node id="7127116393" lat="50.3064417" lon="30.6351590"/>
  <node id="7127116394" lat="50.3061549" lon="30.6353237"/>
  <node id="7127116395" lat="50.3063112" lon="30.6349448"/>
  <node id="7127116396" lat="50.3064620" lon="30.6351922"/>
  <node id="7127116397" lat="50.3064979" lon="30.6352714"/>
  <node id="7127116398" lat="50.3062163" lon="30.6354848"/>
  <node id="7127116399" lat="50.3060825" lon="30.6355302"/>
  <node id="7127116400" lat="50.3058341" lon="30.6358829"/>
  <node id="7127116401" lat="50.3055806" lon="30.6358547"/>
  <node id="7127116402" lat="50.3055061" lon="30.6357019"/>
  <node id="7127116403" lat="50.3073613" lon="30.6342005"/>
  <node id="7127116404" lat="50.3073232" lon="30.6342146"/>
  <node id="7127116405" lat="50.3072470" lon="30.6342072"/>
  <node id="7127116406" lat="50.3083148" lon="30.6331050"/>
  <node id="7127116407" lat="50.3073104" lon="30.6343842"/>
  <node id="7127116408" lat="50.3069762" lon="30.6348298"/>
  <node id="7127116409" lat="50.3072590" lon="30.6344359"/>
  <node id="7127116410" lat="50.3071703" lon="30.6342843"/>
  <node id="7127116411" lat="50.3071665" lon="30.6341482"/>
  <node id="7127116412" lat="50.3068002" lon="30.6350014"/>
  <node id="7127116413" lat="50.3067236" lon="30.6347618"/>
  <node id="7127116414" lat="50.3066650" lon="30.6346471"/>
  <node id="7127116415" lat="50.3069129" lon="30.6340174"/>
  <node id="7127116416" lat="50.3069283" lon="30.6340899"/>
  <node id="7127116417" lat="50.3069862" lon="30.6345666"/>
  <node id="7127116418" lat="50.3069772" lon="30.6344466"/>
  <node id="7127116419" lat="50.3069480" lon="30.6343339"/>
  <node id="7127116421" lat="50.3069596" lon="30.6347651"/>
  <node id="7127116422" lat="50.3069390" lon="30.6345425"/>
  <node id="7127116423" lat="50.3069181" lon="30.6345049"/>
  <node id="7127116424" lat="50.3068996" lon="30.6343038"/>
  <node id="7127116425" lat="50.3069253" lon="30.6342756"/>
  <node id="7127116426" lat="50.3069318" lon="30.6341898"/>
  <node id="7325451482" lat="50.2923244" lon="30.6211710"/>
  <node id="7325451483" lat="50.2900398" lon="30.6325525"/>
  <node id="7325458440" lat="50.2912075" lon="30.6220228"/>
  <node id="7325458479" lat="50.2915914" lon="30.6217009"/>
  <node id="7325458516" lat="50.2920301" lon="30.6212933"/>
  <node id="7325458579" lat="50.2891511" lon="30.6288893"/>
  <node id="7325458617" lat="50.2891511" lon="30.6282241"/>
  <node id="7325458655" lat="50.2894253" lon="30.6267435"/>
  <node id="7325458695" lat="50.2896447" lon="30.6250269"/>
  <node id="7325458737" lat="50.2898092" lon="30.6236751"/>
  <node id="7325458756" lat="50.2902068" lon="30.6229669"/>
  <node id="7325458779" lat="50.2898777" lon="30.6231601"/>
  <node id="7325458797" lat="50.2907003" lon="30.6224949"/>
  <node id="7401833756" lat="50.2180718" lon="30.5936648"/>
  <node id="7401833757" lat="50.2175011" lon="30.5940046"/>
  <node id="7401833758" lat="50.2170029" lon="30.5940470"/>
  <node id="7401833759" lat="50.2167130" lon="30.5937498"/>
  <node id="7401833760" lat="50.2162691" lon="30.5940046"/>
  <node id="7401833761" lat="50.2159340" lon="30.5947266"/>
  <node id="7401833762" lat="50.2155535" lon="30.5953212"/>
  <node id="7401833763" lat="50.2152817" lon="30.5953778"/>
  <node id="7401833764" lat="50.2151187" lon="30.5953636"/>
  <node id="7401833765" lat="50.2148378" lon="30.5956326"/>
  <node id="7401833766" lat="50.2146929" lon="30.5956892"/>
  <node id="7401833767" lat="50.2144483" lon="30.5956185"/>
  <node id="7401833768" lat="50.2141856" lon="30.5957459"/>
  <node id="7401833774" lat="50.2148858" lon="30.5955866"/>
  <node id="7401839751" lat="50.2416285" lon="30.6005212"/>
  <node id="7401839755" lat="50.2420798" lon="30.6020938"/>
  <node id="7401839765" lat="50.2376997" lon="30.6084147"/>
  <node id="7401839777" lat="50.2337132" lon="30.6128675"/>
  <node id="7401840688" lat="50.2335431" lon="30.6120115"/>
  <node id="7401840689" lat="50.2334732" lon="30.6117668"/>
  <node id="7401840691" lat="50.2348316" lon="30.6176056"/>
  <node id="7401840694" lat="50.2301224" lon="30.6195451"/>
  <node id="7401840697" lat="50.2279270" lon="30.6107223"/>
  <node id="7438424581" lat="50.2520338" lon="30.6619420">
    <tag k="crossing" v="marked"/>
    <tag k="highway" v="crossing"/>
  </node>
  <node id="7438604435" lat="50.2147313" lon="30.5956742"/>
  <node id="7526577610" lat="50.2370291" lon="30.6439210"/>
  <node id="7613423781" lat="50.2413519" lon="30.6330222">
    <tag k="crossing" v="marked"/>
    <tag k="crossing:island" v="no"/>
    <tag k="highway" v="crossing"/>
  </node>
  <node id="7613423782" lat="50.2458620" lon="30.6299966"/>
  <node id="7613423783" lat="50.2457350" lon="30.6295180"/>
  <node id="7613423784" lat="50.2460848" lon="30.6292321"/>
  <node id="7613423890" lat="50.2522432" lon="30.6252634"/>
  <node id="7613423892" lat="50.2459325" lon="30.6297980"/>
  <node id="7613423893" lat="50.2413798" lon="30.6331519"/>
  <node id="7613423894" lat="50.2412872" lon="30.6327914"/>
  <node id="7930784424" lat="50.2453406" lon="30.6315235">
    <tag k="access" v="private"/>
    <tag k="barrier" v="gate"/>
  </node>
  <node id="7930784430" lat="50.2455514" lon="30.6310977">
    <tag k="access" v="private"/>
    <tag k="barrier" v="gate"/>
  </node>
  <node id="7930784434" lat="50.2455806" lon="30.6310387"/>
  <node id="7930784438" lat="50.2453271" lon="30.6302202"/>
  <node id="7980970299" lat="50.3084904" lon="30.6254807"/>
  <node id="7980970300" lat="50.3084077" lon="30.6255031"/>
  <node id="7980970301" lat="50.3083002" lon="30.6255174"/>
  <node id="7980970302" lat="50.3081897" lon="30.6255675"/>
  <node id="7980970303" lat="50.3080763" lon="30.6256859"/>
  <node id="7980970304" lat="50.3080181" lon="30.6257269"/>
  <node id="7980970305" lat="50.3079309" lon="30.6257861"/>
  <node id="7980970306" lat="50.3078436" lon="30.6258772"/>
  <node id="7980970307" lat="50.3077302" lon="30.6259591"/>
  <node id="7980970308" lat="50.3076924" lon="30.6260502"/>
  <node id="7980970309" lat="50.3076138" lon="30.6262369"/>
  <node id="7980970310" lat="50.3075266" lon="30.6263098"/>
  <node id="7980970311" lat="50.3074641" lon="30.6263892"/>
  <node id="7980970312" lat="50.3074161" lon="30.6266969"/>
  <node id="7980970313" lat="50.3074102" lon="30.6270749"/>
  <node id="7980970314" lat="50.3074655" lon="30.6274574"/>
  <node id="7980970315" lat="50.3074655" lon="30.6280403"/>
  <node id="7980970316" lat="50.3074645" lon="30.6283362"/>
  <node id="8007987062" lat="50.2159694" lon="30.6414888"/>
  <node id="8231033216" lat="50.2849063" lon="30.6354561"/>
  <node id="8231039517" lat="50.2847190" lon="30.6354478"/>
  <node id="8371951938" lat="50.2588409" lon="30.6508120"/>
  <node id="8371951939" lat="50.2589492" lon="30.6505622"/>
  <node id="8691305303" lat="50.2906355" lon="30.6348556"/>
  <node id="8729290394" lat="50.2593342" lon="30.6202190">
    <tag k="direction" v="backward"/>
    <tag k="highway" v="speed_camera"/>
    <tag k="mapillary" v="359350705607650"/>
    <tag k="maxspeed" v="50"/>
    <tag k="name" v="ККШ &quot;Р-01 9+994&quot;"/>
    <tag k="name:uk" v="ККШ &quot;Р-01 9+994&quot;"/>
    <tag k="ref" v="КАСКАД 090-1120"/>
  </node>
  <node id="8730787780" lat="50.3417783" lon="30.6360828"/>
  <node id="8781077912" lat="50.2905095" lon="30.6329281"/>
  <node id="8909821479" lat="50.3379054" lon="30.6371493"/>
  <node id="8909821480" lat="50.3382312" lon="30.6409521"/>
  <node id="8909821481" lat="50.3383009" lon="30.6419616"/>
  <node id="8909821482" lat="50.3385883" lon="30.6338388"/>
  <node id="8909821483" lat="50.3393741" lon="30.6402128"/>
  <node id="8909821484" lat="50.3387413" lon="30.6350802"/>
  <node id="8909821485" lat="50.3376030" lon="30.6351715"/>
  <node id="8909821486" lat="50.3388718" lon="30.6361384"/>
  <node id="8909821487" lat="50.3377783" lon="30.6362781"/>
  <node id="8909821488" lat="50.3389689" lon="30.6369261"/>
  <node id="8909821489" lat="50.3391191" lon="30.6381450"/>
  <node id="8909821490" lat="50.3380329" lon="30.6383131"/>
  <node id="9362714269" lat="50.2459678" lon="30.6327701"/>
  <node id="9362714270" lat="50.2465414" lon="30.6342016"/>
  <node id="9362714272" lat="50.2472635" lon="30.6360093"/>
  <node id="9547881996" lat="50.2375169" lon="30.6440778"/>
  <node id="9547881997" lat="50.2376963" lon="30.6440361"/>
  <node id="9581629746" lat="50.3392600" lon="30.6392881"/>
  <node id="9581629747" lat="50.3381222" lon="30.6395024"/>
  <node id="9581629748" lat="50.3375296" lon="30.6395845"/>
  <node id="9581629750" lat="50.3379797" lon="30.6338925"/>
  <node id="9581629751" lat="50.3374930" lon="30.6339107"/>
  <node id="9581629752" lat="50.3373916" lon="30.6339632"/>
  <node id="9581629753" lat="50.3394906" lon="30.6338394"/>
  <node id="9581630538" lat="50.3403861" lon="30.6372798"/>
  <node id="9707805072" lat="50.2411866" lon="30.6331388"/>
  <node id="9707805073" lat="50.2411824" lon="30.6335457"/>
  <node id="9707805074" lat="50.2411391" lon="30.6338696"/>
  <node id="9707805075" lat="50.2407954" lon="30.6344924"/>
  <node id="9707805076" lat="50.2405815" lon="30.6346988"/>
  <node id="9707805077" lat="50.2406657" lon="30.6350476"/>
  <node id="9707805078" lat="50.2409024" lon="30.6357202"/>
  <node id="9707805079" lat="50.2410777" lon="30.6353750"/>
  <node id="9707805080" lat="50.2408522" lon="30.6355776"/>
  <node id="9707805081" lat="50.2403425" lon="30.6349515"/>
  <node id="9707805082" lat="50.2400813" lon="30.6358234"/>
  <node id="9707805083" lat="50.2396989" lon="30.6370094"/>
  <node id="9707805084" lat="50.2394354" lon="30.6378611"/>
  <node id="9707805086" lat="50.2390042" lon="30.6386457"/>
  <node id="9707805087" lat="50.2385673" lon="30.6393650"/>
  <node id="9707805088" lat="50.2383713" lon="30.6396848"/>
  <node id="9707805089" lat="50.2383872" lon="30.6399197"/>
  <node id="9707805090" lat="50.2386513" lon="30.6397382"/>
  <node id="9707805091" lat="50.2388288" lon="30.6396705"/>
  <node id="9707805092" lat="50.2392476" lon="30.6394606"/>
  <node id="9707805093" lat="50.2401424" lon="30.6389515"/>
  <node id="9707805094" lat="50.2413417" lon="30.6383039"/>
  <node id="9707836914" lat="50.2455846" lon="30.6308450"/>
  <node id="9707836915" lat="50.2457378" lon="30.6308449"/>
  <node id="9707836916" lat="50.2459306" lon="30.6310682"/>
  <node id="9707836917" lat="50.2461791" lon="30.6317641"/>
  <node id="9707836918" lat="50.2459665" lon="30.6325357"/>
  <node id="9707988902" lat="50.2539202" lon="30.6263100"/>
  <node id="9708058506" lat="50.2412968" lon="30.6360214"/>
  <node id="9708058507" lat="50.2416740" lon="30.6356865"/>
  <node id="9708058508" lat="50.2417404" lon="30.6357161"/>
  <node id="9708058509" lat="50.2419015" lon="30.6361577"/>
  <node id="9708058510" lat="50.2419603" lon="30.6361844"/>
  <node id="9708058511" lat="50.2420342" lon="30.6361607"/>
  <node id="9708108462" lat="50.2457448" lon="30.6314957"/>
  <node id="9708108495" lat="50.2513222" lon="30.6307738"/>
  <node id="9708108496" lat="50.2513255" lon="30.6309024"/>
  <node id="9708108497" lat="50.2507052" lon="30.6318236"/>
  <node id="9708108498" lat="50.2506378" lon="30.6319033"/>
  <node id="9708108499" lat="50.2505407" lon="30.6319548"/>
  <node id="9708108500" lat="50.2503811" lon="30.6319548"/>
  <node id="9708108501" lat="50.2502610" lon="30.6319291"/>
  <node id="9708108502" lat="50.2511956" lon="30.6310953"/>
  <node id="9708108503" lat="50.2510474" lon="30.6308844"/>
  <node id="9708108504" lat="50.2510524" lon="30.6308150"/>
  <node id="9708108505" lat="50.2509833" lon="30.6306554"/>
  <node id="9708108506" lat="50.2508220" lon="30.6308047"/>
  <node id="9708108507" lat="50.2506004" lon="30.6302425"/>
  <node id="9708108508" lat="50.2501897" lon="30.6314598"/>
  <node id="9708108509" lat="50.2501531" lon="30.6313722"/>
  <node id="9708108510" lat="50.2501478" lon="30.6312190"/>
  <node id="9708108511" lat="50.2501984" lon="30.6310978"/>
  <node id="9708108512" lat="50.2502974" lon="30.6310002"/>
  <node id="9708108513" lat="50.2503695" lon="30.6309699"/>
  <node id="9708108514" lat="50.2504589" lon="30.6309918"/>
  <node id="9708108515" lat="50.2505277" lon="30.6309530"/>
  <node id="9708108516" lat="50.2505923" lon="30.6308655"/>
  <node id="9708108517" lat="50.2507809" lon="30.6307037"/>
  <node id="9708108536" lat="50.2488444" lon="30.6277614"/>
  <node id="9708108537" lat="50.2495775" lon="30.6307677"/>
  <node id="9708108538" lat="50.2496741" lon="30.6310220"/>
  <node id="9708108539" lat="50.2498080" lon="30.6311248"/>
  <node id="9708108540" lat="50.2499432" lon="30.6310705"/>
  <node id="9708108541" lat="50.2501242" lon="30.6308320"/>
  <node id="9708108542" lat="50.2478185" lon="30.6284789"/>
  <node id="9708108543" lat="50.2479908" lon="30.6294151"/>
  <node id="9708108544" lat="50.2486467" lon="30.6318740"/>
  <node id="9708108545" lat="50.2490641" lon="30.6317302"/>
  <node id="9708108546" lat="50.2494185" lon="30.6314753"/>
  <node id="9708108547" lat="50.2495322" lon="30.6313924"/>
  <node id="9708108548" lat="50.2497861" lon="30.6320058"/>
  <node id="9708108549" lat="50.2494071" lon="30.6322548"/>
  <node id="9708108550" lat="50.2486888" lon="30.6324889"/>
  <node id="9708108551" lat="50.2486737" lon="30.6326105"/>
  <node id="9708108552" lat="50.2485797" lon="30.6327296"/>
  <node id="10969601735" lat="50.2527121" lon="30.6608481"/>
  <node id="11013529775" lat="50.2405566" lon="30.6407379"/>
  <node id="11013529776" lat="50.2402571" lon="30.6424263"/>
  <node id="11013529777" lat="50.2401468" lon="30.6427776"/>
  <node id="11013529778" lat="50.2400758" lon="30.6436403"/>
  <node id="11013529779" lat="50.2397093" lon="30.6444352"/>
  <node id="11013529780" lat="50.2394058" lon="30.6450452"/>
  <node id="11013529781" lat="50.2390551" lon="30.6451376"/>
  <node id="11013529782" lat="50.2395911" lon="30.6450391"/>
  <node id="11013529783" lat="50.2399142" lon="30.6447063"/>
  <node id="11013529784" lat="50.2404069" lon="30.6438621"/>
  <node id="11013529855" lat="50.2382059" lon="30.6396046"/>
  <node id="11013529856" lat="50.2379563" lon="30.6395924"/>
  <node id="11013529857" lat="50.2376832" lon="30.6397022"/>
  <node id="11013529858" lat="50.2374128" lon="30.6401616"/>
  <node id="11013529859" lat="50.2371918" lon="30.6403039"/>
  <node id="11013529860" lat="50.2367601" lon="30.6404177"/>
  <node id="11013529861" lat="50.2365807" lon="30.6406413"/>
  <node id="11013529862" lat="50.2364767" lon="30.6410398"/>
  <node id="11013529863" lat="50.2356502" lon="30.6417088"/>
  <node id="11013529864" lat="50.2360658" lon="30.6414178"/>
  <node id="11013529865" lat="50.2362843" lon="30.6412837"/>
  <node id="11013529866" lat="50.2366093" lon="30.6410072"/>
  <node id="11013529867" lat="50.2368381" lon="30.6411170"/>
  <node id="11013529868" lat="50.2372230" lon="30.6416740"/>
  <node id="11013529869" lat="50.2375636" lon="30.6429017"/>
  <node id="11013529870" lat="50.2366847" lon="30.6378077"/>
  <node id="11013529871" lat="50.2364923" lon="30.6387590"/>
  <node id="11013529872" lat="50.2365157" lon="30.6392347"/>
  <node id="11013529873" lat="50.2366145" lon="30.6398974"/>
  <node id="11013529874" lat="50.2355859" lon="30.6372583"/>
  <node id="11013529875" lat="50.2355562" lon="30.6374987"/>
  <node id="11013529876" lat="50.2353689" lon="30.6379459"/>
  <node id="11013529877" lat="50.2353247" lon="30.6380923"/>
  <node id="11013529878" lat="50.2353897" lon="30.6383728"/>
  <node id="11013529879" lat="50.2355484" lon="30.6388729"/>
  <node id="11013529880" lat="50.2358214" lon="30.6400722"/>
  <node id="11013529881" lat="50.2358214" lon="30.6403120"/>
  <node id="11013529882" lat="50.2358890" lon="30.6405804"/>
  <node id="11013529883" lat="50.2358006" lon="30.6410357"/>
  <node id="11013529884" lat="50.2356888" lon="30.6411902"/>
  <node id="11013529885" lat="50.2356047" lon="30.6415185"/>
  <node id="11013529921" lat="50.2408528" lon="30.6429084"/>
  <node id="11013529922" lat="50.2409427" lon="30.6422637"/>
  <node id="11013529934" lat="50.2457324" lon="30.6313473"/>
  <node id="11013529935" lat="50.2456146" lon="30.6316647"/>
  <node id="11013529936" lat="50.2463799" lon="30.6306994"/>
  <node id="11013529937" lat="50.2490474" lon="30.6285937"/>
  <node id="11013529938" lat="50.2503879" lon="30.6274210"/>
  <node id="11013529939" lat="50.2521412" lon="30.6260655"/>
  <node id="11013529940" lat="50.2523253" lon="30.6258745"/>
  <node id="11013529941" lat="50.2533698" lon="30.6249860"/>
  <node id="11019849583" lat="50.2358273" lon="30.6369342">
    <tag k="bus" v="yes"/>
    <tag k="name" v="Козин-1"/>
    <tag k="name:uk" v="Козин-1"/>
    <tag k="public_transport" v="stop_position"/>
  </node>
  <node id="11019912323" lat="50.2521603" lon="30.6253252">
    <tag k="bus" v="yes"/>
    <tag k="name" v="Пансіонат &quot;Сокіл&quot;"/>
    <tag k="name:uk" v="Пансіонат &quot;Сокіл&quot;"/>
    <tag k="public_transport" v="stop_position"/>
  </node>
  <node id="11019912324" lat="50.2524075" lon="30.6251452">
    <tag k="bus" v="yes"/>
    <tag k="name" v="Пансіонат &quot;Сокіл&quot;"/>
    <tag k="name:uk" v="Пансіонат &quot;Сокіл&quot;"/>
    <tag k="public_transport" v="stop_position"/>
  </node>
  <node id="11019912325" lat="50.2460964" lon="30.6296834">
    <tag k="bus" v="yes"/>
    <tag k="name" v="Дитячий оздоровчий комплекс &quot;Дружба&quot;"/>
    <tag k="name:uk" v="Дитячий оздоровчий комплекс &quot;Дружба&quot;"/>
    <tag k="public_transport" v="stop_position"/>
  </node>
  <node id="11019912326" lat="50.2412030" lon="30.6331272">
    <tag k="bus" v="yes"/>
    <tag k="name" v="База відпочинку &quot;Сосновий бір&quot;"/>
    <tag k="name:uk" v="База відпочинку &quot;Сосновий бір&quot;"/>
    <tag k="public_transport" v="stop_position"/>
  </node>
  <node id="11019912327" lat="50.2416452" lon="30.6328132">
    <tag k="bus" v="yes"/>
    <tag k="name" v="База відпочинку &quot;Сосновий бір&quot;"/>
    <tag k="name:uk" v="База відпочинку &quot;Сосновий бір&quot;"/>
    <tag k="public_transport" v="stop_position"/>
  </node>
  <node id="11021420896" lat="50.3393478" lon="30.6338220"/>
  <node id="11030185571" lat="50.2963474" lon="30.6253030"/>
  <node id="11030185576" lat="50.2967214" lon="30.6235887"/>
  <node id="11268572127" lat="50.2369168" lon="30.6438987"/>
  <node id="11274649750" lat="50.2528125" lon="30.6352164"/>
  <node id="11274649751" lat="50.2531717" lon="30.6351332"/>
  <node id="11368090069" lat="50.2525603" lon="30.6370282"/>
  <node id="11371143041" lat="50.2897291" lon="30.6354699"/>
  <node id="11371143042" lat="50.2949230" lon="30.6307384"/>
  <node id="11371143043" lat="50.2952160" lon="30.6303388"/>
  <node id="11371143044" lat="50.2952803" lon="30.6301363"/>
  <node id="11392868266" lat="50.2354333" lon="30.6372154"/>
  <node id="11936517066" lat="50.2868087" lon="30.6285778"/>
  <node id="12166245963" lat="50.3408738" lon="30.6369134"/>
  <node id="12291001923" lat="50.2599769" lon="30.6202504"/>
  <node id="12293491936" lat="50.3052456" lon="30.6363291"/>
  <node id="12293491937" lat="50.3050178" lon="30.6364549"/>
  <node id="12293491938" lat="50.3042897" lon="30.6369918"/>
  <node id="12293491939" lat="50.3044323" lon="30.6369017"/>
  <node id="12293491940" lat="50.3042208" lon="30.6358632"/>
  <node id="12293491941" lat="50.3040313" lon="30.6357417"/>
  <node id="12293491942" lat="50.3041493" lon="30.6357745"/>
  <node id="12293491943" lat="50.3042398" lon="30.6356535"/>
  <node id="12293491944" lat="50.3078276" lon="30.6338033"/>
  <node id="12293491945" lat="50.3076029" lon="30.6286482"/>
  <node id="12293491946" lat="50.3075826" lon="30.6290218"/>
  <node id="12293491947" lat="50.3073956" lon="30.6292075"/>
  <node id="12293491948" lat="50.3073544" lon="30.6295024"/>
  <node id="12293491949" lat="50.3074798" lon="30.6300193"/>
  <node id="12293491950" lat="50.3075041" lon="30.6303548"/>
  <node id="12293491951" lat="50.3076517" lon="30.6305490"/>
  <node id="12293491952" lat="50.3077118" lon="30.6306822"/>
  <node id="12293491953" lat="50.3079299" lon="30.6307381"/>
  <node id="12293491954" lat="50.3079466" lon="30.6308193"/>
  <node id="12293491955" lat="50.3079312" lon="30.6309454"/>
  <node id="12293491956" lat="50.3080073" lon="30.6313810"/>
  <node id="12293491957" lat="50.3081533" lon="30.6316541"/>
  <node id="12293491958" lat="50.3082573" lon="30.6318795"/>
  <node id="12293491959" lat="50.3082571" lon="30.6320476"/>
  <node id="12293491960" lat="50.3083238" lon="30.6324351"/>
  <node id="12293491989" lat="50.2967798" lon="30.6233209">
    <tag k="barrier" v="gate"/>
  </node>
  <node id="12453728171" lat="50.3375373" lon="30.6339090"/>
  <way id="31668647">
    <nd ref="354526028"/>
    <nd ref="12291001923"/>
    <nd ref="354523321"/>
    <nd ref="354523322"/>
    <nd ref="354523323"/>
    <nd ref="3541037478"/>
    <nd ref="354523324"/>
    <nd ref="3541037482"/>
    <nd ref="3541037481"/>
    <nd ref="4741707681"/>
    <nd ref="4648701391"/>
    <nd ref="4741707680"/>
    <nd ref="3029069138"/>
    <nd ref="3029069141"/>
    <nd ref="3029069169"/>
    <nd ref="3029069139"/>
    <nd ref="3598141588"/>
    <nd ref="4741707679"/>
    <nd ref="4741707678"/>
    <nd ref="3029069166"/>
    <nd ref="354524247"/>
    <nd ref="4741707677"/>
    <nd ref="354524249"/>
    <nd ref="4242503747"/>
    <nd ref="3029069146"/>
    <nd ref="354524251"/>
    <nd ref="3541037484"/>
    <nd ref="3029069160"/>
    <nd ref="3029069159"/>
    <nd ref="4741707676"/>
    <nd ref="4741707675"/>
    <nd ref="4741707674"/>
    <nd ref="4741707673"/>
    <nd ref="354524106"/>
    <nd ref="3029069144"/>
    <nd ref="3541037475"/>
    <nd ref="4741707671"/>
    <nd ref="4741707670"/>
    <nd ref="4741707669"/>
    <nd ref="354523329"/>
    <nd ref="4741707668"/>
    <nd ref="4741707667"/>
    <nd ref="4741707666"/>
    <nd ref="354523330"/>
    <nd ref="3029069153"/>
    <nd ref="4741713598"/>
    <nd ref="4741713599"/>
    <nd ref="4741713600"/>
    <nd ref="354523331"/>
    <nd ref="3029069156"/>
    <nd ref="3029069157"/>
    <nd ref="354523332"/>
    <nd ref="8371951939"/>
    <nd ref="8371951938"/>
    <nd ref="3029069150"/>
    <nd ref="3029069152"/>
    <nd ref="354523333"/>
    <nd ref="3029069149"/>
    <nd ref="354522982"/>
    <nd ref="3029069148"/>
    <nd ref="354523335"/>
    <nd ref="354523336"/>
    <nd ref="3029069145"/>
    <nd ref="10969601735"/>
    <nd ref="7438424581"/>
    <nd ref="4899747935"/>
    <nd ref="354523167"/>
    <nd ref="4899747938"/>
    <nd ref="354524253"/>
    <nd ref="354523180"/>
    <tag k="highway" v="tertiary"/>
    <tag k="lanes" v="2"/>
    <tag k="name" v="Старокиївська вулиця"/>
    <tag k="name:en" v="Starokyivska Street"/>
    <tag k="name:uk" v="Старокиївська вулиця"/>
    <tag k="oneway" v="no"/>
    <tag k="smoothness" v="good"/>
    <tag k="source" v="gps, personal survey"/>
    <tag k="surface" v="asphalt"/>
  </way>
  <way id="161021663">
    <nd ref="1730271733"/>
    <nd ref="11013529941"/>
    <nd ref="9707988902"/>
    <nd ref="1730271762"/>
    <nd ref="1730271770"/>
    <nd ref="4741686288"/>
    <nd ref="4741686290"/>
    <nd ref="4741686289"/>
    <nd ref="1730271784"/>
    <nd ref="4741686284"/>
    <nd ref="4741686285"/>
    <nd ref="4741686286"/>
    <nd ref="4741686287"/>
    <nd ref="4741686283"/>
    <nd ref="1848385275"/>
    <nd ref="1750707141"/>
    <nd ref="1730271816"/>
    <nd ref="1730271875"/>
    <nd ref="4741671077"/>
    <nd ref="4741671076"/>
    <nd ref="4741671075"/>
    <nd ref="1730271801"/>
    <nd ref="4741671078"/>
    <nd ref="1730271790"/>
    <nd ref="1730271779"/>
    <nd ref="4741671080"/>
    <nd ref="4741671081"/>
    <nd ref="4741671082"/>
    <nd ref="4741671083"/>
    <nd ref="4741671084"/>
    <nd ref="4741671085"/>
    <nd ref="4741671086"/>
    <nd ref="4741671087"/>
    <nd ref="4741671088"/>
    <nd ref="4741671089"/>
    <nd ref="4741671090"/>
    <nd ref="4741671091"/>
    <nd ref="4741671079"/>
    <nd ref="1730271741"/>
    <nd ref="11274649751"/>
    <nd ref="1730271718"/>
    <nd ref="11274649750"/>
    <nd ref="1730271713"/>
    <nd ref="1730271695"/>
    <nd ref="1730271686"/>
    <nd ref="1730271675"/>
    <nd ref="11368090069"/>
    <nd ref="1730271668"/>
    <nd ref="4741662914"/>
    <nd ref="4741662915"/>
    <nd ref="4741662917"/>
    <nd ref="1730271697"/>
    <nd ref="4741662919"/>
    <nd ref="1730271716"/>
    <nd ref="4741662921"/>
    <nd ref="4687137870"/>
    <nd ref="1730271725"/>
    <nd ref="4741662923"/>
    <nd ref="4687137873"/>
    <nd ref="1730271729"/>
    <nd ref="4741662924"/>
    <nd ref="4741662925"/>
    <nd ref="4741662926"/>
    <nd ref="4741662927"/>
    <nd ref="4741662930"/>
    <nd ref="1730271754"/>
    <nd ref="4741662932"/>
    <nd ref="1750707198"/>
    <tag k="highway" v="residential"/>
    <tag k="name" v="Золотоворітська вулиця"/>
    <tag k="name:etymology" v="Золоті ворота"/>
    <tag k="name:etymology:wikidata" v="Q1427503"/>
    <tag k="name:etymology:wikipedia" v="uk:Золоті ворота (Київ)"/>
    <tag k="name:ru" v="Золотоворотская улица"/>
    <tag k="name:uk" v="Золотоворітська вулиця"/>
    <tag k="name:uk-Latn" v="Zolotovoritska vulytsia"/>
    <tag k="wikidata" v="Q4193391"/>
    <tag k="wikipedia" v="uk:Золотоворітська вулиця"/>
  </way>
  <way id="184143787">
    <nd ref="1945917674"/>
    <nd ref="1945917628"/>
    <nd ref="6859683402"/>
    <nd ref="6859683403"/>
    <nd ref="2715487470"/>
    <nd ref="6859683404"/>
    <nd ref="6859683405"/>
    <nd ref="2805511595"/>
    <nd ref="6859683406"/>
    <nd ref="6859683407"/>
    <nd ref="796642404"/>
    <nd ref="6859683408"/>
    <nd ref="6859683409"/>
    <nd ref="2715487472"/>
    <nd ref="6859683418"/>
    <nd ref="6859683417"/>
    <nd ref="6859683416"/>
    <nd ref="6859683415"/>
    <nd ref="6859683414"/>
    <nd ref="6859683413"/>
    <nd ref="6859683411"/>
    <nd ref="6859683412"/>
    <nd ref="6859683410"/>
    <nd ref="6859683424"/>
    <nd ref="6859683423"/>
    <nd ref="2715487475"/>
    <nd ref="6859683422"/>
    <nd ref="6859683425"/>
    <nd ref="6859683426"/>
    <nd ref="2715487476"/>
    <nd ref="6859683427"/>
    <nd ref="6859683428"/>
    <nd ref="6859683429"/>
    <nd ref="6859683431"/>
    <nd ref="6859683430"/>
    <nd ref="6859673707"/>
    <nd ref="6859673704"/>
    <nd ref="6859673706"/>
    <nd ref="6859673705"/>
    <nd ref="1945907125"/>
    <nd ref="6859673708"/>
    <nd ref="6859673709"/>
    <nd ref="6859673710"/>
    <nd ref="1945907099"/>
    <nd ref="1945907090"/>
    <nd ref="1945907048"/>
    <nd ref="5174247348"/>
    <nd ref="6859673711"/>
    <nd ref="1945907144"/>
    <nd ref="1945907046"/>
    <nd ref="1945907053"/>
    <nd ref="6859673712"/>
    <nd ref="1945907178"/>
    <nd ref="1945907087"/>
    <nd ref="6859673713"/>
    <nd ref="1945907078"/>
    <nd ref="1945907092"/>
    <nd ref="796642414"/>
    <nd ref="5174247339"/>
    <nd ref="6859673715"/>
    <nd ref="6859673714"/>
    <nd ref="6859673717"/>
    <nd ref="6859673716"/>
    <nd ref="796642413"/>
    <nd ref="5174241986"/>
    <nd ref="1945907096"/>
    <nd ref="6859673718"/>
    <nd ref="6859673719"/>
    <nd ref="6859673720"/>
    <nd ref="6859673721"/>
    <nd ref="6859673722"/>
    <nd ref="2353457883"/>
    <nd ref="6859673724"/>
    <nd ref="6859673723"/>
    <nd ref="5174321427"/>
    <nd ref="6859673725"/>
    <nd ref="6859673730"/>
    <nd ref="6859673733"/>
    <nd ref="6859673732"/>
    <nd ref="6859673731"/>
    <nd ref="5174315506"/>
    <nd ref="6859694646"/>
    <nd ref="6859694645"/>
    <nd ref="796642408"/>
    <nd ref="1945907164"/>
    <nd ref="6859694647"/>
    <nd ref="1945907098"/>
    <nd ref="6859694648"/>
    <nd ref="1765134064"/>
    <tag k="access" v="yes"/>
    <tag k="highway" v="track"/>
    <tag k="motorcar" v="forestry"/>
    <tag k="motorcycle" v="yes"/>
    <tag k="surface" v="sand"/>
    <tag k="width" v="3"/>
  </way>
  <way id="184145909">
    <nd ref="1945920815"/>
    <nd ref="1945920793"/>
    <nd ref="1945920796"/>
    <nd ref="1945920832"/>
    <nd ref="1945920807"/>
    <nd ref="1945920854"/>
    <nd ref="1945920771"/>
    <nd ref="1945920773"/>
    <nd ref="1945920770"/>
    <nd ref="1945920836"/>
    <nd ref="1945920827"/>
    <nd ref="7401839751"/>
    <nd ref="1945920828"/>
    <nd ref="7401839755"/>
    <nd ref="1945920838"/>
    <nd ref="1945920839"/>
    <nd ref="1945920812"/>
    <nd ref="1945920774"/>
    <nd ref="1945920804"/>
    <nd ref="1945920800"/>
    <nd ref="2965876379"/>
    <nd ref="1945920824"/>
    <nd ref="1945920821"/>
    <nd ref="1945920776"/>
    <nd ref="1945920797"/>
    <nd ref="1945920802"/>
    <nd ref="5160688152"/>
    <nd ref="1945920777"/>
    <nd ref="1945920822"/>
    <nd ref="1945920779"/>
    <nd ref="1945920798"/>
    <nd ref="1945920835"/>
    <nd ref="1945920831"/>
    <nd ref="1945920820"/>
    <nd ref="1945920814"/>
    <nd ref="2965876371"/>
    <nd ref="1945920810"/>
    <nd ref="1945920775"/>
    <nd ref="5160688311"/>
    <nd ref="1945920783"/>
    <nd ref="1945920841"/>
    <nd ref="1945920823"/>
    <nd ref="1945920845"/>
    <nd ref="1945920782"/>
    <nd ref="2965876367"/>
    <nd ref="1945920781"/>
    <nd ref="1945920784"/>
    <nd ref="1945920787"/>
    <nd ref="1945920780"/>
    <nd ref="2438956579"/>
    <nd ref="1945920786"/>
    <tag k="access" v="yes"/>
    <tag k="highway" v="unclassified"/>
    <tag k="source" v="bing"/>
    <tag k="surface" v="gravel"/>
  </way>
  <way id="214302171">
    <nd ref="8730787780"/>
    <nd ref="4871652144"/>
    <nd ref="12166245963"/>
    <nd ref="2238720071"/>
    <nd ref="2238719914"/>
    <nd ref="2238720450"/>
    <nd ref="9581630538"/>
    <nd ref="2238720197"/>
    <nd ref="2238720424"/>
    <nd ref="2238720069"/>
    <nd ref="2238720215"/>
    <nd ref="2238720162"/>
    <nd ref="2238720002"/>
    <nd ref="2238719972"/>
    <nd ref="2238720208"/>
    <nd ref="2238720254"/>
    <nd ref="9581629753"/>
    <nd ref="11021420896"/>
    <nd ref="2238720225"/>
    <nd ref="2238719896"/>
    <nd ref="8909821482"/>
    <nd ref="9581629750"/>
    <nd ref="12453728171"/>
    <nd ref="9581629751"/>
    <nd ref="2238719946"/>
    <nd ref="2238719987"/>
    <nd ref="2238720137"/>
    <nd ref="2238720416"/>
    <nd ref="2238719906"/>
    <nd ref="2238720307"/>
    <nd ref="2238720323"/>
    <tag k="highway" v="residential"/>
    <tag k="name" v="Вербна вулиця"/>
    <tag k="name:pl" v="ulica Wierzbowa"/>
    <tag k="name:uk" v="Вербна вулиця"/>
    <tag k="smoothness" v="excellent"/>
    <tag k="surface" v="asphalt"/>
  </way>
  <way id="222885559">
    <nd ref="2318297514"/>
    <nd ref="2318297436"/>
    <nd ref="2318297431"/>
    <nd ref="4169453978"/>
    <nd ref="4169453967"/>
    <nd ref="4169453943"/>
    <nd ref="2318297491"/>
    <nd ref="2318297446"/>
    <nd ref="4169453980"/>
    <nd ref="2318297516"/>
    <nd ref="4169454454"/>
    <nd ref="2318297434"/>
    <nd ref="6536597101"/>
    <nd ref="2318297499"/>
    <nd ref="2318297488"/>
    <tag k="highway" v="residential"/>
  </way>
  <way id="222886566">
    <nd ref="2318307670"/>
    <nd ref="2318307685"/>
    <nd ref="3221542105"/>
    <nd ref="3117580037"/>
    <nd ref="8231039517"/>
    <nd ref="8231033216"/>
    <nd ref="2339201590"/>
    <nd ref="2318307664"/>
    <nd ref="11371143041"/>
    <nd ref="8691305303"/>
    <nd ref="2318307661"/>
    <nd ref="2318307676"/>
    <nd ref="2318307668"/>
    <nd ref="2318307679"/>
    <nd ref="11371143042"/>
    <nd ref="2318307675"/>
    <nd ref="11371143043"/>
    <nd ref="11371143044"/>
    <nd ref="2346122252"/>
    <nd ref="11030185571"/>
    <nd ref="11030185576"/>
    <nd ref="12293491989"/>
    <nd ref="2318307678"/>
    <nd ref="2318307671"/>
    <nd ref="2318307669"/>
    <nd ref="2318307684"/>
    <tag k="highway" v="residential"/>
    <tag k="name" v="Монашинська вулиця"/>
    <tag k="name:uk" v="Монашинська вулиця"/>
    <tag k="oneway" v="no"/>
    <tag k="smoothness" v="intermediate"/>
    <tag k="source" v="gps, personal survey"/>
    <tag k="surface" v="concrete:plates"/>
  </way>
  <way id="226560656">
    <nd ref="2353457699"/>
    <nd ref="2353457918"/>
    <nd ref="2353457800"/>
    <nd ref="2353457806"/>
    <nd ref="2353457655"/>
    <nd ref="2353457764"/>
    <nd ref="2353457664"/>
    <nd ref="2353457790"/>
    <nd ref="2353457881"/>
    <nd ref="2353457789"/>
    <nd ref="2353457837"/>
    <nd ref="2353457838"/>
    <nd ref="2353457988"/>
    <nd ref="8007987062"/>
    <nd ref="2353457702"/>
    <nd ref="2353458005"/>
    <nd ref="2353457729"/>
    <nd ref="2353457683"/>
    <nd ref="2353457676"/>
    <nd ref="2353457799"/>
    <nd ref="2353457805"/>
    <nd ref="2353457642"/>
    <nd ref="2353457877"/>
    <nd ref="2353457811"/>
    <nd ref="2353457747"/>
    <nd ref="2353457732"/>
    <nd ref="2353457750"/>
    <nd ref="2353457926"/>
    <nd ref="2353457920"/>
    <nd ref="2353457693"/>
    <nd ref="2353457690"/>
    <nd ref="2353457893"/>
    <nd ref="2353458002"/>
    <nd ref="2353457755"/>
    <nd ref="2353457848"/>
    <nd ref="2353457793"/>
    <nd ref="2353457839"/>
    <nd ref="2353457694"/>
    <nd ref="2353457967"/>
    <nd ref="2353457657"/>
    <nd ref="2353457965"/>
    <nd ref="2353457841"/>
    <nd ref="2353457883"/>
    <nd ref="2353457872"/>
    <nd ref="2353459580"/>
    <nd ref="2353457769"/>
    <nd ref="2353457974"/>
    <nd ref="2353457950"/>
    <nd ref="2353457891"/>
    <nd ref="2353457905"/>
    <nd ref="2353457910"/>
    <nd ref="2353457876"/>
    <nd ref="2353457777"/>
    <nd ref="5174242001"/>
    <nd ref="2353457928"/>
    <nd ref="2353457895"/>
    <nd ref="2353457688"/>
    <nd ref="2353457647"/>
    <nd ref="5174360920"/>
    <nd ref="2353457734"/>
    <nd ref="2353457944"/>
    <nd ref="2353457685"/>
    <nd ref="2353457810"/>
    <nd ref="2353457741"/>
    <nd ref="2353457840"/>
    <nd ref="2965876345"/>
    <nd ref="5174468892"/>
    <nd ref="2965876366"/>
    <nd ref="1945920782"/>
    <nd ref="2965876375"/>
    <nd ref="5160687999"/>
    <nd ref="5160688013"/>
    <nd ref="2965876394"/>
    <nd ref="5160688008"/>
    <nd ref="5160688312"/>
    <nd ref="5160688003"/>
    <nd ref="2965876398"/>
    <nd ref="2965876409"/>
    <nd ref="2965876414"/>
    <nd ref="2965876541"/>
    <nd ref="2965876543"/>
    <nd ref="5790245996"/>
    <nd ref="5790245992"/>
    <nd ref="2965876555"/>
    <nd ref="2965876564"/>
    <nd ref="6942932287"/>
    <nd ref="5790246008"/>
    <tag k="highway" v="track"/>
    <tag k="source" v="bing"/>
    <tag k="surface" v="sand"/>
  </way>
  <way id="226560662">
    <nd ref="2353457719"/>
    <nd ref="2353457760"/>
    <nd ref="2353457999"/>
    <nd ref="2353457758"/>
    <nd ref="2353457756"/>
    <nd ref="2353457724"/>
    <nd ref="2353457650"/>
    <nd ref="2353457649"/>
    <nd ref="2353457711"/>
    <nd ref="2353457787"/>
    <nd ref="2353457652"/>
    <nd ref="2353457783"/>
    <nd ref="2353457828"/>
    <nd ref="2353457697"/>
    <nd ref="2353457738"/>
    <nd ref="2353457762"/>
    <nd ref="2353457830"/>
    <nd ref="2353457659"/>
    <nd ref="2353457774"/>
    <nd ref="2353457976"/>
    <nd ref="2353457713"/>
    <nd ref="2353457792"/>
    <nd ref="2353457666"/>
    <nd ref="2353457810"/>
    <tag k="highway" v="track"/>
    <tag k="source" v="bing"/>
    <tag k="surface" v="sand"/>
  </way>
  <way id="226560665">
    <nd ref="2353457803"/>
    <nd ref="2353457846"/>
    <nd ref="5174346832"/>
    <nd ref="2353457719"/>
    <nd ref="2353457808"/>
    <nd ref="2353457826"/>
    <nd ref="2353457971"/>
    <nd ref="5174242010"/>
    <nd ref="2353457798"/>
    <nd ref="2353457797"/>
    <nd ref="2353457802"/>
    <nd ref="2353457836"/>
    <nd ref="2353457691"/>
    <nd ref="2353457814"/>
    <nd ref="2353457647"/>
    <nd ref="2353457940"/>
    <tag k="highway" v="track"/>
    <tag k="source" v="bing"/>
    <tag k="surface" v="sand"/>
  </way>
  <way id="293034011">
    <nd ref="2965876367"/>
    <nd ref="2965876366"/>
    <nd ref="2965876364"/>
    <nd ref="5160688186"/>
    <nd ref="5174468884"/>
    <nd ref="5160688214"/>
    <nd ref="7401840691"/>
    <nd ref="2965876354"/>
    <nd ref="2965876351"/>
    <nd ref="7401839777"/>
    <nd ref="7401840688"/>
    <nd ref="7401840689"/>
    <nd ref="5160688283"/>
    <nd ref="5160687994"/>
    <nd ref="2965876344"/>
    <nd ref="2965876341"/>
    <nd ref="2965876335"/>
    <nd ref="5174468888"/>
    <nd ref="2965876230"/>
    <tag k="highway" v="track"/>
  </way>
  <way id="293034023">
    <nd ref="5174348935"/>
    <nd ref="2965876220"/>
    <nd ref="1945920849"/>
    <nd ref="5160688148"/>
    <nd ref="5174348932"/>
    <nd ref="5160688215"/>
    <nd ref="7401840697"/>
    <nd ref="2965876226"/>
    <nd ref="7401840694"/>
    <nd ref="2965876337"/>
    <nd ref="5174361429"/>
    <nd ref="2965876345"/>
    <nd ref="5160687997"/>
    <nd ref="1359826661"/>
    <tag k="highway" v="track"/>
  </way>
  <way id="293034028">
    <nd ref="6859683428"/>
    <nd ref="7401833768"/>
    <nd ref="7401833767"/>
    <nd ref="7401833766"/>
    <nd ref="7438604435"/>
    <nd ref="7401833765"/>
    <nd ref="7401833774"/>
    <nd ref="7401833764"/>
    <nd ref="7401833763"/>
    <nd ref="7401833762"/>
    <nd ref="7401833761"/>
    <nd ref="7401833760"/>
    <nd ref="7401833759"/>
    <nd ref="7401833758"/>
    <nd ref="7401833757"/>
    <nd ref="7401833756"/>
    <nd ref="2965876212"/>
    <nd ref="2965876213"/>
    <nd ref="1945920829"/>
    <nd ref="2965876215"/>
    <nd ref="5174250638"/>
    <nd ref="2965876221"/>
    <nd ref="2353457940"/>
    <tag k="highway" v="track"/>
  </way>
  <way id="293034031">
    <nd ref="2965876377"/>
    <nd ref="2965876375"/>
    <nd ref="2965876371"/>
    <nd ref="2965876369"/>
    <nd ref="7401839765"/>
    <nd ref="2965876365"/>
    <nd ref="5160688225"/>
    <nd ref="2965876362"/>
    <nd ref="2965876356"/>
    <nd ref="5174471432"/>
    <nd ref="5174471430"/>
    <tag k="highway" v="track"/>
  </way>
  <way id="406617627">
    <nd ref="4086705365"/>
    <nd ref="4086705382"/>
    <tag k="highway" v="footway"/>
  </way>
  <way id="406617630">
    <nd ref="4086705385"/>
    <nd ref="5017133872"/>
    <nd ref="11013529874"/>
    <nd ref="4086705341"/>
    <nd ref="4086705330"/>
    <nd ref="4086705324"/>
    <tag k="highway" v="footway"/>
  </way>
  <way id="415906272">
    <nd ref="1359826695"/>
    <nd ref="4168339422"/>
    <nd ref="11268572127"/>
    <nd ref="7526577610"/>
    <nd ref="4168339431"/>
    <nd ref="4168339433"/>
    <tag k="highway" v="unclassified"/>
  </way>
  <way id="415913988">
    <nd ref="2318297434"/>
    <nd ref="2965876377"/>
    <tag k="highway" v="residential"/>
  </way>
  <way id="415913992">
    <nd ref="4168350448"/>
    <nd ref="2318297499"/>
    <nd ref="6536597109"/>
    <nd ref="6536597110"/>
    <nd ref="4168350485"/>
    <tag k="highway" v="residential"/>
  </way>
  <way id="416097622">
    <nd ref="4169453967"/>
    <nd ref="4169454399"/>
    <tag k="highway" v="service"/>
  </way>
  <way id="416097624">
    <nd ref="4169454476"/>
    <nd ref="4169454471"/>
    <tag k="highway" v="service"/>
  </way>
  <way id="416097625">
    <nd ref="2318297446"/>
    <nd ref="4169453958"/>
    <tag k="highway" v="service"/>
  </way>
  <way id="416097627">
    <nd ref="4169454492"/>
    <nd ref="4169454497"/>
    <tag k="highway" v="service"/>
  </way>
  <way id="416097628">
    <nd ref="2318297516"/>
    <nd ref="4169454398"/>
    <tag k="highway" v="service"/>
  </way>
  <way id="416097629">
    <nd ref="4169453978"/>
    <nd ref="4169453942"/>
    <tag k="highway" v="service"/>
  </way>
  <way id="416097630">
    <nd ref="4169453943"/>
    <nd ref="4169453931"/>
    <tag k="highway" v="service"/>
  </way>
  <way id="416097631">
    <nd ref="4169454442"/>
    <nd ref="4169454420"/>
    <tag k="highway" v="service"/>
  </way>
  <way id="416097633">
    <nd ref="2318297436"/>
    <nd ref="4169454401"/>
    <tag k="highway" v="service"/>
  </way>
  <way id="416097634">
    <nd ref="2318297491"/>
    <nd ref="4169453900"/>
    <nd ref="4169453896"/>
    <tag k="highway" v="residential"/>
  </way>
  <way id="416097635">
    <nd ref="4169454507"/>
    <nd ref="4169454509"/>
    <nd ref="4169454510"/>
    <nd ref="4169454508"/>
    <nd ref="4169454492"/>
    <nd ref="4169454476"/>
    <nd ref="4169454442"/>
    <nd ref="4169453980"/>
    <tag k="highway" v="residential"/>
  </way>
  <way id="504186576">
    <nd ref="4943721756"/>
    <nd ref="4943721757"/>
    <nd ref="4943721758"/>
    <nd ref="4943721759"/>
    <nd ref="4943721760"/>
    <nd ref="4943721761"/>
    <nd ref="11936517066"/>
    <nd ref="4943721762"/>
    <nd ref="4943721763"/>
    <nd ref="4943721764"/>
    <nd ref="4943721765"/>
    <nd ref="4943721766"/>
    <nd ref="7325451483"/>
    <nd ref="8781077912"/>
    <nd ref="4943721767"/>
    <nd ref="2318307676"/>
    <tag k="highway" v="track"/>
    <tag k="surface" v="sand"/>
    <tag k="tracktype" v="grade5"/>
  </way>
  <way id="513181746">
    <nd ref="4086705365"/>
    <nd ref="6093744544"/>
    <nd ref="5017133872"/>
    <tag k="crossing" v="marked"/>
    <tag k="footway" v="crossing"/>
    <tag k="highway" v="footway"/>
    <tag k="surface" v="asphalt"/>
  </way>
  <way id="531665027">
    <nd ref="5160687997"/>
    <nd ref="5160688261"/>
    <nd ref="5160688263"/>
    <tag k="highway" v="path"/>
  </way>
  <way id="531665032">
    <nd ref="5160688261"/>
    <nd ref="5160688223"/>
    <nd ref="2965876345"/>
    <tag k="highway" v="path"/>
  </way>
  <way id="533175675">
    <nd ref="2353457905"/>
    <nd ref="5173067938"/>
    <nd ref="5173067940"/>
    <nd ref="5173067939"/>
    <nd ref="5173067941"/>
    <nd ref="5173067942"/>
    <nd ref="5173067943"/>
    <nd ref="5173067944"/>
    <nd ref="5173067945"/>
    <nd ref="5173067946"/>
    <nd ref="5173067947"/>
    <nd ref="5173067950"/>
    <nd ref="5173067949"/>
    <nd ref="5173067948"/>
    <tag k="highway" v="path"/>
  </way>
  <way id="533317123">
    <nd ref="5174241971"/>
    <nd ref="5174241973"/>
    <nd ref="5174241982"/>
    <nd ref="5174241977"/>
    <nd ref="5174241980"/>
    <nd ref="5174241975"/>
    <nd ref="5174241976"/>
    <nd ref="5174241972"/>
    <nd ref="5174241978"/>
    <nd ref="5174241979"/>
    <nd ref="5174241981"/>
    <nd ref="5174241983"/>
    <nd ref="5174241984"/>
    <nd ref="5174241985"/>
    <nd ref="5174241987"/>
    <nd ref="5174241986"/>
    <nd ref="5174241990"/>
    <nd ref="5174241989"/>
    <nd ref="5174241988"/>
    <nd ref="5174314290"/>
    <nd ref="5174241991"/>
    <nd ref="5174241992"/>
    <nd ref="5174241993"/>
    <nd ref="5174241994"/>
    <nd ref="5174242008"/>
    <nd ref="5174241963"/>
    <tag k="highway" v="path"/>
  </way>
  <way id="533317124">
    <nd ref="5174241993"/>
    <nd ref="5174242009"/>
    <nd ref="5173067948"/>
    <nd ref="5174241995"/>
    <nd ref="5174241996"/>
    <nd ref="5174241997"/>
    <nd ref="5174241998"/>
    <nd ref="5174241999"/>
    <nd ref="5174242000"/>
    <nd ref="5174242001"/>
    <nd ref="5174242002"/>
    <nd ref="5174242007"/>
    <nd ref="5174242003"/>
    <nd ref="5174242005"/>
    <nd ref="5174242004"/>
    <nd ref="5174242010"/>
    <tag k="highway" v="track"/>
  </way>
  <way id="533325504">
    <nd ref="5174314289"/>
    <nd ref="5174314291"/>
    <tag k="highway" v="path"/>
  </way>
  <way id="533325505">
    <nd ref="5174314290"/>
    <nd ref="5174314289"/>
    <nd ref="5174314292"/>
    <nd ref="5174314293"/>
    <nd ref="5174314294"/>
    <nd ref="2353457974"/>
    <tag k="highway" v="path"/>
  </way>
  <way id="533325506">
    <nd ref="5174314297"/>
    <nd ref="5174314303"/>
    <nd ref="5174314296"/>
    <nd ref="5174314298"/>
    <nd ref="5174314299"/>
    <nd ref="5174314301"/>
    <nd ref="5174314300"/>
    <nd ref="5174314304"/>
    <nd ref="5174314305"/>
    <nd ref="5174241963"/>
    <nd ref="5174314288"/>
    <tag k="highway" v="path"/>
  </way>
  <way id="533327584">
    <nd ref="1945907164"/>
    <nd ref="5174315500"/>
    <nd ref="5174321421"/>
    <nd ref="5174315518"/>
    <nd ref="5174315508"/>
    <nd ref="5174315507"/>
    <nd ref="5174315503"/>
    <nd ref="5174315513"/>
    <nd ref="5174315505"/>
    <nd ref="5174315520"/>
    <nd ref="5174321426"/>
    <nd ref="5174315498"/>
    <nd ref="5174323585"/>
    <nd ref="5174315499"/>
    <nd ref="5174315501"/>
    <nd ref="5174315502"/>
    <nd ref="5174315504"/>
    <nd ref="5174242001"/>
    <tag k="highway" v="track"/>
  </way>
  <way id="533327585">
    <nd ref="5174315505"/>
    <nd ref="5174315512"/>
    <nd ref="5174315509"/>
    <nd ref="6859673729"/>
    <nd ref="5174315519"/>
    <nd ref="6859673728"/>
    <nd ref="5174315516"/>
    <nd ref="5174315517"/>
    <nd ref="5174315515"/>
    <nd ref="5174321423"/>
    <nd ref="6859673727"/>
    <nd ref="5174321424"/>
    <nd ref="6859673726"/>
    <nd ref="5174321422"/>
    <nd ref="5174321425"/>
    <nd ref="5174321428"/>
    <nd ref="5174321427"/>
    <tag k="highway" v="path"/>
  </way>
  <way id="533327586">
    <nd ref="5174315506"/>
    <nd ref="5174315514"/>
    <nd ref="5174315511"/>
    <nd ref="5174315510"/>
    <nd ref="5174315503"/>
    <tag k="highway" v="path"/>
  </way>
  <way id="533327674">
    <nd ref="5174323585"/>
    <nd ref="5174323573"/>
    <nd ref="5174323572"/>
    <nd ref="5174323574"/>
    <nd ref="5174323577"/>
    <nd ref="5174323575"/>
    <nd ref="5174323576"/>
    <nd ref="5174323583"/>
    <nd ref="5174323587"/>
    <nd ref="5174323586"/>
    <nd ref="5174323588"/>
    <nd ref="5174323590"/>
    <nd ref="5174323589"/>
    <tag k="highway" v="track"/>
  </way>
  <way id="533327675">
    <nd ref="5174315513"/>
    <nd ref="5174323578"/>
    <nd ref="5174323584"/>
    <nd ref="5174323577"/>
    <nd ref="5174323591"/>
    <nd ref="5174323592"/>
    <nd ref="5174323581"/>
    <nd ref="5174323582"/>
    <nd ref="5174323579"/>
    <nd ref="5174323580"/>
    <tag k="highway" v="path"/>
  </way>
  <way id="533331139">
    <nd ref="5174323583"/>
    <nd ref="5174346833"/>
    <nd ref="5174346831"/>
    <nd ref="5174346834"/>
    <nd ref="5174323579"/>
    <nd ref="5174346836"/>
    <nd ref="5174346835"/>
    <nd ref="5174346826"/>
    <nd ref="5174346838"/>
    <nd ref="5174346830"/>
    <nd ref="5174346837"/>
    <nd ref="5174346827"/>
    <nd ref="5174346828"/>
    <nd ref="5174346829"/>
    <nd ref="5174346832"/>
    <tag k="highway" v="path"/>
  </way>
  <way id="533333084">
    <nd ref="5174360920"/>
    <nd ref="5174360917"/>
    <nd ref="5174361424"/>
    <nd ref="5174361425"/>
    <nd ref="5174361421"/>
    <nd ref="5173067936"/>
    <tag k="highway" v="path"/>
  </way>
  <way id="533333085">
    <nd ref="5174361429"/>
    <nd ref="5174360919"/>
    <nd ref="5174361422"/>
    <nd ref="5174361423"/>
    <nd ref="5174361428"/>
    <nd ref="5174361427"/>
    <nd ref="5174361431"/>
    <nd ref="5174361430"/>
    <nd ref="5174361433"/>
    <nd ref="5174361434"/>
    <nd ref="5174360911"/>
    <nd ref="5174360912"/>
    <nd ref="5174360910"/>
    <nd ref="5174360909"/>
    <nd ref="5174360913"/>
    <nd ref="5174360914"/>
    <nd ref="5174360915"/>
    <nd ref="5174360916"/>
    <nd ref="2353457810"/>
    <tag k="highway" v="path"/>
  </way>
  <way id="533346195">
    <nd ref="1945920787"/>
    <nd ref="5174468897"/>
    <nd ref="5174468892"/>
    <tag k="highway" v="path"/>
  </way>
  <way id="533346196">
    <nd ref="5174468884"/>
    <nd ref="5174468882"/>
    <nd ref="5174468883"/>
    <nd ref="5174468879"/>
    <nd ref="5174468878"/>
    <nd ref="2965876353"/>
    <nd ref="5174468885"/>
    <nd ref="2965876345"/>
    <tag k="highway" v="path"/>
  </way>
  <way id="611630751">
    <nd ref="7613423782"/>
    <nd ref="2965876383"/>
    <nd ref="7613423783"/>
    <nd ref="7613423784"/>
    <tag k="highway" v="footway"/>
  </way>
  <way id="696094297">
    <nd ref="2318297434"/>
    <nd ref="6536597088"/>
    <nd ref="6536597089"/>
    <nd ref="6536597090"/>
    <nd ref="6536597091"/>
    <nd ref="6536597093"/>
    <nd ref="6536597094"/>
    <nd ref="4168350485"/>
    <tag k="highway" v="residential"/>
  </way>
  <way id="696094298">
    <nd ref="6536597096"/>
    <nd ref="6536597097"/>
    <nd ref="6536597098"/>
    <tag k="highway" v="residential"/>
  </way>
  <way id="696094299">
    <nd ref="6536597096"/>
    <nd ref="6536597101"/>
    <tag k="highway" v="residential"/>
  </way>
  <way id="696094300">
    <nd ref="6536597102"/>
    <nd ref="6536597110"/>
    <nd ref="6536597103"/>
    <nd ref="6536597091"/>
    <tag k="highway" v="residential"/>
  </way>
  <way id="762739320">
    <nd ref="7127116410"/>
    <nd ref="7127088750"/>
    <tag k="highway" v="path"/>
  </way>
  <way id="762739321">
    <nd ref="7127088753"/>
    <nd ref="7127088752"/>
    <tag k="highway" v="path"/>
  </way>
  <way id="762739322">
    <nd ref="7127088754"/>
    <nd ref="7127088755"/>
    <nd ref="7127088757"/>
    <tag k="highway" v="path"/>
  </way>
  <way id="762739323">
    <nd ref="7127116401"/>
    <nd ref="7127088758"/>
    <nd ref="7127088757"/>
    <nd ref="7127088756"/>
    <nd ref="7127116400"/>
    <tag k="highway" v="path"/>
  </way>
  <way id="762739324">
    <nd ref="7127088759"/>
    <nd ref="7127088760"/>
    <nd ref="7127088765"/>
    <nd ref="7127088764"/>
    <nd ref="7127088763"/>
    <nd ref="7127088762"/>
    <nd ref="12293491937"/>
    <nd ref="12293491936"/>
    <nd ref="7127088758"/>
    <tag k="highway" v="path"/>
  </way>
  <way id="762739325">
    <nd ref="7127088767"/>
    <nd ref="7127088777"/>
    <tag k="highway" v="path"/>
  </way>
  <way id="762739326">
    <nd ref="7127088776"/>
    <nd ref="7127088767"/>
    <nd ref="7127088769"/>
    <tag k="highway" v="path"/>
  </way>
  <way id="762739327">
    <nd ref="7127088774"/>
    <nd ref="7127088772"/>
    <nd ref="7127088771"/>
    <nd ref="7127088770"/>
    <nd ref="7127088775"/>
    <nd ref="7127088769"/>
    <nd ref="7127088768"/>
    <nd ref="7127088770"/>
    <tag k="highway" v="path"/>
  </way>
  <way id="762739328">
    <nd ref="7127088779"/>
    <nd ref="12293491941"/>
    <nd ref="12293491942"/>
    <nd ref="12293491940"/>
    <nd ref="7127088780"/>
    <nd ref="7127088778"/>
    <nd ref="7127116285"/>
    <tag k="highway" v="path"/>
  </way>
  <way id="762739329">
    <nd ref="7127088759"/>
    <nd ref="12293491939"/>
    <nd ref="12293491938"/>
    <nd ref="7127088774"/>
    <nd ref="7127088775"/>
    <nd ref="7127088776"/>
    <nd ref="7127088777"/>
    <nd ref="7127088780"/>
    <nd ref="7127116287"/>
    <tag k="highway" v="path"/>
  </way>
  <way id="762739330">
    <nd ref="7127088779"/>
    <nd ref="12293491943"/>
    <nd ref="7127116290"/>
    <nd ref="7127116289"/>
    <nd ref="7127116288"/>
    <nd ref="7127116287"/>
    <nd ref="7127116286"/>
    <nd ref="7127116285"/>
    <nd ref="7127088784"/>
    <nd ref="7127088783"/>
    <nd ref="7127088782"/>
    <nd ref="7127088766"/>
    <nd ref="7127088763"/>
    <tag k="highway" v="path"/>
  </way>
  <way id="762739336">
    <nd ref="7127116308"/>
    <nd ref="7127116394"/>
    <tag k="highway" v="path"/>
  </way>
  <way id="762739337">
    <nd ref="7127116310"/>
    <nd ref="7127116309"/>
    <nd ref="7127116308"/>
    <nd ref="7127116399"/>
    <tag k="highway" v="path"/>
  </way>
  <way id="762739338">
    <nd ref="7127116424"/>
    <nd ref="7127116311"/>
    <tag k="highway" v="path"/>
  </way>
  <way id="762739339">
    <nd ref="7127116318"/>
    <nd ref="7127116313"/>
    <nd ref="7127116312"/>
    <tag k="highway" v="path"/>
  </way>
  <way id="762739340">
    <nd ref="7127116414"/>
    <nd ref="7127116321"/>
    <nd ref="7127116320"/>
    <nd ref="7127116319"/>
    <nd ref="7127116318"/>
    <nd ref="7127116317"/>
    <nd ref="7127116316"/>
    <nd ref="7127116315"/>
    <nd ref="7127116314"/>
    <tag k="highway" v="path"/>
  </way>
  <way id="762739341">
    <nd ref="7127116382"/>
    <nd ref="7127116334"/>
    <nd ref="7127116333"/>
    <nd ref="7127116332"/>
    <nd ref="7127116331"/>
    <nd ref="7127116330"/>
    <nd ref="7127116329"/>
    <nd ref="7127116328"/>
    <nd ref="7127116327"/>
    <nd ref="7127116326"/>
    <tag k="highway" v="path"/>
  </way>
  <way id="762739348">
    <nd ref="7127116359"/>
    <nd ref="7127116358"/>
    <tag k="highway" v="path"/>
  </way>
  <way id="762739349">
    <nd ref="7127116383"/>
    <nd ref="7127116360"/>
    <nd ref="7127116359"/>
    <nd ref="7127116382"/>
    <tag k="highway" v="path"/>
  </way>
  <way id="762739350">
    <nd ref="7127116382"/>
    <nd ref="7127116358"/>
    <nd ref="7127116363"/>
    <nd ref="7127116362"/>
    <nd ref="7127116394"/>
    <nd ref="7127116361"/>
    <tag k="highway" v="path"/>
  </way>
  <way id="762739351">
    <nd ref="7127116364"/>
    <nd ref="7127116366"/>
    <nd ref="7127116372"/>
    <nd ref="7127116365"/>
    <tag k="highway" v="path"/>
  </way>
  <way id="762739352">
    <nd ref="7127116373"/>
    <nd ref="7127116372"/>
    <nd ref="7127116371"/>
    <nd ref="7127116370"/>
    <nd ref="7127116369"/>
    <nd ref="7127116368"/>
    <tag k="highway" v="path"/>
  </way>
  <way id="762739353">
    <nd ref="7127116390"/>
    <nd ref="7127116378"/>
    <nd ref="7127116377"/>
    <nd ref="7127116376"/>
    <nd ref="7127116375"/>
    <nd ref="7127116325"/>
    <nd ref="7127116324"/>
    <nd ref="7127116323"/>
    <nd ref="7127116322"/>
    <tag k="highway" v="path"/>
  </way>
  <way id="762739354">
    <nd ref="7127116395"/>
    <nd ref="7127116383"/>
    <nd ref="7127116382"/>
    <nd ref="7127116381"/>
    <nd ref="7127116380"/>
    <nd ref="7127116379"/>
    <tag k="highway" v="path"/>
  </way>
  <way id="762739355">
    <nd ref="7127116392"/>
    <nd ref="7127116385"/>
    <nd ref="7127116389"/>
    <nd ref="7127116384"/>
    <tag k="highway" v="path"/>
  </way>
  <way id="762739356">
    <nd ref="7127116389"/>
    <nd ref="7127116388"/>
    <nd ref="7127116387"/>
    <nd ref="7127116386"/>
    <nd ref="7127088751"/>
    <tag k="highway" v="path"/>
  </way>
  <way id="762739357">
    <nd ref="7127116393"/>
    <nd ref="7127116392"/>
    <nd ref="7127116391"/>
    <nd ref="7127116390"/>
    <nd ref="7127116395"/>
    <tag k="highway" v="path"/>
  </way>
  <way id="762739358">
    <nd ref="7127116396"/>
    <nd ref="7127088752"/>
    <nd ref="7127116394"/>
    <tag k="highway" v="path"/>
  </way>
  <way id="762739359">
    <nd ref="7127116397"/>
    <nd ref="7127116396"/>
    <nd ref="7127116393"/>
    <nd ref="7127116395"/>
    <tag k="highway" v="path"/>
  </way>
  <way id="762739360">
    <nd ref="7127116402"/>
    <nd ref="7127116401"/>
    <nd ref="7127088755"/>
    <nd ref="7127116400"/>
    <nd ref="7127116367"/>
    <nd ref="7127116364"/>
    <nd ref="7127116373"/>
    <nd ref="7127116399"/>
    <nd ref="7127116361"/>
    <nd ref="7127116398"/>
    <nd ref="7127088753"/>
    <nd ref="7127116397"/>
    <nd ref="7127116384"/>
    <nd ref="7127088751"/>
    <nd ref="7127116412"/>
    <tag k="highway" v="path"/>
  </way>
  <way id="762739361">
    <nd ref="7127116409"/>
    <nd ref="7127116407"/>
    <nd ref="12293491944"/>
    <nd ref="7127116406"/>
    <tag k="highway" v="path"/>
  </way>
  <way id="762739362">
    <nd ref="7127116403"/>
    <nd ref="7127116404"/>
    <nd ref="7127116405"/>
    <nd ref="7127116411"/>
    <nd ref="7127116410"/>
    <nd ref="7127116409"/>
    <nd ref="7127116408"/>
    <tag k="highway" v="path"/>
  </way>
  <way id="762739363">
    <nd ref="7127116374"/>
    <nd ref="7127116414"/>
    <nd ref="7127116413"/>
    <nd ref="7127116412"/>
    <tag k="highway" v="path"/>
  </way>
  <way id="762739364">
    <nd ref="7127116425"/>
    <nd ref="7127116419"/>
    <nd ref="7127116418"/>
    <nd ref="7127116417"/>
    <nd ref="7127088743"/>
    <tag k="highway" v="path"/>
  </way>
  <way id="762739365">
    <nd ref="7127116415"/>
    <nd ref="7127116416"/>
    <nd ref="7127116426"/>
    <nd ref="7127116425"/>
    <nd ref="7127116424"/>
    <nd ref="7127116423"/>
    <nd ref="7127116422"/>
    <nd ref="7127088743"/>
    <nd ref="7127116421"/>
    <nd ref="7127116408"/>
    <nd ref="7127116412"/>
    <tag k="highway" v="path"/>
  </way>
  <way id="777653318">
    <nd ref="3541023271"/>
    <nd ref="354526028"/>
    <nd ref="8729290394"/>
    <nd ref="254588240"/>
    <nd ref="1730271733"/>
    <nd ref="11019912324"/>
    <nd ref="5160688217"/>
    <nd ref="7613423890"/>
    <nd ref="2996328825"/>
    <nd ref="11019912323"/>
    <nd ref="254588244"/>
    <nd ref="9708108536"/>
    <nd ref="9708108542"/>
    <nd ref="11019912325"/>
    <nd ref="7613423892"/>
    <nd ref="2965876383"/>
    <nd ref="4501856831"/>
    <nd ref="7930784438"/>
    <nd ref="254588247"/>
    <nd ref="2965876377"/>
    <nd ref="11019912327"/>
    <nd ref="7613423781"/>
    <nd ref="11019912326"/>
    <nd ref="9707805072"/>
    <nd ref="254589371"/>
    <nd ref="1945920786"/>
    <nd ref="11019849583"/>
    <nd ref="6093744544"/>
    <nd ref="11392868266"/>
    <tag k="highway" v="primary"/>
    <tag k="name" v="Столичне шосе"/>
    <tag k="name:en" v="Stolychne Road"/>
    <tag k="name:ru" v="Столичное шоссе"/>
    <tag k="name:uk" v="Столичне шосе"/>
    <tag k="name:uk-Latn" v="Stolychne shose"/>
    <tag k="ref" v="Р-01"/>
    <tag k="reg_ref" v="Р-01"/>
    <tag k="surface" v="asphalt"/>
    <tag k="wikidata" v="Q4442922"/>
    <tag k="wikipedia" v="uk:Столичне шосе"/>
  </way>
  <way id="784198465">
    <nd ref="4943721763"/>
    <nd ref="7325458579"/>
    <nd ref="7325458617"/>
    <nd ref="7325458655"/>
    <nd ref="7325458695"/>
    <nd ref="7325458737"/>
    <nd ref="7325458779"/>
    <nd ref="7325458756"/>
    <nd ref="7325458797"/>
    <nd ref="7325458440"/>
    <nd ref="7325458479"/>
    <nd ref="7325458516"/>
    <nd ref="7325451482"/>
    <tag k="highway" v="track"/>
    <tag k="surface" v="sand"/>
    <tag k="tracktype" v="grade5"/>
  </way>
  <way id="815076213">
    <nd ref="7613423892"/>
    <nd ref="7613423784"/>
    <nd ref="6155727389"/>
    <nd ref="5160688279"/>
    <nd ref="2965876394"/>
    <nd ref="5160688245"/>
    <nd ref="2965876400"/>
    <nd ref="2965876406"/>
    <tag k="fixme" v="Треба уточнити точне положення"/>
    <tag k="gauge" v="750"/>
    <tag k="highway" v="track"/>
    <tag k="railway" v="abandoned"/>
  </way>
  <way id="815076214">
    <nd ref="7613423893"/>
    <nd ref="7613423781"/>
    <nd ref="7613423894"/>
    <tag k="highway" v="footway"/>
  </way>
  <way id="850064010">
    <nd ref="7930784438"/>
    <nd ref="9707836914"/>
    <nd ref="7930784434"/>
    <nd ref="11013529934"/>
    <nd ref="9708108462"/>
    <nd ref="11013529935"/>
    <tag k="highway" v="service"/>
  </way>
  <way id="855867774">
    <nd ref="7980970299"/>
    <nd ref="7980970300"/>
    <nd ref="7980970301"/>
    <nd ref="7980970302"/>
    <nd ref="7980970303"/>
    <nd ref="7980970304"/>
    <nd ref="7980970305"/>
    <nd ref="7980970306"/>
    <nd ref="7980970307"/>
    <nd ref="7980970308"/>
    <nd ref="7980970309"/>
    <nd ref="7980970310"/>
    <nd ref="7980970311"/>
    <nd ref="7980970312"/>
    <nd ref="7980970313"/>
    <nd ref="7980970314"/>
    <nd ref="7980970315"/>
    <nd ref="7980970316"/>
    <nd ref="12293491945"/>
    <nd ref="12293491946"/>
    <nd ref="12293491947"/>
    <nd ref="12293491948"/>
    <nd ref="12293491949"/>
    <nd ref="12293491950"/>
    <nd ref="12293491951"/>
    <nd ref="12293491952"/>
    <nd ref="12293491953"/>
    <nd ref="12293491954"/>
    <nd ref="12293491955"/>
    <nd ref="12293491956"/>
    <nd ref="12293491957"/>
    <nd ref="12293491958"/>
    <nd ref="12293491959"/>
    <nd ref="12293491960"/>
    <nd ref="7127116406"/>
    <tag k="highway" v="path"/>
  </way>
  <way id="963210823">
    <nd ref="2238719946"/>
    <nd ref="9581629752"/>
    <nd ref="8909821485"/>
    <nd ref="8909821487"/>
    <nd ref="8909821479"/>
    <nd ref="8909821490"/>
    <nd ref="9581629747"/>
    <nd ref="8909821480"/>
    <nd ref="8909821481"/>
    <tag k="highway" v="track"/>
  </way>
  <way id="963210824">
    <nd ref="8909821482"/>
    <nd ref="8909821484"/>
    <nd ref="8909821486"/>
    <nd ref="8909821488"/>
    <nd ref="8909821489"/>
    <nd ref="9581629746"/>
    <nd ref="8909821483"/>
    <tag k="highway" v="track"/>
  </way>
  <way id="963210826">
    <nd ref="8909821486"/>
    <nd ref="8909821487"/>
    <tag k="highway" v="track"/>
  </way>
  <way id="963210827">
    <nd ref="8909821488"/>
    <nd ref="8909821479"/>
    <tag k="highway" v="track"/>
  </way>
  <way id="963210828">
    <nd ref="8909821489"/>
    <nd ref="8909821490"/>
    <tag k="highway" v="track"/>
  </way>
  <way id="1014938989">
    <nd ref="9362714272"/>
    <nd ref="9362714270"/>
    <nd ref="9362714269"/>
    <tag k="highway" v="residential"/>
  </way>
  <way id="1036339729">
    <nd ref="4168339433"/>
    <nd ref="9547881996"/>
    <nd ref="9547881997"/>
    <tag k="highway" v="unclassified"/>
  </way>
  <way id="1040653528">
    <nd ref="9581629746"/>
    <nd ref="9581629747"/>
    <tag k="highway" v="track"/>
  </way>
  <way id="1040653529">
    <nd ref="9581629747"/>
    <nd ref="9581629748"/>
    <tag k="highway" v="track"/>
  </way>
  <way id="1056496593">
    <nd ref="9707805072"/>
    <nd ref="9707805073"/>
    <nd ref="9707805074"/>
    <nd ref="9707805075"/>
    <nd ref="9707805076"/>
    <nd ref="9707805077"/>
    <nd ref="9707805080"/>
    <nd ref="9707805078"/>
    <tag k="highway" v="service"/>
  </way>
  <way id="1056496594">
    <nd ref="9707805075"/>
    <nd ref="9707805079"/>
    <nd ref="9707805080"/>
    <tag k="highway" v="service"/>
  </way>
  <way id="1056496595">
    <nd ref="9707805076"/>
    <nd ref="9707805081"/>
    <nd ref="9707805082"/>
    <nd ref="9707805083"/>
    <nd ref="9707805084"/>
    <nd ref="9707805086"/>
    <nd ref="9707805087"/>
    <nd ref="9707805088"/>
    <nd ref="9707805089"/>
    <tag k="highway" v="track"/>
  </way>
  <way id="1056496596">
    <nd ref="9707805083"/>
    <nd ref="9707805093"/>
    <tag k="highway" v="track"/>
  </way>
  <way id="1056496612">
    <nd ref="9707836914"/>
    <nd ref="9707836915"/>
    <nd ref="9707836916"/>
    <nd ref="9707836917"/>
    <nd ref="9707836918"/>
    <nd ref="9362714269"/>
    <tag k="highway" v="residential"/>
  </way>
  <way id="1056523433">
    <nd ref="7930784434"/>
    <nd ref="7930784430"/>
    <nd ref="7930784424"/>
    <nd ref="6536597093"/>
    <tag k="highway" v="service"/>
  </way>
  <way id="1056523434">
    <nd ref="6536597089"/>
    <nd ref="6536597096"/>
    <nd ref="6536597109"/>
    <nd ref="6536597100"/>
    <tag k="highway" v="residential"/>
  </way>
  <way id="1056523463">
    <nd ref="9708108495"/>
    <nd ref="9708108496"/>
    <nd ref="9708108502"/>
    <nd ref="9708108497"/>
    <nd ref="9708108498"/>
    <nd ref="9708108499"/>
    <nd ref="9708108500"/>
    <nd ref="9708108501"/>
    <tag k="highway" v="service"/>
  </way>
  <way id="1056523464">
    <nd ref="9708108502"/>
    <nd ref="9708108503"/>
    <nd ref="9708108504"/>
    <nd ref="9708108505"/>
    <nd ref="9708108506"/>
    <nd ref="9708108517"/>
    <nd ref="9708108507"/>
    <tag k="highway" v="service"/>
  </way>
  <way id="1056523465">
    <nd ref="9708108508"/>
    <nd ref="9708108509"/>
    <nd ref="9708108510"/>
    <nd ref="9708108511"/>
    <nd ref="9708108512"/>
    <nd ref="9708108513"/>
    <nd ref="9708108514"/>
    <nd ref="9708108515"/>
    <nd ref="9708108516"/>
    <nd ref="9708108517"/>
    <tag k="highway" v="service"/>
  </way>
  <way id="1056523470">
    <nd ref="9708108536"/>
    <nd ref="11013529937"/>
    <nd ref="9708108537"/>
    <nd ref="9708108538"/>
    <nd ref="9708108539"/>
    <nd ref="9708108540"/>
    <nd ref="9708108541"/>
    <nd ref="9708108507"/>
    <tag k="highway" v="service"/>
  </way>
  <way id="1056523471">
    <nd ref="9708108542"/>
    <nd ref="9708108543"/>
    <nd ref="9708108544"/>
    <nd ref="9708108545"/>
    <nd ref="9708108546"/>
    <nd ref="9708108547"/>
    <tag k="highway" v="service"/>
  </way>
  <way id="1056523472">
    <nd ref="9708108546"/>
    <nd ref="9708108548"/>
    <tag k="highway" v="service"/>
  </way>
  <way id="1056523473">
    <nd ref="9708108545"/>
    <nd ref="9708108549"/>
    <tag k="highway" v="service"/>
  </way>
  <way id="1056523474">
    <nd ref="9708108544"/>
    <nd ref="9708108550"/>
    <nd ref="9708108551"/>
    <nd ref="9708108552"/>
    <tag k="highway" v="service"/>
  </way>
  <way id="1056524033">
    <nd ref="9707805079"/>
    <nd ref="9708058506"/>
    <nd ref="9708058507"/>
    <nd ref="9708058508"/>
    <nd ref="9708058509"/>
    <nd ref="9708058510"/>
    <nd ref="9708058511"/>
    <tag k="highway" v="service"/>
  </way>
  <way id="1185651671">
    <nd ref="9707805093"/>
    <nd ref="11013529775"/>
    <nd ref="11013529776"/>
    <nd ref="11013529777"/>
    <nd ref="11013529778"/>
    <nd ref="11013529779"/>
    <nd ref="11013529780"/>
    <nd ref="11013529781"/>
    <nd ref="1765128056"/>
    <tag k="highway" v="path"/>
  </way>
  <way id="1185651672">
    <nd ref="11013529780"/>
    <nd ref="11013529782"/>
    <nd ref="11013529783"/>
    <nd ref="11013529784"/>
    <nd ref="11013529921"/>
    <nd ref="11013529922"/>
    <nd ref="11013529775"/>
    <tag k="highway" v="path"/>
  </way>
  <way id="1185651682">
    <nd ref="9707805088"/>
    <nd ref="11013529855"/>
    <nd ref="11013529856"/>
    <nd ref="11013529857"/>
    <nd ref="11013529858"/>
    <nd ref="11013529859"/>
    <nd ref="11013529860"/>
    <nd ref="11013529861"/>
    <nd ref="11013529862"/>
    <tag k="highway" v="track"/>
  </way>
  <way id="1185651683">
    <nd ref="11013529863"/>
    <nd ref="11013529864"/>
    <nd ref="11013529865"/>
    <nd ref="11013529862"/>
    <nd ref="11013529866"/>
    <nd ref="11013529867"/>
    <nd ref="11013529868"/>
    <nd ref="11013529869"/>
    <tag k="highway" v="track"/>
  </way>
  <way id="1185651684">
    <nd ref="11013529870"/>
    <nd ref="11013529871"/>
    <nd ref="11013529872"/>
    <nd ref="11013529873"/>
    <nd ref="11013529861"/>
    <tag k="highway" v="track"/>
  </way>
  <way id="1185651685">
    <nd ref="11013529874"/>
    <nd ref="11013529875"/>
    <nd ref="11013529876"/>
    <nd ref="11013529877"/>
    <nd ref="11013529878"/>
    <nd ref="11013529879"/>
    <nd ref="11013529880"/>
    <nd ref="11013529881"/>
    <nd ref="11013529882"/>
    <nd ref="11013529883"/>
    <nd ref="11013529884"/>
    <nd ref="11013529885"/>
    <tag k="highway" v="path"/>
  </way>
  <way id="1185651691">
    <nd ref="9707836916"/>
    <nd ref="11013529936"/>
    <nd ref="9708108543"/>
    <nd ref="11013529937"/>
    <nd ref="11013529938"/>
    <nd ref="11013529939"/>
    <nd ref="11013529940"/>
    <tag k="highway" v="path"/>
  </way>
  <way id="1316058160">
    <nd ref="9707805089"/>
    <nd ref="9707805090"/>
    <nd ref="9707805091"/>
    <nd ref="9707805092"/>
    <nd ref="9707805093"/>
    <nd ref="9707805094"/>
    <tag k="fixme" v="Треба уточнити точне положення"/>
    <tag k="gauge" v="750"/>
    <tag k="highway" v="track"/>
    <tag k="railway" v="abandoned"/>
  </way>

</osm>
