<?xml version="1.0" encoding="UTF-8"?>
<osm version="0.6" generator="Overpass API 0.7.62.11 87bfad18">
<note>The data included in this document is from www.openstreetmap.org. The data is made available under ODbL.</note>
<meta osm_base="2026-06-08T06:09:44Z"/>

  <node id="26201274" lat="50.4468065" lon="30.5086490">
    <tag k="highway" v="traffic_signals"/>
  </node>
  <node id="26201275" lat="50.4460369" lon="30.5133982">
    <tag k="check_date" v="2025-05-11"/>
    <tag k="highway" v="traffic_signals"/>
    <tag k="traffic_signals" v="traffic_lights"/>
    <tag k="traffic_signals:countdown" v="yes"/>
    <tag k="traffic_signals:direction" v="both"/>
  </node>
  <node id="26201279" lat="50.4512920" lon="30.5155156">
    <tag k="highway" v="traffic_signals"/>
    <tag k="traffic_signals" v="traffic_lights"/>
    <tag k="traffic_signals:direction" v="both"/>
  </node>
  <node id="26201280" lat="50.4489393" lon="30.5145758">
    <tag k="highway" v="traffic_signals"/>
    <tag k="traffic_signals" v="traffic_lights"/>
    <tag k="traffic_signals:direction" v="both"/>
  </node>
  <node id="26303162" lat="50.4496585" lon="30.5172168"/>
  <node id="26303203" lat="50.4500127" lon="30.5149993"/>
  <node id="26325911" lat="50.4494905" lon="30.5119373"/>
  <node id="26546017" lat="50.4537973" lon="30.5124159"/>
  <node id="26546020" lat="50.4527739" lon="30.5094995"/>
  <node id="26546021" lat="50.4519344" lon="30.5108553"/>
  <node id="26546022" lat="50.4521177" lon="30.5086159">
    <tag k="check_date" v="2025-05-12"/>
    <tag k="highway" v="traffic_signals"/>
    <tag k="traffic_signals" v="traffic_lights"/>
    <tag k="traffic_signals:countdown" v="yes"/>
    <tag k="traffic_signals:direction" v="both"/>
  </node>
  <node id="26546036" lat="50.4507733" lon="30.5103141"/>
  <node id="26546037" lat="50.4489677" lon="30.5095832"/>
  <node id="26546084" lat="50.4491266" lon="30.5134348"/>
  <node id="26546092" lat="50.4508328" lon="30.5176943"/>
  <node id="26546136" lat="50.4470694" lon="30.5070478"/>
  <node id="26546137" lat="50.4475984" lon="30.5038750">
    <tag k="highway" v="traffic_signals"/>
  </node>
  <node id="26546156" lat="50.4494353" lon="30.5065183"/>
  <node id="26546181" lat="50.4486905" lon="30.5040800"/>
  <node id="26546182" lat="50.4492493" lon="30.5036534"/>
  <node id="26546184" lat="50.4494282" lon="30.5060193"/>
  <node id="26546187" lat="50.4501624" lon="30.5029541">
    <tag k="highway" v="traffic_signals"/>
  </node>
  <node id="26546241" lat="50.4511171" lon="30.5098785"/>
  <node id="26546242" lat="50.4525499" lon="30.5114734"/>
  <node id="26546243" lat="50.4519653" lon="30.5125295"/>
  <node id="259159431" lat="50.4492598" lon="30.5125820"/>
  <node id="259159432" lat="50.4463463" lon="30.5114644"/>
  <node id="259159998" lat="50.4487375" lon="30.5123846">
    <tag k="crossing" v="uncontrolled"/>
    <tag k="crossing:island" v="no"/>
    <tag k="crossing:markings" v="zebra"/>
    <tag k="highway" v="crossing"/>
    <tag k="kerb" v="lowered"/>
    <tag k="tactile_paving" v="yes"/>
  </node>
  <node id="259159999" lat="50.4484073" lon="30.5143685"/>
  <node id="259160188" lat="50.4474216" lon="30.5151543"/>
  <node id="259160198" lat="50.4473198" lon="30.5149351"/>
  <node id="305558373" lat="50.4489310" lon="30.5141047"/>
  <node id="305558430" lat="50.4491511" lon="30.5126216"/>
  <node id="305558431" lat="50.4487277" lon="30.5124435"/>
  <node id="313316577" lat="50.4508165" lon="30.5050313"/>
  <node id="313317186" lat="50.4513711" lon="30.5145914"/>
  <node id="384741772" lat="50.4515403" lon="30.5091832">
    <tag k="access" v="permissive"/>
    <tag k="barrier" v="gate"/>
  </node>
  <node id="384745180" lat="50.4512526" lon="30.5130164"/>
  <node id="384745281" lat="50.4510863" lon="30.5128657"/>
  <node id="384745282" lat="50.4509034" lon="30.5126628"/>
  <node id="384751107" lat="50.4476991" lon="30.5155261"/>
  <node id="384751110" lat="50.4482411" lon="30.5158160"/>
  <node id="384751111" lat="50.4480566" lon="30.5165177"/>
  <node id="390977250" lat="50.4472757" lon="30.5068127"/>
  <node id="390977253" lat="50.4473841" lon="30.5068599"/>
  <node id="428418580" lat="50.4509156" lon="30.5141817"/>
  <node id="428418583" lat="50.4510638" lon="30.5136353"/>
  <node id="428628647" lat="50.4542448" lon="30.5060338"/>
  <node id="445354532" lat="50.4502829" lon="30.5085334"/>
  <node id="445354533" lat="50.4500748" lon="30.5099354"/>
  <node id="445413675" lat="50.4483376" lon="30.5071165"/>
  <node id="445413679" lat="50.4471370" lon="30.5066420"/>
  <node id="445413682" lat="50.4483188" lon="30.5072172"/>
  <node id="445413684" lat="50.4490221" lon="30.5075140"/>
  <node id="445413686" lat="50.4479005" lon="30.5057360"/>
  <node id="445413688" lat="50.4473265" lon="30.5055134"/>
  <node id="445414658" lat="50.4472794" lon="30.5082854"/>
  <node id="445414659" lat="50.4471846" lon="30.5088116"/>
  <node id="445414660" lat="50.4473918" lon="30.5083359"/>
  <node id="546450901" lat="50.4452519" lon="30.5029527"/>
  <node id="551304957" lat="50.4512908" lon="30.5143467"/>
  <node id="599620106" lat="50.4511313" lon="30.5145051">
    <tag k="entrance" v="yes"/>
  </node>
  <node id="617129463" lat="50.4496020" lon="30.5100863"/>
  <node id="617129481" lat="50.4495706" lon="30.5102860"/>
  <node id="648544303" lat="50.4483863" lon="30.5041769"/>
  <node id="648544305" lat="50.4485432" lon="30.5041584"/>
  <node id="648544320" lat="50.4493932" lon="30.5055112"/>
  <node id="648544334" lat="50.4493616" lon="30.5121360"/>
  <node id="648544335" lat="50.4493127" lon="30.5122540"/>
  <node id="648544336" lat="50.4511442" lon="30.5138544"/>
  <node id="648544337" lat="50.4515539" lon="30.5138001"/>
  <node id="648544338" lat="50.4515313" lon="30.5138107"/>
  <node id="648544403" lat="50.4513416" lon="30.5145016"/>
  <node id="740862024" lat="50.4487623" lon="30.5138937"/>
  <node id="740862069" lat="50.4487711" lon="30.5139823"/>
  <node id="740862104" lat="50.4487004" lon="30.5139997"/>
  <node id="1000833427" lat="50.4449147" lon="30.5060407"/>
  <node id="1000833429" lat="50.4451383" lon="30.5061342"/>
  <node id="1005397051" lat="50.4469843" lon="30.5068467"/>
  <node id="1005404575" lat="50.4471991" lon="30.5069180"/>
  <node id="1005404576" lat="50.4468791" lon="30.5088088"/>
  <node id="1005404586" lat="50.4470500" lon="30.5067405"/>
  <node id="1005404588" lat="50.4474900" lon="30.5040541"/>
  <node id="1005409298" lat="50.4469147" lon="30.5086078"/>
  <node id="1005412558" lat="50.4464526" lon="30.5113462"/>
  <node id="1005420902" lat="50.4487024" lon="30.5122607"/>
  <node id="1005420903" lat="50.4484436" lon="30.5121626"/>
  <node id="1005420904" lat="50.4475144" lon="30.5118141"/>
  <node id="1005420921" lat="50.4480514" lon="30.5140558"/>
  <node id="1005420927" lat="50.4471091" lon="30.5136652">
    <tag k="crossing" v="uncontrolled"/>
    <tag k="crossing:island" v="no"/>
    <tag k="crossing:markings" v="zebra"/>
    <tag k="highway" v="crossing"/>
  </node>
  <node id="1005420936" lat="50.4461656" lon="30.5132580"/>
  <node id="1005420945" lat="50.4463657" lon="30.5125232"/>
  <node id="1005420968" lat="50.4484597" lon="30.5135561">
    <tag k="name" v="Золоті ворота"/>
    <tag k="name:ru" v="Золотые ворота"/>
    <tag k="name:uk" v="Золоті ворота"/>
    <tag k="operator" v="Київський метрополітен"/>
    <tag k="railway" v="subway_entrance"/>
    <tag k="ref" v="1"/>
    <tag k="wheelchair" v="no"/>
  </node>
  <node id="1005420970" lat="50.4481575" lon="30.5136922"/>
  <node id="1005421010" lat="50.4506528" lon="30.5102732"/>
  <node id="1005421018" lat="50.4488775" lon="30.5096266"/>
  <node id="1005421029" lat="50.4507799" lon="30.5102117"/>
  <node id="1005421032" lat="50.4506332" lon="30.5101408"/>
  <node id="1005421035" lat="50.4496073" lon="30.5097377"/>
  <node id="1005421043" lat="50.4510360" lon="30.5098881"/>
  <node id="1005421045" lat="50.4506973" lon="30.5103220"/>
  <node id="1005421092" lat="50.4489027" lon="30.5094752"/>
  <node id="1013470103" lat="50.4491819" lon="30.5124307"/>
  <node id="1013470122" lat="50.4492240" lon="30.5124137"/>
  <node id="1013470125" lat="50.4492697" lon="30.5122124"/>
  <node id="1013470127" lat="50.4493660" lon="30.5120279"/>
  <node id="1013470129" lat="50.4494702" lon="30.5118777"/>
  <node id="1013470148" lat="50.4507679" lon="30.5104537"/>
  <node id="1013470188" lat="50.4493121" lon="30.5126772"/>
  <node id="1013470210" lat="50.4493553" lon="30.5123892"/>
  <node id="1013470262" lat="50.4501909" lon="30.5111442"/>
  <node id="1013470266" lat="50.4494415" lon="30.5120862"/>
  <node id="1013470268" lat="50.4493908" lon="30.5122331"/>
  <node id="1013470271" lat="50.4490304" lon="30.5131606"/>
  <node id="1013470273" lat="50.4492026" lon="30.5133463"/>
  <node id="1284382932" lat="50.4489697" lon="30.5143905">
    <tag k="button_operated" v="no"/>
    <tag k="crossing" v="traffic_signals"/>
    <tag k="crossing:island" v="no"/>
    <tag k="crossing:markings" v="zebra"/>
    <tag k="crossing_ref" v="zebra"/>
    <tag k="highway" v="crossing"/>
    <tag k="tactile_paving" v="no"/>
    <tag k="traffic_signals:sound" v="no"/>
    <tag k="traffic_signals:vibration" v="no"/>
  </node>
  <node id="1284382936" lat="50.4462100" lon="30.5134690">
    <tag k="button_operated" v="no"/>
    <tag k="check_date" v="2025-05-11"/>
    <tag k="crossing" v="traffic_signals"/>
    <tag k="crossing:island" v="no"/>
    <tag k="crossing:markings" v="zebra"/>
    <tag k="crossing_ref" v="zebra"/>
    <tag k="highway" v="crossing"/>
    <tag k="kerb" v="lowered"/>
    <tag k="tactile_paving" v="no"/>
    <tag k="traffic_signals:countdown" v="yes"/>
    <tag k="traffic_signals:vibration" v="no"/>
  </node>
  <node id="1284382940" lat="50.4489131" lon="30.5147385">
    <tag k="button_operated" v="no"/>
    <tag k="crossing" v="traffic_signals"/>
    <tag k="crossing:island" v="no"/>
    <tag k="crossing:markings" v="zebra"/>
    <tag k="crossing_ref" v="zebra"/>
    <tag k="highway" v="crossing"/>
    <tag k="tactile_paving" v="no"/>
    <tag k="traffic_signals:sound" v="no"/>
    <tag k="traffic_signals:vibration" v="no"/>
  </node>
  <node id="1284382954" lat="50.4492948" lon="30.5123629">
    <tag k="check_date" v="2025-05-12"/>
    <tag k="crossing" v="uncontrolled"/>
    <tag k="crossing:island" v="no"/>
    <tag k="crossing:markings" v="yes"/>
    <tag k="crossing_ref" v="zebra"/>
    <tag k="highway" v="crossing"/>
    <tag k="kerb" v="lowered"/>
    <tag k="tactile_paving" v="no"/>
  </node>
  <node id="1284382957" lat="50.4491635" lon="30.5125445">
    <tag k="check_date" v="2025-05-12"/>
    <tag k="crossing" v="uncontrolled"/>
    <tag k="crossing:island" v="no"/>
    <tag k="crossing:markings" v="yes"/>
    <tag k="crossing_ref" v="zebra"/>
    <tag k="highway" v="crossing"/>
    <tag k="kerb" v="lowered"/>
    <tag k="tactile_paving" v="no"/>
  </node>
  <node id="1284382962" lat="50.4488594" lon="30.5145447">
    <tag k="button_operated" v="no"/>
    <tag k="crossing" v="traffic_signals"/>
    <tag k="crossing:island" v="no"/>
    <tag k="crossing_ref" v="zebra"/>
    <tag k="highway" v="crossing"/>
    <tag k="tactile_paving" v="no"/>
    <tag k="traffic_signals:sound" v="no"/>
    <tag k="traffic_signals:vibration" v="no"/>
  </node>
  <node id="1284382977" lat="50.4490396" lon="30.5146154">
    <tag k="button_operated" v="no"/>
    <tag k="crossing" v="traffic_signals"/>
    <tag k="crossing:island" v="no"/>
    <tag k="crossing:markings" v="zebra"/>
    <tag k="crossing_ref" v="zebra"/>
    <tag k="highway" v="crossing"/>
    <tag k="tactile_paving" v="no"/>
    <tag k="traffic_signals:sound" v="no"/>
    <tag k="traffic_signals:vibration" v="no"/>
  </node>
  <node id="1302422621" lat="50.4471203" lon="30.5136038">
    <tag k="barrier" v="lift_gate"/>
    <tag k="foot" v="yes"/>
    <tag k="lift_gate:type" v="single"/>
    <tag k="locked" v="yes"/>
    <tag k="motor_vehicle" v="permit"/>
  </node>
  <node id="1302422687" lat="50.4470962" lon="30.5123151"/>
  <node id="1302422705" lat="50.4470830" lon="30.5138264"/>
  <node id="1302422732" lat="50.4465200" lon="30.5116334"/>
  <node id="1302422736" lat="50.4473262" lon="30.5125079"/>
  <node id="1314422055" lat="50.4511193" lon="30.5141018">
    <tag k="historic" v="memorial"/>
    <tag k="memorial" v="statue"/>
    <tag k="name" v="Захисникам кордонів"/>
    <tag k="name:ru" v="Защитникам границ"/>
    <tag k="name:uk" v="Захисникам кордонів"/>
    <tag k="official_name" v="Пам’ятник захисникам кордонів Вітчизни всіх поколінь"/>
  </node>
  <node id="1329743298" lat="50.4521081" lon="30.5125034">
    <tag k="access" v="no"/>
    <tag k="barrier" v="gate"/>
    <tag k="name" v="Брама Заборовського"/>
    <tag k="name:en" v="Zaborovsky Gate"/>
    <tag k="name:ru" v="Ворота Заборовского"/>
    <tag k="name:uk" v="Брама Заборовського"/>
    <tag k="wikidata" v="Q4125896"/>
    <tag k="wikipedia" v="uk:Брама Заборовського"/>
  </node>
  <node id="1329743307" lat="50.4529043" lon="30.5153847">
    <tag k="barrier" v="gate"/>
  </node>
  <node id="1329743336" lat="50.4519974" lon="30.5154131">
    <tag k="barrier" v="gate"/>
  </node>
  <node id="1379830366" lat="50.4489546" lon="30.5028282"/>
  <node id="1448786861" lat="50.4460719" lon="30.4984601">
    <tag k="bench" v="yes"/>
    <tag k="bin" v="yes"/>
    <tag k="bus" v="yes"/>
    <tag k="highway" v="bus_stop"/>
    <tag k="lit" v="yes"/>
    <tag k="name" v="Будинок національних художніх колективів"/>
    <tag k="name:ru" v="Дом национальных художественных коллективов"/>
    <tag k="name:uk" v="Будинок національних художніх колективів"/>
    <tag k="public_transport" v="platform"/>
    <tag k="share_taxi" v="yes"/>
    <tag k="shelter" v="yes"/>
  </node>
  <node id="1456800226" lat="50.4502699" lon="30.5029575"/>
  <node id="1456800227" lat="50.4502617" lon="30.5030058"/>
  <node id="1456800228" lat="50.4502677" lon="30.5030551"/>
  <node id="1456800231" lat="50.4503105" lon="30.5028977"/>
  <node id="1456800295" lat="50.4516154" lon="30.5075652"/>
  <node id="1456800298" lat="50.4516514" lon="30.5075385"/>
  <node id="1456800300" lat="50.4520904" lon="30.5010012"/>
  <node id="1456800309" lat="50.4521098" lon="30.5084608"/>
  <node id="1456800311" lat="50.4521467" lon="30.5009650"/>
  <node id="1456800314" lat="50.4521330" lon="30.5084774"/>
  <node id="1456800315" lat="50.4521604" lon="30.5084612"/>
  <node id="1456800316" lat="50.4521916" lon="30.5009688"/>
  <node id="1456800317" lat="50.4522239" lon="30.5010069"/>
  <node id="1456800467" lat="50.4540808" lon="30.5060708"/>
  <node id="1456800480" lat="50.4542328" lon="30.5059039"/>
  <node id="1469570930" lat="50.4453610" lon="30.5028144"/>
  <node id="1469570937" lat="50.4453690" lon="30.5028848"/>
  <node id="1469570939" lat="50.4453965" lon="30.5029192"/>
  <node id="1469570941" lat="50.4461926" lon="30.4977215"/>
  <node id="1469570959" lat="50.4466620" lon="30.4948019"/>
  <node id="1469570973" lat="50.4467431" lon="30.4946312"/>
  <node id="1469570986" lat="50.4468518" lon="30.4945038"/>
  <node id="1469570992" lat="50.4469508" lon="30.4944411"/>
  <node id="1469571019" lat="50.4470238" lon="30.4944177"/>
  <node id="1469571081" lat="50.4474529" lon="30.5037184"/>
  <node id="1469571083" lat="50.4475065" lon="30.5037141"/>
  <node id="1469571088" lat="50.4475655" lon="30.5036119"/>
  <node id="1469571093" lat="50.4476146" lon="30.5037539">
    <tag k="button_operated" v="no"/>
    <tag k="crossing" v="traffic_signals"/>
    <tag k="crossing:island" v="no"/>
    <tag k="highway" v="crossing"/>
    <tag k="traffic_signals:sound" v="no"/>
  </node>
  <node id="1469571097" lat="50.4476867" lon="30.5037061"/>
  <node id="1469571099" lat="50.4476875" lon="30.5038153"/>
  <node id="1469571103" lat="50.4477329" lon="30.5038649"/>
  <node id="1469571107" lat="50.4480903" lon="30.5005274"/>
  <node id="1469571118" lat="50.4483953" lon="30.5041003"/>
  <node id="1469571124" lat="50.4484586" lon="30.4983529"/>
  <node id="1469571140" lat="50.4485393" lon="30.5040887"/>
  <node id="1469571152" lat="50.4486621" lon="30.5040318"/>
  <node id="1469571166" lat="50.4500628" lon="30.5029175"/>
  <node id="1469571169" lat="50.4501326" lon="30.5028515">
    <tag k="button_operated" v="no"/>
    <tag k="check_date" v="2025-05-12"/>
    <tag k="check_date:crossing" v="2021-02-16"/>
    <tag k="crossing" v="traffic_signals"/>
    <tag k="crossing:island" v="no"/>
    <tag k="crossing:markings" v="zebra"/>
    <tag k="highway" v="crossing"/>
    <tag k="kerb" v="lowered"/>
    <tag k="tactile_paving" v="yes"/>
    <tag k="traffic_signals:countdown" v="yes"/>
    <tag k="traffic_signals:sound" v="no"/>
    <tag k="traffic_signals:vibration" v="no"/>
  </node>
  <node id="1469571170" lat="50.4521932" lon="30.5085220">
    <tag k="button_operated" v="no"/>
    <tag k="check_date" v="2025-05-12"/>
    <tag k="check_date:crossing" v="2021-07-02"/>
    <tag k="crossing" v="traffic_signals"/>
    <tag k="crossing:island" v="no"/>
    <tag k="crossing:markings" v="zebra"/>
    <tag k="highway" v="crossing"/>
    <tag k="kerb" v="lowered"/>
    <tag k="tactile_paving" v="no"/>
    <tag k="traffic_signals:countdown" v="yes"/>
    <tag k="traffic_signals:sound" v="no"/>
    <tag k="traffic_signals:vibration" v="no"/>
  </node>
  <node id="1469571171" lat="50.4522275" lon="30.5085857"/>
  <node id="1469571173" lat="50.4522227" lon="30.5086214"/>
  <node id="1469571174" lat="50.4522315" lon="30.5086785"/>
  <node id="1469571175" lat="50.4527386" lon="30.5093668"/>
  <node id="1469571176" lat="50.4527801" lon="30.5093890"/>
  <node id="1469571177" lat="50.4528252" lon="30.5093785"/>
  <node id="1469571178" lat="50.4528493" lon="30.5094271">
    <tag k="check_date:crossing" v="2021-06-19"/>
    <tag k="crossing" v="uncontrolled"/>
    <tag k="highway" v="crossing"/>
  </node>
  <node id="1469571179" lat="50.4528927" lon="30.5094604"/>
  <node id="1469571180" lat="50.4528838" lon="30.5094967"/>
  <node id="1469571181" lat="50.4528909" lon="30.5095547"/>
  <node id="1469571182" lat="50.4529023" lon="30.5095962"/>
  <node id="1469571183" lat="50.4530983" lon="30.5073960"/>
  <node id="1469571184" lat="50.4535837" lon="30.5069041"/>
  <node id="1469571185" lat="50.4539784" lon="30.5061924"/>
  <node id="1469571188" lat="50.4540151" lon="30.5062669">
    <tag k="check_date:crossing" v="2021-11-20"/>
    <tag k="crossing" v="uncontrolled"/>
    <tag k="crossing_ref" v="zebra"/>
    <tag k="highway" v="crossing"/>
  </node>
  <node id="1469571189" lat="50.4540412" lon="30.5063187"/>
  <node id="1469571190" lat="50.4540659" lon="30.5111072"/>
  <node id="1469571191" lat="50.4540834" lon="30.5063062"/>
  <node id="1469571192" lat="50.4541046" lon="30.5111131"/>
  <node id="1469571194" lat="50.4541353" lon="30.5063214"/>
  <node id="1469571200" lat="50.4544270" lon="30.5078386"/>
  <node id="1469571201" lat="50.4544500" lon="30.5078945">
    <tag k="crossing" v="uncontrolled"/>
    <tag k="crossing:markings" v="yes"/>
    <tag k="highway" v="crossing"/>
  </node>
  <node id="1469571202" lat="50.4544699" lon="30.5079430"/>
  <node id="1473121063" lat="50.4456941" lon="30.5007762"/>
  <node id="1473121108" lat="50.4461407" lon="30.4980394"/>
  <node id="1473121139" lat="50.4466073" lon="30.4951418"/>
  <node id="1475420943" lat="50.4497320" lon="30.5167567"/>
  <node id="1475420950" lat="50.4509540" lon="30.5175016"/>
  <node id="1475420984" lat="50.4508944" lon="30.5176320"/>
  <node id="1475421008" lat="50.4496715" lon="30.5171356">
    <tag k="crossing" v="uncontrolled"/>
    <tag k="crossing:island" v="no"/>
    <tag k="crossing:markings" v="zebra"/>
    <tag k="highway" v="crossing"/>
    <tag k="tactile_paving" v="no"/>
  </node>
  <node id="1475421040" lat="50.4512966" lon="30.5156885"/>
  <node id="1475421049" lat="50.4513171" lon="30.5152904"/>
  <node id="1502836100" lat="50.4448501" lon="30.5059178"/>
  <node id="1502836101" lat="50.4448557" lon="30.5059593"/>
  <node id="1502836102" lat="50.4448744" lon="30.5060138"/>
  <node id="1502836133" lat="50.4451549" lon="30.5061410"/>
  <node id="1502836143" lat="50.4453037" lon="30.5031330"/>
  <node id="1502836145" lat="50.4453342" lon="30.5030915"/>
  <node id="1502836146" lat="50.4453511" lon="30.5029911">
    <tag k="check_date:crossing" v="2021-05-27"/>
    <tag k="crossing" v="uncontrolled"/>
    <tag k="highway" v="crossing"/>
  </node>
  <node id="1502836147" lat="50.4453753" lon="30.5030881"/>
  <node id="1502836397" lat="50.4462395" lon="30.5132917"/>
  <node id="1502836464" lat="50.4464854" lon="30.5114167"/>
  <node id="1502836493" lat="50.4465474" lon="30.5114479"/>
  <node id="1502836495" lat="50.4465335" lon="30.5115362">
    <tag k="crossing" v="uncontrolled"/>
    <tag k="crossing:island" v="no"/>
    <tag k="crossing:markings" v="zebra"/>
    <tag k="highway" v="crossing"/>
    <tag k="kerb" v="lowered"/>
    <tag k="tactile_paving" v="no"/>
  </node>
  <node id="1502836586" lat="50.4468325" lon="30.5085006">
    <tag k="button_operated" v="no"/>
    <tag k="crossing" v="traffic_signals"/>
    <tag k="crossing:island" v="no"/>
    <tag k="crossing_ref" v="zebra"/>
    <tag k="highway" v="crossing"/>
    <tag k="traffic_signals:sound" v="no"/>
  </node>
  <node id="1502836612" lat="50.4468873" lon="30.5068488"/>
  <node id="1502836646" lat="50.4469595" lon="30.5070016">
    <tag k="check_date:crossing" v="2021-02-16"/>
    <tag k="crossing" v="uncontrolled"/>
    <tag k="crossing:island" v="no"/>
    <tag k="highway" v="crossing"/>
  </node>
  <node id="1502836697" lat="50.4471164" lon="30.5067700">
    <tag k="crossing" v="uncontrolled"/>
    <tag k="crossing:island" v="no"/>
    <tag k="crossing:markings" v="zebra"/>
    <tag k="highway" v="crossing"/>
  </node>
  <node id="1502836869" lat="50.4474224" lon="30.5038975"/>
  <node id="1502836907" lat="50.4474698" lon="30.5039483"/>
  <node id="1502836922" lat="50.4474880" lon="30.5038290">
    <tag k="button_operated" v="no"/>
    <tag k="crossing" v="traffic_signals"/>
    <tag k="highway" v="crossing"/>
    <tag k="traffic_signals:sound" v="no"/>
  </node>
  <node id="1502848677" lat="50.4469003" lon="30.5086902">
    <tag k="crossing" v="traffic_signals"/>
    <tag k="crossing:island" v="no"/>
    <tag k="crossing_ref" v="zebra"/>
    <tag k="highway" v="crossing"/>
  </node>
  <node id="1529446000" lat="50.4471982" lon="30.5087382"/>
  <node id="1529446057" lat="50.4475820" lon="30.5039915">
    <tag k="button_operated" v="no"/>
    <tag k="crossing" v="traffic_signals"/>
    <tag k="crossing:island" v="no"/>
    <tag k="highway" v="crossing"/>
    <tag k="traffic_signals:sound" v="no"/>
  </node>
  <node id="1529446096" lat="50.4476608" lon="30.5041043"/>
  <node id="1529446102" lat="50.4476964" lon="30.5040369"/>
  <node id="1529446131" lat="50.4477323" lon="30.5040272"/>
  <node id="1529446268" lat="50.4483561" lon="30.5105566"/>
  <node id="1529446273" lat="50.4484141" lon="30.5103786"/>
  <node id="1529446280" lat="50.4483716" lon="30.5042720"/>
  <node id="1529446307" lat="50.4484643" lon="30.5041045"/>
  <node id="1529446313" lat="50.4484657" lon="30.5041776"/>
  <node id="1529446315" lat="50.4484523" lon="30.5042693"/>
  <node id="1529446367" lat="50.4485458" lon="30.5042500"/>
  <node id="1529446413" lat="50.4486311" lon="30.5042167"/>
  <node id="1529446487" lat="50.4488897" lon="30.5095534">
    <tag k="crossing" v="uncontrolled"/>
    <tag k="crossing:island" v="no"/>
    <tag k="crossing:markings" v="zebra"/>
    <tag k="highway" v="crossing"/>
  </node>
  <node id="1529446532" lat="50.4489813" lon="30.5095048">
    <tag k="crossing" v="uncontrolled"/>
    <tag k="crossing:island" v="no"/>
    <tag k="crossing:markings" v="zebra"/>
    <tag k="highway" v="crossing"/>
  </node>
  <node id="1529446549" lat="50.4490594" lon="30.5095323"/>
  <node id="1529446583" lat="50.4490837" lon="30.5038730"/>
  <node id="1529446585" lat="50.4492172" lon="30.5037955"/>
  <node id="1529446596" lat="50.4492202" lon="30.5038107"/>
  <node id="1529446601" lat="50.4492624" lon="30.5037741">
    <tag k="crossing" v="marked"/>
    <tag k="crossing:markings" v="yes"/>
    <tag k="highway" v="crossing"/>
    <tag k="tactile_paving" v="no"/>
  </node>
  <node id="1529446607" lat="50.4493336" lon="30.5035879">
    <tag k="check_date:crossing" v="2021-02-16"/>
    <tag k="crossing" v="zebra"/>
    <tag k="crossing:island" v="no"/>
    <tag k="highway" v="crossing"/>
  </node>
  <node id="1529446627" lat="50.4493279" lon="30.5037438"/>
  <node id="1529446640" lat="50.4493399" lon="30.5055272"/>
  <node id="1529446650" lat="50.4493604" lon="30.5036609"/>
  <node id="1529446654" lat="50.4493621" lon="30.5057991"/>
  <node id="1529446658" lat="50.4493635" lon="30.5064857"/>
  <node id="1529446664" lat="50.4493763" lon="30.5060148"/>
  <node id="1529446668" lat="50.4493777" lon="30.5062083"/>
  <node id="1529446681" lat="50.4493764" lon="30.5063323"/>
  <node id="1529446683" lat="50.4494435" lon="30.5062762"/>
  <node id="1529446689" lat="50.4494808" lon="30.5060130"/>
  <node id="1529446692" lat="50.4495044" lon="30.5062680"/>
  <node id="1529446697" lat="50.4495040" lon="30.5065014"/>
  <node id="1529446746" lat="50.4495936" lon="30.5097957"/>
  <node id="1529446748" lat="50.4496068" lon="30.5098669"/>
  <node id="1529446758" lat="50.4498144" lon="30.5097589"/>
  <node id="1529446761" lat="50.4498143" lon="30.5098158"/>
  <node id="1529446765" lat="50.4498160" lon="30.5098693"/>
  <node id="1529446807" lat="50.4500848" lon="30.5098872"/>
  <node id="1529446813" lat="50.4500656" lon="30.5031122"/>
  <node id="1529446820" lat="50.4500812" lon="30.5030098">
    <tag k="button_operated" v="no"/>
    <tag k="check_date" v="2025-05-12"/>
    <tag k="check_date:crossing" v="2021-02-16"/>
    <tag k="crossing" v="traffic_signals"/>
    <tag k="crossing:island" v="no"/>
    <tag k="crossing:markings" v="zebra"/>
    <tag k="highway" v="crossing"/>
    <tag k="kerb" v="lowered"/>
    <tag k="tactile_paving" v="yes"/>
    <tag k="traffic_signals:countdown" v="yes"/>
    <tag k="traffic_signals:sound" v="no"/>
    <tag k="traffic_signals:vibration" v="no"/>
  </node>
  <node id="1529446824" lat="50.4501143" lon="30.5031173"/>
  <node id="1529446831" lat="50.4501470" lon="30.5031656"/>
  <node id="1529446868" lat="50.4501904" lon="30.5030590">
    <tag k="button_operated" v="no"/>
    <tag k="check_date" v="2025-05-12"/>
    <tag k="check_date:crossing" v="2021-02-16"/>
    <tag k="crossing" v="traffic_signals"/>
    <tag k="crossing:island" v="no"/>
    <tag k="crossing:markings" v="zebra"/>
    <tag k="highway" v="crossing"/>
    <tag k="kerb" v="lowered"/>
    <tag k="tactile_paving" v="yes"/>
    <tag k="traffic_signals:countdown" v="yes"/>
    <tag k="traffic_signals:sound" v="no"/>
    <tag k="traffic_signals:vibration" v="no"/>
  </node>
  <node id="1529446873" lat="50.4506133" lon="30.5102372"/>
  <node id="1529446922" lat="50.4506207" lon="30.5101915"/>
  <node id="1529446931" lat="50.4507305" lon="30.5102777">
    <tag k="crossing" v="uncontrolled"/>
    <tag k="crossing:island" v="yes"/>
    <tag k="highway" v="crossing"/>
  </node>
  <node id="1529446957" lat="50.4507254" lon="30.5103744">
    <tag k="check_date:crossing" v="2021-01-30"/>
    <tag k="crossing" v="uncontrolled"/>
    <tag k="crossing:markings" v="zebra:double"/>
    <tag k="highway" v="crossing"/>
  </node>
  <node id="1529446960" lat="50.4515559" lon="30.5076196"/>
  <node id="1529446963" lat="50.4520086" lon="30.5085686"/>
  <node id="1529446965" lat="50.4519940" lon="30.5086814"/>
  <node id="1529446967" lat="50.4520140" lon="30.5086239"/>
  <node id="1568021192" lat="50.4494272" lon="30.5120210"/>
  <node id="1568021759" lat="50.4508205" lon="30.5140123"/>
  <node id="1568021773" lat="50.4508674" lon="30.5140180"/>
  <node id="1568021788" lat="50.4509042" lon="30.5139790"/>
  <node id="1568021810" lat="50.4511389" lon="30.5099920"/>
  <node id="1568021814" lat="50.4511647" lon="30.5099608">
    <tag k="crossing" v="uncontrolled"/>
    <tag k="highway" v="crossing"/>
  </node>
  <node id="1568021816" lat="50.4511948" lon="30.5099242"/>
  <node id="1568021827" lat="50.4512083" lon="30.5129758"/>
  <node id="1568021837" lat="50.4511413" lon="30.5097550"/>
  <node id="1568021841" lat="50.4511728" lon="30.5098096">
    <tag k="crossing" v="uncontrolled"/>
    <tag k="highway" v="crossing"/>
  </node>
  <node id="1568021857" lat="50.4512199" lon="30.5098912"/>
  <node id="1568021859" lat="50.4518450" lon="30.5108095"/>
  <node id="1568021860" lat="50.4518615" lon="30.5108592"/>
  <node id="1568021861" lat="50.4518522" lon="30.5109286"/>
  <node id="1568021866" lat="50.4518903" lon="30.5108059">
    <tag k="crossing" v="uncontrolled"/>
    <tag k="highway" v="crossing"/>
  </node>
  <node id="1568021882" lat="50.4518967" lon="30.5107162"/>
  <node id="1568021884" lat="50.4519334" lon="30.5107263"/>
  <node id="1568021892" lat="50.4519609" lon="30.5107202"/>
  <node id="1568021896" lat="50.4520234" lon="30.5087354">
    <tag k="button_operated" v="no"/>
    <tag k="check_date" v="2025-05-12"/>
    <tag k="check_date:crossing" v="2021-07-02"/>
    <tag k="crossing" v="traffic_signals"/>
    <tag k="crossing:island" v="no"/>
    <tag k="crossing:markings" v="zebra"/>
    <tag k="flashing_lights" v="no"/>
    <tag k="highway" v="crossing"/>
    <tag k="kerb" v="lowered"/>
    <tag k="tactile_paving" v="no"/>
    <tag k="traffic_signals:countdown" v="yes"/>
    <tag k="traffic_signals:sound" v="no"/>
    <tag k="traffic_signals:vibration" v="no"/>
  </node>
  <node id="1568021912" lat="50.4520797" lon="30.5087612"/>
  <node id="1568021915" lat="50.4520817" lon="30.5085406">
    <tag k="button_operated" v="no"/>
    <tag k="check_date" v="2025-05-12"/>
    <tag k="check_date:crossing" v="2021-07-02"/>
    <tag k="crossing" v="traffic_signals"/>
    <tag k="crossing:island" v="no"/>
    <tag k="crossing:markings" v="zebra"/>
    <tag k="highway" v="crossing"/>
    <tag k="kerb" v="lowered"/>
    <tag k="tactile_paving" v="no"/>
    <tag k="traffic_signals:countdown" v="yes"/>
    <tag k="traffic_signals:sound" v="no"/>
    <tag k="traffic_signals:vibration" v="no"/>
  </node>
  <node id="1568021918" lat="50.4521150" lon="30.5087416"/>
  <node id="1568021921" lat="50.4521680" lon="30.5087531"/>
  <node id="1568021931" lat="50.4521958" lon="30.5087204">
    <tag k="button_operated" v="no"/>
    <tag k="check_date" v="2025-05-12"/>
    <tag k="check_date:crossing" v="2021-07-02"/>
    <tag k="crossing" v="traffic_signals"/>
    <tag k="crossing:island" v="no"/>
    <tag k="crossing:markings" v="zebra"/>
    <tag k="highway" v="crossing"/>
    <tag k="kerb" v="lowered"/>
    <tag k="tactile_paving" v="no"/>
    <tag k="traffic_signals:countdown" v="yes"/>
    <tag k="traffic_signals:sound" v="no"/>
    <tag k="traffic_signals:vibration" v="no"/>
  </node>
  <node id="1568021934" lat="50.4526915" lon="30.5094389"/>
  <node id="1568021935" lat="50.4527013" lon="30.5094759"/>
  <node id="1568021936" lat="50.4526955" lon="30.5095355"/>
  <node id="1568021937" lat="50.4527088" lon="30.5094119">
    <tag k="check_date:crossing" v="2021-06-19"/>
    <tag k="crossing" v="uncontrolled"/>
    <tag k="highway" v="crossing"/>
  </node>
  <node id="1586671878" lat="50.4464894" lon="30.5115204"/>
  <node id="1590033957" lat="50.4492188" lon="30.5134733">
    <tag k="check_date" v="2025-05-12"/>
    <tag k="crossing" v="uncontrolled"/>
    <tag k="crossing:island" v="no"/>
    <tag k="crossing:markings" v="yes"/>
    <tag k="crossing_ref" v="zebra"/>
    <tag k="highway" v="crossing"/>
    <tag k="kerb" v="lowered"/>
    <tag k="tactile_paving" v="no"/>
  </node>
  <node id="1590033959" lat="50.4495055" lon="30.5135930"/>
  <node id="1590033960" lat="50.4495221" lon="30.5134890"/>
  <node id="1590033961" lat="50.4495925" lon="30.5130492"/>
  <node id="1590033984" lat="50.4511972" lon="30.5137798">
    <tag k="crossing" v="uncontrolled"/>
    <tag k="highway" v="crossing"/>
  </node>
  <node id="1590034029" lat="50.4514453" lon="30.5124117"/>
  <node id="1590034039" lat="50.4515122" lon="30.5124595"/>
  <node id="1590034045" lat="50.4516682" lon="30.5120165"/>
  <node id="1590034055" lat="50.4518692" lon="30.5121375"/>
  <node id="1590034068" lat="50.4519802" lon="30.5119270"/>
  <node id="1590034074" lat="50.4520702" lon="30.5118485"/>
  <node id="1590034076" lat="50.4521332" lon="30.5118579"/>
  <node id="1590034079" lat="50.4522634" lon="30.5119851"/>
  <node id="1590034098" lat="50.4526081" lon="30.5113723">
    <tag k="access" v="permit"/>
    <tag k="barrier" v="lift_gate"/>
    <tag k="colour" v="#4f7a28"/>
    <tag k="lift_gate:type" v="single"/>
    <tag k="locked" v="yes"/>
    <tag k="material" v="metal"/>
  </node>
  <node id="1590034109" lat="50.4533474" lon="30.5120134"/>
  <node id="1590034126" lat="50.4536842" lon="30.5122686"/>
  <node id="1603259528" lat="50.4510658" lon="30.5099434">
    <tag k="check_date:crossing" v="2021-11-20"/>
    <tag k="crossing" v="uncontrolled"/>
    <tag k="crossing_ref" v="zebra"/>
    <tag k="highway" v="crossing"/>
  </node>
  <node id="1603259534" lat="50.4511109" lon="30.5100269"/>
  <node id="1614315049" lat="50.4473864" lon="30.5153463"/>
  <node id="1628109750" lat="50.4490939" lon="30.5047062"/>
  <node id="1648540568" lat="50.4491473" lon="30.5076605"/>
  <node id="1648540569" lat="50.4490205" lon="30.5076111"/>
  <node id="1648540570" lat="50.4491760" lon="30.5076718"/>
  <node id="1662636966" lat="50.4451769" lon="30.5039113"/>
  <node id="1662636976" lat="50.4472382" lon="30.5066796"/>
  <node id="1662636979" lat="50.4472945" lon="30.5067020"/>
  <node id="1662636982" lat="50.4474230" lon="30.5055534"/>
  <node id="1662636984" lat="50.4474345" lon="30.5067576"/>
  <node id="1662636986" lat="50.4478602" lon="30.5156982"/>
  <node id="1662636987" lat="50.4480943" lon="30.5138012"/>
  <node id="1662636989" lat="50.4480670" lon="30.5139657">
    <tag k="name" v="Золоті ворота"/>
    <tag k="name:ru" v="Золотые ворота"/>
    <tag k="name:uk" v="Золоті ворота"/>
    <tag k="operator" v="КП «Київський метрополітен»"/>
    <tag k="railway" v="subway_entrance"/>
    <tag k="ref" v="2"/>
    <tag k="wheelchair" v="no"/>
    <tag k="wheelchair:description" v="Всі входи до вестибюлю тільки по сходам, підйомників нема."/>
  </node>
  <node id="1662636991" lat="50.4483377" lon="30.5135005"/>
  <node id="1662636993" lat="50.4518608" lon="30.5079786"/>
  <node id="1751045570" lat="50.4525986" lon="30.5159045"/>
  <node id="1751045587" lat="50.4541518" lon="30.5163798">
    <tag k="barrier" v="kerb"/>
    <tag k="kerb" v="lowered"/>
  </node>
  <node id="2079994033" lat="50.4488332" lon="30.5146760"/>
  <node id="2299819979" lat="50.4486961" lon="30.5160739"/>
  <node id="2299822113" lat="50.4490514" lon="30.5156822"/>
  <node id="2299822116" lat="50.4487212" lon="30.5159208"/>
  <node id="2318844161" lat="50.4518597" lon="30.5135945"/>
  <node id="2318844162" lat="50.4518558" lon="30.5134233"/>
  <node id="2318844163" lat="50.4518881" lon="30.5137448"/>
  <node id="2318844164" lat="50.4518688" lon="30.5132697"/>
  <node id="2318844165" lat="50.4518987" lon="30.5131218"/>
  <node id="2318844166" lat="50.4519207" lon="30.5138956"/>
  <node id="2318844167" lat="50.4519343" lon="30.5139909"/>
  <node id="2318844168" lat="50.4519500" lon="30.5129791"/>
  <node id="2318844169" lat="50.4520125" lon="30.5141573"/>
  <node id="2318844170" lat="50.4520323" lon="30.5124072"/>
  <node id="2318844171" lat="50.4520219" lon="30.5128627"/>
  <node id="2318844172" lat="50.4522100" lon="30.5142294"/>
  <node id="2318844173" lat="50.4521934" lon="30.5126228"/>
  <node id="2318844174" lat="50.4522205" lon="30.5126856"/>
  <node id="2318844175" lat="50.4523202" lon="30.5143581"/>
  <node id="2318844176" lat="50.4523745" lon="30.5141743"/>
  <node id="2318844177" lat="50.4523656" lon="30.5145157"/>
  <node id="2318844178" lat="50.4523358" lon="30.5129744"/>
  <node id="2318844179" lat="50.4524978" lon="30.5142602"/>
  <node id="2318844180" lat="50.4525121" lon="30.5142940"/>
  <node id="2318844181" lat="50.4527848" lon="30.5150307"/>
  <node id="2318844182" lat="50.4526286" lon="30.5139598"/>
  <node id="2318844183" lat="50.4527117" lon="30.5138531"/>
  <node id="2318844184" lat="50.4527814" lon="30.5140115"/>
  <node id="2318844185" lat="50.4528113" lon="30.5151093"/>
  <node id="2318844186" lat="50.4528552" lon="30.5137052"/>
  <node id="2318844187" lat="50.4528247" lon="30.5151665"/>
  <node id="2318844188" lat="50.4529457" lon="30.5136947"/>
  <node id="2318844190" lat="50.4530141" lon="30.5137003"/>
  <node id="2318844192" lat="50.4532078" lon="30.5147216"/>
  <node id="2318844193" lat="50.4530677" lon="30.5137218"/>
  <node id="2318844194" lat="50.4531765" lon="30.5138528"/>
  <node id="2318844195" lat="50.4530871" lon="30.5148826"/>
  <node id="2318844199" lat="50.4532727" lon="30.5151198"/>
  <node id="2318844200" lat="50.4533159" lon="30.5146759"/>
  <node id="2318844202" lat="50.4533712" lon="30.5143272"/>
  <node id="2318844203" lat="50.4533341" lon="30.5147907"/>
  <node id="2318844204" lat="50.4533028" lon="30.5150573"/>
  <node id="2318844205" lat="50.4533351" lon="30.5148808"/>
  <node id="2318844206" lat="50.4533196" lon="30.5149788"/>
  <node id="2346526335" lat="50.4463316" lon="30.5033755"/>
  <node id="2392875836" lat="50.4490638" lon="30.5045879"/>
  <node id="2392875842" lat="50.4486553" lon="30.5043810"/>
  <node id="2401343194" lat="50.4513228" lon="30.5095261"/>
  <node id="2401343196" lat="50.4513539" lon="30.5095858"/>
  <node id="2401343197" lat="50.4506759" lon="30.5083643"/>
  <node id="2401343198" lat="50.4501464" lon="30.5069869"/>
  <node id="2401343209" lat="50.4513059" lon="30.5094830">
    <tag k="access" v="yes"/>
    <tag k="barrier" v="gate"/>
    <tag k="motor_vehicle" v="no"/>
  </node>
  <node id="2401343210" lat="50.4499430" lon="30.5078100"/>
  <node id="2401343211" lat="50.4502040" lon="30.5084148"/>
  <node id="2401343212" lat="50.4501156" lon="30.5075595"/>
  <node id="2401343216" lat="50.4500472" lon="30.5082609"/>
  <node id="2401343218" lat="50.4500649" lon="30.5076063"/>
  <node id="2401346477" lat="50.4509754" lon="30.5057846"/>
  <node id="2401346478" lat="50.4500596" lon="30.5067076"/>
  <node id="2401346479" lat="50.4500869" lon="30.5066298"/>
  <node id="2401346480" lat="50.4510375" lon="30.5057311"/>
  <node id="2401346481" lat="50.4504926" lon="30.5063361"/>
  <node id="2401346482" lat="50.4506058" lon="30.5060694"/>
  <node id="2401347944" lat="50.4512075" lon="30.5092956">
    <tag k="barrier" v="lift_gate"/>
    <tag k="motor_vehicle" v="no"/>
  </node>
  <node id="2432806464" lat="50.4491561" lon="30.5132581">
    <tag k="check_date" v="2025-05-12"/>
    <tag k="crossing" v="uncontrolled"/>
    <tag k="crossing:island" v="no"/>
    <tag k="crossing:markings" v="yes"/>
    <tag k="crossing_ref" v="zebra"/>
    <tag k="highway" v="crossing"/>
    <tag k="kerb" v="lowered"/>
    <tag k="tactile_paving" v="no"/>
  </node>
  <node id="2438865431" lat="50.4500465" lon="30.5137016"/>
  <node id="2438865432" lat="50.4501023" lon="30.5133428"/>
  <node id="2438865434" lat="50.4502377" lon="30.5133959"/>
  <node id="2438865436" lat="50.4502880" lon="30.5131131"/>
  <node id="2438865437" lat="50.4503218" lon="30.5114032"/>
  <node id="2438865438" lat="50.4504117" lon="30.5115891"/>
  <node id="2438865439" lat="50.4503925" lon="30.5129987"/>
  <node id="2438865441" lat="50.4505955" lon="30.5131397"/>
  <node id="2438865442" lat="50.4506196" lon="30.5120221"/>
  <node id="2438865443" lat="50.4507320" lon="30.5127605"/>
  <node id="2438865444" lat="50.4509909" lon="30.5116415"/>
  <node id="2438865445" lat="50.4510114" lon="30.5131048"/>
  <node id="2438865447" lat="50.4511344" lon="30.5116857"/>
  <node id="2438865448" lat="50.4511042" lon="30.5117866"/>
  <node id="2438865449" lat="50.4511389" lon="30.5132069"/>
  <node id="2438865450" lat="50.4514550" lon="30.5122042"/>
  <node id="2438865451" lat="50.4515053" lon="30.5108835"/>
  <node id="2438865453" lat="50.4516399" lon="30.5105489"/>
  <node id="2513517409" lat="50.4512040" lon="30.5129686">
    <tag k="access" v="permissive"/>
    <tag k="barrier" v="gate"/>
  </node>
  <node id="2627620332" lat="50.4471627" lon="30.5060526"/>
  <node id="2627620334" lat="50.4472307" lon="30.5060838">
    <tag k="crossing:island" v="no"/>
    <tag k="highway" v="traffic_signals"/>
    <tag k="traffic_signals" v="blinker"/>
  </node>
  <node id="2627620340" lat="50.4473287" lon="30.5061281"/>
  <node id="2667681172" lat="50.4487739" lon="30.5139201"/>
  <node id="2667681173" lat="50.4487574" lon="30.5140059"/>
  <node id="2667708394" lat="50.4473659" lon="30.5146632"/>
  <node id="2667728118" lat="50.4472921" lon="30.5123967"/>
  <node id="2667728120" lat="50.4473186" lon="30.5124361"/>
  <node id="2683070541" lat="50.4486796" lon="30.5167510"/>
  <node id="2683070551" lat="50.4490127" lon="30.5147764"/>
  <node id="2683070567" lat="50.4496187" lon="30.5171126"/>
  <node id="2683070584" lat="50.4503719" lon="30.5152941"/>
  <node id="2688507240" lat="50.4466020" lon="30.5157452"/>
  <node id="2688507245" lat="50.4467559" lon="30.5158060"/>
  <node id="2705686489" lat="50.4463509" lon="30.5150089"/>
  <node id="2705686490" lat="50.4477285" lon="30.5149194"/>
  <node id="2705686512" lat="50.4478011" lon="30.5148141"/>
  <node id="2750533915" lat="50.4486888" lon="30.5139734"/>
  <node id="2750533916" lat="50.4486857" lon="30.5139418"/>
  <node id="2750533917" lat="50.4486916" lon="30.5139111"/>
  <node id="2750533918" lat="50.4487053" lon="30.5138875"/>
  <node id="2750533919" lat="50.4487384" lon="30.5140178"/>
  <node id="2758058498" lat="50.4506275" lon="30.5127145"/>
  <node id="2758058501" lat="50.4505824" lon="30.5124147"/>
  <node id="2758058503" lat="50.4507101" lon="30.5122178"/>
  <node id="2758058511" lat="50.4517090" lon="30.5105154"/>
  <node id="2758058513" lat="50.4518929" lon="30.5101946"/>
  <node id="2758058515" lat="50.4518189" lon="30.5100908"/>
  <node id="2758058517" lat="50.4519626" lon="30.5098654"/>
  <node id="2758058518" lat="50.4520877" lon="30.5100385"/>
  <node id="2758058520" lat="50.4522881" lon="30.5102021"/>
  <node id="2763492800" lat="50.4507271" lon="30.5030780"/>
  <node id="2763492801" lat="50.4507368" lon="30.5034097"/>
  <node id="2763492802" lat="50.4508754" lon="30.5039746"/>
  <node id="2763492803" lat="50.4510013" lon="30.5038709"/>
  <node id="2763492804" lat="50.4511068" lon="30.5041951"/>
  <node id="2763492807" lat="50.4508046" lon="30.5047947"/>
  <node id="2763492808" lat="50.4508949" lon="30.5028286"/>
  <node id="2763492817" lat="50.4512142" lon="30.5019348"/>
  <node id="2763492818" lat="50.4534592" lon="30.5039440"/>
  <node id="2763492821" lat="50.4531715" lon="30.5042327"/>
  <node id="2763492822" lat="50.4528462" lon="30.5044226"/>
  <node id="2763492824" lat="50.4524635" lon="30.5048799"/>
  <node id="2763492826" lat="50.4525474" lon="30.5051761"/>
  <node id="2763492827" lat="50.4520598" lon="30.5057374"/>
  <node id="2763492829" lat="50.4519300" lon="30.5058453"/>
  <node id="2763492831" lat="50.4518849" lon="30.5060098"/>
  <node id="2763492833" lat="50.4517779" lon="30.5060821"/>
  <node id="2763492836" lat="50.4516113" lon="30.5062903"/>
  <node id="2763492920" lat="50.4491574" lon="30.5036356"/>
  <node id="2763492922" lat="50.4487483" lon="30.5029233"/>
  <node id="2766334859" lat="50.4513260" lon="30.5145591"/>
  <node id="2766334860" lat="50.4512698" lon="30.5144444"/>
  <node id="2932877846" lat="50.4463472" lon="30.5032888"/>
  <node id="2932877847" lat="50.4477153" lon="30.5039196">
    <tag k="button_operated" v="no"/>
    <tag k="crossing" v="traffic_signals"/>
    <tag k="crossing:island" v="no"/>
    <tag k="highway" v="crossing"/>
    <tag k="traffic_signals:sound" v="no"/>
    <tag k="traffic_signals:vibration" v="no"/>
  </node>
  <node id="3139635812" lat="50.4486991" lon="30.5046505"/>
  <node id="3139635813" lat="50.4487473" lon="30.5048825"/>
  <node id="3139635814" lat="50.4488225" lon="30.5050005"/>
  <node id="3139635815" lat="50.4489446" lon="30.5050555"/>
  <node id="3139635816" lat="50.4493171" lon="30.5051453"/>
  <node id="3139635817" lat="50.4493811" lon="30.5053523"/>
  <node id="3139635818" lat="50.4492353" lon="30.5053107">
    <tag k="amenity" v="parking"/>
    <tag k="fee" v="yes"/>
    <tag k="layer" v="-1"/>
    <tag k="parking" v="underground"/>
  </node>
  <node id="3139635819" lat="50.4489494" lon="30.5052005"/>
  <node id="3143463349" lat="50.4469766" lon="30.5140646"/>
  <node id="3143463352" lat="50.4470204" lon="30.5138008"/>
  <node id="3143463353" lat="50.4474370" lon="30.5142167"/>
  <node id="3143463354" lat="50.4474148" lon="30.5143562"/>
  <node id="3143474319" lat="50.4502400" lon="30.5112456">
    <tag k="barrier" v="gate"/>
  </node>
  <node id="3143474323" lat="50.4511315" lon="30.5132004"/>
  <node id="3143539929" lat="50.4508165" lon="30.5071525"/>
  <node id="3143539930" lat="50.4508837" lon="30.5071018"/>
  <node id="3143539931" lat="50.4510157" lon="30.5069973"/>
  <node id="3143539932" lat="50.4511384" lon="30.5068982"/>
  <node id="3143539933" lat="50.4511763" lon="30.5069964"/>
  <node id="3143539934" lat="50.4512892" lon="30.5067766">
    <tag k="access" v="private"/>
    <tag k="barrier" v="gate"/>
    <tag k="foot" v="no"/>
    <tag k="motor_vehicle" v="yes"/>
  </node>
  <node id="3143539936" lat="50.4513239" lon="30.5068864"/>
  <node id="3143539937" lat="50.4513509" lon="30.5067232"/>
  <node id="3150077928" lat="50.4475719" lon="30.5146047"/>
  <node id="3150078729" lat="50.4475793" lon="30.5145514"/>
  <node id="3150078730" lat="50.4476227" lon="30.5142816"/>
  <node id="3150078731" lat="50.4476586" lon="30.5140620"/>
  <node id="3150078732" lat="50.4477661" lon="30.5146859"/>
  <node id="3295629159" lat="50.4471975" lon="30.5137058"/>
  <node id="3295633461" lat="50.4471702" lon="30.5138621">
    <tag k="crossing" v="uncontrolled"/>
    <tag k="crossing:island" v="no"/>
    <tag k="crossing:markings" v="zebra"/>
    <tag k="highway" v="crossing"/>
    <tag k="tactile_paving" v="no"/>
  </node>
  <node id="3295639287" lat="50.4491015" lon="30.5135879">
    <tag k="check_date" v="2025-05-12"/>
    <tag k="crossing" v="uncontrolled"/>
    <tag k="crossing:island" v="no"/>
    <tag k="crossing:markings" v="yes"/>
    <tag k="crossing_ref" v="zebra"/>
    <tag k="highway" v="crossing"/>
    <tag k="kerb" v="lowered"/>
    <tag k="tactile_paving" v="no"/>
  </node>
  <node id="3296802896" lat="50.4500608" lon="30.5136085"/>
  <node id="3296802897" lat="50.4500959" lon="30.5133916"/>
  <node id="3296802898" lat="50.4506236" lon="30.5105210"/>
  <node id="3296802899" lat="50.4506564" lon="30.5105945"/>
  <node id="3296802900" lat="50.4506921" lon="30.5106668"/>
  <node id="3296802901" lat="50.4508039" lon="30.5108755"/>
  <node id="3296802902" lat="50.4507864" lon="30.5108435"/>
  <node id="3298087222" lat="50.4508251" lon="30.5109346">
    <tag k="barrier" v="entrance"/>
  </node>
  <node id="3298087223" lat="50.4508560" lon="30.5110230"/>
  <node id="3298087224" lat="50.4508774" lon="30.5110971"/>
  <node id="3298087225" lat="50.4509655" lon="30.5112675"/>
  <node id="3298087226" lat="50.4510292" lon="30.5114325">
    <tag k="access" v="private"/>
    <tag k="barrier" v="lift_gate"/>
  </node>
  <node id="3298087227" lat="50.4514950" lon="30.5122524"/>
  <node id="3331633598" lat="50.4495633" lon="30.5020132"/>
  <node id="3331633600" lat="50.4492544" lon="30.5034709"/>
  <node id="3331633601" lat="50.4495271" lon="30.5027504"/>
  <node id="3331633602" lat="50.4496732" lon="30.5032333"/>
  <node id="3331633604" lat="50.4495985" lon="30.5018757"/>
  <node id="3331633605" lat="50.4499098" lon="30.5028452"/>
  <node id="3331633606" lat="50.4493315" lon="30.5032967"/>
  <node id="3342628895" lat="50.4484273" lon="30.5122634"/>
  <node id="3342628896" lat="50.4485599" lon="30.5114346"/>
  <node id="3342628897" lat="50.4487729" lon="30.5116389"/>
  <node id="3342628898" lat="50.4487841" lon="30.5117345"/>
  <node id="3342628899" lat="50.4489937" lon="30.5118230"/>
  <node id="3342628900" lat="50.4491041" lon="30.5116850"/>
  <node id="3342628901" lat="50.4491424" lon="30.5114514"/>
  <node id="3342628902" lat="50.4483038" lon="30.5112931"/>
  <node id="3384027141" lat="50.4473798" lon="30.5145757">
    <tag k="barrier" v="bollard"/>
  </node>
  <node id="3384027142" lat="50.4478171" lon="30.5148572"/>
  <node id="3384027143" lat="50.4478176" lon="30.5148835"/>
  <node id="3384027144" lat="50.4477212" lon="30.5148970"/>
  <node id="3384027145" lat="50.4478126" lon="30.5149085"/>
  <node id="3384027146" lat="50.4478026" lon="30.5149295"/>
  <node id="3384027147" lat="50.4477887" lon="30.5149441"/>
  <node id="3384027148" lat="50.4477725" lon="30.5149506"/>
  <node id="3384027149" lat="50.4477559" lon="30.5149483"/>
  <node id="3384027150" lat="50.4477406" lon="30.5149375"/>
  <node id="3384027151" lat="50.4477187" lon="30.5148720"/>
  <node id="3384027152" lat="50.4477215" lon="30.5148471"/>
  <node id="3384027153" lat="50.4477292" lon="30.5148249"/>
  <node id="3384027154" lat="50.4477410" lon="30.5148078"/>
  <node id="3384027155" lat="50.4477557" lon="30.5147974"/>
  <node id="3384027156" lat="50.4477718" lon="30.5147950"/>
  <node id="3384027157" lat="50.4477874" lon="30.5148008"/>
  <node id="3384027158" lat="50.4478113" lon="30.5148336"/>
  <node id="3384027169" lat="50.4473234" lon="30.5141721"/>
  <node id="3421744162" lat="50.4472713" lon="30.5160087">
    <tag k="barrier" v="gate"/>
    <tag k="motor_vehicle" v="permissive"/>
  </node>
  <node id="3421744163" lat="50.4472777" lon="30.5160117"/>
  <node id="3421744175" lat="50.4480905" lon="30.5157368"/>
  <node id="3421744176" lat="50.4481414" lon="30.5154045"/>
  <node id="3421744177" lat="50.4480491" lon="30.5152667"/>
  <node id="3421744178" lat="50.4481536" lon="30.5142658"/>
  <node id="3421744179" lat="50.4483152" lon="30.5152819"/>
  <node id="3421744180" lat="50.4483675" lon="30.5149627"/>
  <node id="3421744182" lat="50.4478053" lon="30.5148349"/>
  <node id="3421744183" lat="50.4477272" lon="30.5153354"/>
  <node id="3421744184" lat="50.4477661" lon="30.5150945"/>
  <node id="3458208554" lat="50.4493124" lon="30.5050685"/>
  <node id="3506121772" lat="50.4512421" lon="30.5156661">
    <tag k="button_operated" v="no"/>
    <tag k="check_date:traffic_signals:sound" v="2025-12-23"/>
    <tag k="crossing" v="traffic_signals"/>
    <tag k="highway" v="crossing"/>
    <tag k="traffic_signals:sound" v="no"/>
    <tag k="traffic_signals:vibration" v="no"/>
  </node>
  <node id="3506121773" lat="50.4513141" lon="30.5156824"/>
  <node id="3506121775" lat="50.4513874" lon="30.5157104"/>
  <node id="3506121776" lat="50.4514068" lon="30.5144290"/>
  <node id="3506121777" lat="50.4514130" lon="30.5155657">
    <tag k="button_operated" v="no"/>
    <tag k="check_date" v="2025-05-12"/>
    <tag k="crossing" v="traffic_signals"/>
    <tag k="crossing:island" v="no"/>
    <tag k="crossing:markings" v="zebra"/>
    <tag k="highway" v="crossing"/>
    <tag k="traffic_signals:countdown" v="yes"/>
    <tag k="traffic_signals:sound" v="no"/>
    <tag k="traffic_signals:vibration" v="no"/>
  </node>
  <node id="3506121778" lat="50.4514421" lon="30.5154006"/>
  <node id="3506121779" lat="50.4514582" lon="30.5162473"/>
  <node id="3506121782" lat="50.4515147" lon="30.5158946"/>
  <node id="3506121783" lat="50.4515301" lon="30.5157986"/>
  <node id="3506121784" lat="50.4515324" lon="30.5157685"/>
  <node id="3506121785" lat="50.4515579" lon="30.5156272"/>
  <node id="3506121786" lat="50.4517975" lon="30.5145131"/>
  <node id="3506121790" lat="50.4517767" lon="30.5161948"/>
  <node id="3506121791" lat="50.4518218" lon="30.5159141">
    <tag k="barrier" v="gate"/>
  </node>
  <node id="3506121792" lat="50.4518254" lon="30.5158878"/>
  <node id="3506121893" lat="50.4518463" lon="30.5157493"/>
  <node id="3506121894" lat="50.4518742" lon="30.5157611"/>
  <node id="3506121895" lat="50.4519251" lon="30.5156111"/>
  <node id="3506121896" lat="50.4520415" lon="30.5152925"/>
  <node id="3506121899" lat="50.4520904" lon="30.5150606"/>
  <node id="3506121905" lat="50.4522778" lon="30.5160947">
    <tag k="barrier" v="gate"/>
  </node>
  <node id="3506121906" lat="50.4522819" lon="30.5160710"/>
  <node id="3506121907" lat="50.4523045" lon="30.5159434"/>
  <node id="3506121916" lat="50.4525087" lon="30.5148009">
    <tag k="entrance" v="yes"/>
  </node>
  <node id="3506121917" lat="50.4525216" lon="30.5136342"/>
  <node id="3506121919" lat="50.4525506" lon="30.5134827">
    <tag k="entrance" v="yes"/>
  </node>
  <node id="3506121921" lat="50.4525749" lon="30.5135334"/>
  <node id="3506121922" lat="50.4525432" lon="30.5161812"/>
  <node id="3506121924" lat="50.4525504" lon="30.5138531"/>
  <node id="3506121925" lat="50.4525935" lon="30.5135707"/>
  <node id="3506121927" lat="50.4525810" lon="30.5140316"/>
  <node id="3506121933" lat="50.4526505" lon="30.5146599"/>
  <node id="3506121935" lat="50.4526903" lon="30.5134471"/>
  <node id="3506121938" lat="50.4527997" lon="30.5140517"/>
  <node id="3506121940" lat="50.4527997" lon="30.5131811"/>
  <node id="3506121941" lat="50.4529274" lon="30.5149703"/>
  <node id="3506121942" lat="50.4530308" lon="30.5137465"/>
  <node id="3506121948" lat="50.4533116" lon="30.5145020"/>
  <node id="3506121954" lat="50.4534999" lon="30.5145702">
    <tag k="barrier" v="gate"/>
  </node>
  <node id="3506782005" lat="50.4511585" lon="30.5151909">
    <tag k="entrance" v="yes"/>
  </node>
  <node id="3506782007" lat="50.4513546" lon="30.5153120">
    <tag k="button_operated" v="no"/>
    <tag k="check_date" v="2025-05-12"/>
    <tag k="crossing" v="traffic_signals"/>
    <tag k="crossing:island" v="no"/>
    <tag k="crossing:markings" v="zebra"/>
    <tag k="footway" v="crossing"/>
    <tag k="highway" v="crossing"/>
    <tag k="traffic_signals:countdown" v="yes"/>
    <tag k="traffic_signals:sound" v="no"/>
    <tag k="traffic_signals:vibration" v="no"/>
  </node>
  <node id="3506782008" lat="50.4514192" lon="30.5153481"/>
  <node id="3506782009" lat="50.4514273" lon="30.5147198"/>
  <node id="3506782012" lat="50.4514699" lon="30.5143873">
    <tag k="barrier" v="lift_gate"/>
  </node>
  <node id="3506782014" lat="50.4515307" lon="30.5141690"/>
  <node id="3506782016" lat="50.4514870" lon="30.5143910">
    <tag k="access" v="no"/>
    <tag k="barrier" v="gate"/>
  </node>
  <node id="3506782020" lat="50.4515464" lon="30.5144183">
    <tag k="barrier" v="gate"/>
  </node>
  <node id="3506782021" lat="50.4515735" lon="30.5138623"/>
  <node id="3506782023" lat="50.4516059" lon="30.5144457"/>
  <node id="3537025315" lat="50.4502126" lon="30.5111185"/>
  <node id="3537025317" lat="50.4502632" lon="30.5112159">
    <tag k="access" v="permissive"/>
    <tag k="barrier" v="gate"/>
  </node>
  <node id="3537025320" lat="50.4503261" lon="30.5151249"/>
  <node id="3537025322" lat="50.4503446" lon="30.5154623"/>
  <node id="3537025323" lat="50.4503450" lon="30.5113735"/>
  <node id="3537025324" lat="50.4503667" lon="30.5148811">
    <tag k="barrier" v="gate"/>
  </node>
  <node id="3537025325" lat="50.4503654" lon="30.5153342">
    <tag k="barrier" v="gate"/>
  </node>
  <node id="3537025327" lat="50.4503716" lon="30.5114273"/>
  <node id="3537025328" lat="50.4503804" lon="30.5122034"/>
  <node id="3537025329" lat="50.4504242" lon="30.5145359"/>
  <node id="3537025330" lat="50.4503948" lon="30.5151524"/>
  <node id="3537025331" lat="50.4504249" lon="30.5145195"/>
  <node id="3537025332" lat="50.4504092" lon="30.5121666"/>
  <node id="3537025333" lat="50.4504371" lon="30.5123829">
    <tag k="barrier" v="gate"/>
  </node>
  <node id="3537025335" lat="50.4504589" lon="30.5123552"/>
  <node id="3537025340" lat="50.4504832" lon="30.5140012"/>
  <node id="3537025343" lat="50.4505030" lon="30.5138819"/>
  <node id="3537025344" lat="50.4505301" lon="30.5118106"/>
  <node id="3537025345" lat="50.4505307" lon="30.5126056">
    <tag k="fixme" v="continue"/>
  </node>
  <node id="3537025346" lat="50.4505346" lon="30.5120065"/>
  <node id="3537025351" lat="50.4505850" lon="30.5119421"/>
  <node id="3537025352" lat="50.4505871" lon="30.5126876"/>
  <node id="3537025353" lat="50.4507691" lon="30.5135232"/>
  <node id="3537025362" lat="50.4507016" lon="30.5115982">
    <tag k="barrier" v="lift_gate"/>
    <tag k="bicycle" v="yes"/>
    <tag k="foot" v="yes"/>
  </node>
  <node id="3537025363" lat="50.4507294" lon="30.5150230">
    <tag k="entrance" v="yes"/>
  </node>
  <node id="3537025383" lat="50.4508277" lon="30.5128284"/>
  <node id="3537025384" lat="50.4508353" lon="30.5150644">
    <tag k="entrance" v="yes"/>
  </node>
  <node id="3537025390" lat="50.4508523" lon="30.5114115"/>
  <node id="3537025701" lat="50.4509416" lon="30.5129380"/>
  <node id="3537025706" lat="50.4510044" lon="30.5151306">
    <tag k="entrance" v="yes"/>
  </node>
  <node id="3537694838" lat="50.4508166" lon="30.5117702"/>
  <node id="3537694840" lat="50.4508638" lon="30.5118196"/>
  <node id="3540209655" lat="50.4493817" lon="30.5133558">
    <tag k="entrance" v="yes"/>
  </node>
  <node id="3540209657" lat="50.4495697" lon="30.5138652">
    <tag k="entrance" v="yes"/>
  </node>
  <node id="3540209660" lat="50.4495713" lon="30.5135096"/>
  <node id="3540209661" lat="50.4495857" lon="30.5134287"/>
  <node id="3540209666" lat="50.4496568" lon="30.5129699">
    <tag k="entrance" v="yes"/>
  </node>
  <node id="3540209668" lat="50.4497315" lon="30.5139316">
    <tag k="entrance" v="yes"/>
  </node>
  <node id="3540209671" lat="50.4498002" lon="30.5137160"/>
  <node id="3540209672" lat="50.4498184" lon="30.5136149"/>
  <node id="3540209674" lat="50.4498303" lon="30.5135349"/>
  <node id="3540209676" lat="50.4498175" lon="30.5134913">
    <tag k="barrier" v="gate"/>
  </node>
  <node id="3540209677" lat="50.4498444" lon="30.5139781">
    <tag k="barrier" v="gate"/>
  </node>
  <node id="3540209679" lat="50.4498595" lon="30.5138875">
    <tag k="barrier" v="lift_gate"/>
  </node>
  <node id="3540209680" lat="50.4498387" lon="30.5133663"/>
  <node id="3540209681" lat="50.4498824" lon="30.5137503"/>
  <node id="3540209690" lat="50.4500581" lon="30.5136259"/>
  <node id="3540212093" lat="50.4502370" lon="30.5137752"/>
  <node id="3540212094" lat="50.4502451" lon="30.5137259"/>
  <node id="3540212095" lat="50.4502525" lon="30.5136850">
    <tag k="addr:flats" v="35-36"/>
    <tag k="entrance" v="staircase"/>
    <tag k="ref" v="4"/>
  </node>
  <node id="3540212097" lat="50.4503369" lon="30.5144530"/>
  <node id="3540212101" lat="50.4503589" lon="30.5142175">
    <tag k="barrier" v="gate"/>
  </node>
  <node id="3540212106" lat="50.4503650" lon="30.5141814">
    <tag k="barrier" v="lift_gate"/>
  </node>
  <node id="3540212107" lat="50.4504007" lon="30.5139667"/>
  <node id="3540212119" lat="50.4507139" lon="30.5147039"/>
  <node id="3540212125" lat="50.4507670" lon="30.5143852">
    <tag k="barrier" v="gate"/>
  </node>
  <node id="3540212129" lat="50.4508083" lon="30.5141369"/>
  <node id="3540212160" lat="50.4512152" lon="30.5131386"/>
  <node id="3540212161" lat="50.4512828" lon="30.5131897">
    <tag k="barrier" v="lift_gate"/>
    <tag k="bicycle" v="yes"/>
    <tag k="foot" v="yes"/>
  </node>
  <node id="3540212162" lat="50.4513070" lon="30.5148949">
    <tag k="barrier" v="gate"/>
  </node>
  <node id="3540212167" lat="50.4514622" lon="30.5133253"/>
  <node id="3540212168" lat="50.4515552" lon="30.5130218"/>
  <node id="3541551427" lat="50.4474114" lon="30.5136841">
    <tag k="barrier" v="gate"/>
    <tag k="locked" v="yes"/>
  </node>
  <node id="3541551428" lat="50.4474442" lon="30.5134786"/>
  <node id="3541551432" lat="50.4477437" lon="30.5120003"/>
  <node id="3541551451" lat="50.4484644" lon="30.5135285">
    <tag k="name" v="Золоті ворота"/>
    <tag k="name:ru" v="Золотые ворота"/>
    <tag k="name:uk" v="Золоті ворота"/>
    <tag k="operator" v="Київський метрополітен"/>
    <tag k="railway" v="subway_entrance"/>
    <tag k="ref" v="1"/>
    <tag k="wheelchair" v="no"/>
  </node>
  <node id="3541551452" lat="50.4484663" lon="30.5135587"/>
  <node id="3541551453" lat="50.4484696" lon="30.5134978">
    <tag k="name" v="Золоті ворота"/>
    <tag k="name:ru" v="Золотые ворота"/>
    <tag k="name:uk" v="Золоті ворота"/>
    <tag k="operator" v="Київський метрополітен"/>
    <tag k="railway" v="subway_entrance"/>
    <tag k="ref" v="1"/>
    <tag k="wheelchair" v="no"/>
  </node>
  <node id="3541551454" lat="50.4484709" lon="30.5135312"/>
  <node id="3541551455" lat="50.4484761" lon="30.5135005"/>
  <node id="3541551458" lat="50.4485568" lon="30.5135823"/>
  <node id="3541551461" lat="50.4486822" lon="30.5134763"/>
  <node id="3541551469" lat="50.4489245" lon="30.5137568"/>
  <node id="3541551479" lat="50.4490275" lon="30.5131999"/>
  <node id="3541551481" lat="50.4490291" lon="30.5131475"/>
  <node id="3541551482" lat="50.4490305" lon="30.5131739"/>
  <node id="3541551484" lat="50.4490159" lon="30.5130556"/>
  <node id="3541551485" lat="50.4490296" lon="30.5131871"/>
  <node id="3731774850" lat="50.4460973" lon="30.5065260"/>
  <node id="3731774853" lat="50.4464228" lon="30.4962869"/>
  <node id="3731774862" lat="50.4493270" lon="30.5053340"/>
  <node id="3731774867" lat="50.4496505" lon="30.5031481"/>
  <node id="3733176289" lat="50.4473701" lon="30.5139430"/>
  <node id="3733176290" lat="50.4501679" lon="30.5110906"/>
  <node id="3734767538" lat="50.4473944" lon="30.5137905"/>
  <node id="3734767543" lat="50.4486203" lon="30.5160447"/>
  <node id="3738855683" lat="50.4531339" lon="30.5073518"/>
  <node id="3738855684" lat="50.4526238" lon="30.5063357"/>
  <node id="3738855685" lat="50.4530994" lon="30.5072902"/>
  <node id="3799277490" lat="50.4503479" lon="30.5114563"/>
  <node id="3831052068" lat="50.4525813" lon="30.5162209"/>
  <node id="3831052069" lat="50.4524289" lon="30.5169235"/>
  <node id="3831052071" lat="50.4522966" lon="30.5175011"/>
  <node id="3838936934" lat="50.4525682" lon="30.5160550">
    <tag k="button_operated" v="no"/>
    <tag k="crossing" v="traffic_signals"/>
    <tag k="crossing:island" v="no"/>
    <tag k="highway" v="crossing"/>
    <tag k="traffic_signals:sound" v="no"/>
    <tag k="traffic_signals:vibration" v="no"/>
  </node>
  <node id="3838936937" lat="50.4527145" lon="30.5159545"/>
  <node id="3838936941" lat="50.4529806" lon="30.5160701"/>
  <node id="3838936947" lat="50.4531858" lon="30.5162672"/>
  <node id="3838936952" lat="50.4534354" lon="30.5168240"/>
  <node id="3838936956" lat="50.4535494" lon="30.5169133"/>
  <node id="3869740728" lat="50.4458978" lon="30.4995266"/>
  <node id="3869875872" lat="50.4459473" lon="30.4992231"/>
  <node id="3981406714" lat="50.4475074" lon="30.5163023"/>
  <node id="4087908549" lat="50.4485205" lon="30.5166860"/>
  <node id="4102356988" lat="50.4521083" lon="30.5183055"/>
  <node id="4206960276" lat="50.4517909" lon="30.5079439"/>
  <node id="4206960277" lat="50.4520625" lon="30.5077328"/>
  <node id="4206960278" lat="50.4521897" lon="30.5079809"/>
  <node id="4206960279" lat="50.4521334" lon="30.5078704"/>
  <node id="4206960280" lat="50.4529241" lon="30.5069414"/>
  <node id="4216023712" lat="50.4509245" lon="30.5088419">
    <tag k="access" v="private"/>
    <tag k="barrier" v="gate"/>
    <tag k="foot" v="private"/>
  </node>
  <node id="4216023714" lat="50.4509917" lon="30.5089594">
    <tag k="barrier" v="lift_gate"/>
    <tag k="motor_vehicle" v="no"/>
  </node>
  <node id="4276917953" lat="50.4524569" lon="30.5052802"/>
  <node id="4276917956" lat="50.4523194" lon="30.5054028"/>
  <node id="4276917957" lat="50.4528844" lon="30.5044034"/>
  <node id="4276917960" lat="50.4530043" lon="30.5042954"/>
  <node id="4276917961" lat="50.4511289" lon="30.5058437"/>
  <node id="4276917962" lat="50.4515628" lon="30.5054821"/>
  <node id="4276917963" lat="50.4501249" lon="30.5075920"/>
  <node id="4276917964" lat="50.4501741" lon="30.5077531"/>
  <node id="4276917965" lat="50.4505471" lon="30.5080477"/>
  <node id="4276917966" lat="50.4506676" lon="30.5082673"/>
  <node id="4276917967" lat="50.4505109" lon="30.5080200"/>
  <node id="4276917968" lat="50.4510977" lon="30.5061712"/>
  <node id="4281982231" lat="50.4506409" lon="30.5104961"/>
  <node id="4281982233" lat="50.4503144" lon="30.5103204"/>
  <node id="4281982234" lat="50.4502604" lon="30.5103643"/>
  <node id="4319468477" lat="50.4500887" lon="30.5071805"/>
  <node id="4319468478" lat="50.4500746" lon="30.5072382"/>
  <node id="4319468479" lat="50.4500501" lon="30.5072632"/>
  <node id="4319468480" lat="50.4499050" lon="30.5073971"/>
  <node id="4319468481" lat="50.4498408" lon="30.5074454"/>
  <node id="4319468482" lat="50.4497531" lon="30.5074766"/>
  <node id="4319468483" lat="50.4496193" lon="30.5075277"/>
  <node id="4319468484" lat="50.4495335" lon="30.5076356"/>
  <node id="4319468485" lat="50.4498119" lon="30.5081714"/>
  <node id="4319468486" lat="50.4499500" lon="30.5080228"/>
  <node id="4319469007" lat="50.4516417" lon="30.5138545">
    <tag k="entrance" v="yes"/>
    <tag k="ref" v="1"/>
  </node>
  <node id="4323160991" lat="50.4521011" lon="30.5127635"/>
  <node id="4323160992" lat="50.4521035" lon="30.5129794"/>
  <node id="4323160993" lat="50.4521167" lon="30.5128549"/>
  <node id="4323160994" lat="50.4521088" lon="30.5130825"/>
  <node id="4323160996" lat="50.4521284" lon="30.5127876"/>
  <node id="4323161000" lat="50.4521359" lon="30.5127261"/>
  <node id="4323161001" lat="50.4521315" lon="30.5131871"/>
  <node id="4323161006" lat="50.4521571" lon="30.5132981"/>
  <node id="4323161007" lat="50.4521839" lon="30.5126745"/>
  <node id="4323161012" lat="50.4522356" lon="30.5126236"/>
  <node id="4323161016" lat="50.4522954" lon="30.5124385"/>
  <node id="4323161017" lat="50.4522958" lon="30.5140579"/>
  <node id="4323161019" lat="50.4522980" lon="30.5141115"/>
  <node id="4323161020" lat="50.4522929" lon="30.5125377"/>
  <node id="4323161025" lat="50.4523023" lon="30.5123768"/>
  <node id="4323161026" lat="50.4523151" lon="30.5125096"/>
  <node id="4323161031" lat="50.4523492" lon="30.5138882"/>
  <node id="4323161033" lat="50.4523309" lon="30.5136716"/>
  <node id="4323161040" lat="50.4523680" lon="30.5122601"/>
  <node id="4323161041" lat="50.4523646" lon="30.5125552"/>
  <node id="4323161042" lat="50.4523889" lon="30.5137849"/>
  <node id="4323161045" lat="50.4524004" lon="30.5122413"/>
  <node id="4323161049" lat="50.4524158" lon="30.5125860"/>
  <node id="4323161053" lat="50.4524448" lon="30.5122775"/>
  <node id="4323161057" lat="50.4524688" lon="30.5125686"/>
  <node id="4323161061" lat="50.4524884" lon="30.5123178"/>
  <node id="4323161062" lat="50.4524893" lon="30.5125216"/>
  <node id="4323161063" lat="50.4525012" lon="30.5126088"/>
  <node id="4323161066" lat="50.4525234" lon="30.5126839"/>
  <node id="4323161073" lat="50.4525607" lon="30.5127816"/>
  <node id="4323161078" lat="50.4526079" lon="30.5128864"/>
  <node id="4323161079" lat="50.4526455" lon="30.5129709"/>
  <node id="4323161081" lat="50.4527019" lon="30.5130232"/>
  <node id="4323161087" lat="50.4527480" lon="30.5131479"/>
  <node id="4323161088" lat="50.4527446" lon="30.5132230"/>
  <node id="4323161090" lat="50.4527646" lon="30.5135850"/>
  <node id="4325208015" lat="50.4476708" lon="30.5034131"/>
  <node id="4325208016" lat="50.4477836" lon="30.5033147"/>
  <node id="4325208017" lat="50.4478758" lon="30.5028403"/>
  <node id="4337420193" lat="50.4472173" lon="30.5086354"/>
  <node id="4337420194" lat="50.4472533" lon="30.5084362">
    <tag k="barrier" v="gate"/>
  </node>
  <node id="4337420195" lat="50.4506009" lon="30.5104442"/>
  <node id="4337826526" lat="50.4477406" lon="30.5033509"/>
  <node id="4341564994" lat="50.4469356" lon="30.5097822"/>
  <node id="4341564995" lat="50.4469780" lon="30.5098019"/>
  <node id="4341564996" lat="50.4470316" lon="30.5094927"/>
  <node id="4422395978" lat="50.4456581" lon="30.5010018">
    <tag k="crossing" v="unmarked"/>
    <tag k="crossing:markings" v="no"/>
    <tag k="highway" v="crossing"/>
  </node>
  <node id="4422395985" lat="50.4458211" lon="30.4999972"/>
  <node id="4430908181" lat="50.4511495" lon="30.5135909"/>
  <node id="4430908182" lat="50.4511755" lon="30.5136929"/>
  <node id="4430908183" lat="50.4512679" lon="30.5131784">
    <tag k="crossing" v="unmarked"/>
    <tag k="crossing:markings" v="no"/>
    <tag k="highway" v="crossing"/>
  </node>
  <node id="4430908184" lat="50.4514925" lon="30.5124454"/>
  <node id="4430908185" lat="50.4519145" lon="30.5109141">
    <tag k="crossing" v="uncontrolled"/>
    <tag k="highway" v="crossing"/>
  </node>
  <node id="4430908186" lat="50.4519483" lon="30.5109459"/>
  <node id="4430908188" lat="50.4519700" lon="30.5108920">
    <tag k="crossing" v="uncontrolled"/>
    <tag k="highway" v="crossing"/>
  </node>
  <node id="4430909089" lat="50.4519756" lon="30.5107859">
    <tag k="crossing" v="uncontrolled"/>
    <tag k="highway" v="crossing"/>
  </node>
  <node id="4430909090" lat="50.4519991" lon="30.5108217"/>
  <node id="4430909092" lat="50.4522966" lon="30.5111783"/>
  <node id="4430909093" lat="50.4524235" lon="30.5114177"/>
  <node id="4430909095" lat="50.4525247" lon="30.5115160">
    <tag k="crossing" v="uncontrolled"/>
    <tag k="highway" v="crossing"/>
  </node>
  <node id="4430909097" lat="50.4526268" lon="30.5098620"/>
  <node id="4430909098" lat="50.4528869" lon="30.5116693"/>
  <node id="4430909099" lat="50.4528254" lon="30.5095660">
    <tag k="crossing" v="marked"/>
    <tag k="crossing:markings" v="yes"/>
    <tag k="highway" v="crossing"/>
  </node>
  <node id="4430909103" lat="50.4536600" lon="30.5123296"/>
  <node id="4430909105" lat="50.4537770" lon="30.5124544"/>
  <node id="4430909118" lat="50.4544396" lon="30.5134749"/>
  <node id="4430909119" lat="50.4545625" lon="30.5136560"/>
  <node id="4430909122" lat="50.4546479" lon="30.5137263"/>
  <node id="4431449391" lat="50.4468060" lon="30.4945574"/>
  <node id="4596698895" lat="50.4520936" lon="30.5056985"/>
  <node id="4596698896" lat="50.4524888" lon="30.5069331"/>
  <node id="4596698897" lat="50.4524666" lon="30.5069734"/>
  <node id="4596698898" lat="50.4522224" lon="30.5071933"/>
  <node id="4596698899" lat="50.4520994" lon="30.5072470"/>
  <node id="4596698900" lat="50.4520277" lon="30.5072684"/>
  <node id="4596698901" lat="50.4516737" lon="30.5075854"/>
  <node id="4596698902" lat="50.4516404" lon="30.5076183"/>
  <node id="4661191130" lat="50.4473095" lon="30.5124173"/>
  <node id="4661191131" lat="50.4473264" lon="30.5124691"/>
  <node id="4661191132" lat="50.4472178" lon="30.5123656"/>
  <node id="4661191133" lat="50.4471795" lon="30.5132704">
    <tag k="barrier" v="lift_gate"/>
    <tag k="foot" v="yes"/>
  </node>
  <node id="4711603571" lat="50.4492871" lon="30.5041569"/>
  <node id="4711603572" lat="50.4497027" lon="30.5038447"/>
  <node id="4711603573" lat="50.4497686" lon="30.5040482"/>
  <node id="4711603580" lat="50.4489140" lon="30.5093986"/>
  <node id="4711603581" lat="50.4486213" lon="30.5092843"/>
  <node id="4711603582" lat="50.4486102" lon="30.5093499"/>
  <node id="4711603583" lat="50.4489883" lon="30.5094623"/>
  <node id="4711603584" lat="50.4486695" lon="30.5093420">
    <tag k="noexit" v="yes"/>
  </node>
  <node id="4711603585" lat="50.4490786" lon="30.5088548"/>
  <node id="4711603586" lat="50.4489071" lon="30.5087962"/>
  <node id="4711609904" lat="50.4462902" lon="30.5130843"/>
  <node id="4711609905" lat="50.4468508" lon="30.5133091"/>
  <node id="4711609906" lat="50.4470246" lon="30.5122850"/>
  <node id="4711609907" lat="50.4468150" lon="30.5135356"/>
  <node id="4711609908" lat="50.4465813" lon="30.5132002"/>
  <node id="4711609909" lat="50.4465411" lon="30.5134157"/>
  <node id="4720138288" lat="50.4508429" lon="30.5134726"/>
  <node id="4720139189" lat="50.4509009" lon="30.5132952"/>
  <node id="4720139190" lat="50.4505721" lon="30.5134512"/>
  <node id="4720139203" lat="50.4516767" lon="30.5105464"/>
  <node id="4720139204" lat="50.4518333" lon="30.5102607"/>
  <node id="4720139205" lat="50.4516166" lon="30.5099677"/>
  <node id="4720139206" lat="50.4513946" lon="30.5102255"/>
  <node id="4720139207" lat="50.4514240" lon="30.5101530">
    <tag k="access" v="customers"/>
    <tag k="amenity" v="parking"/>
    <tag k="fee" v="yes"/>
    <tag k="layer" v="-1"/>
    <tag k="parking" v="underground"/>
  </node>
  <node id="4720139209" lat="50.4515712" lon="30.5093098"/>
  <node id="4720139218" lat="50.4539021" lon="30.5064017"/>
  <node id="4758133879" lat="50.4510190" lon="30.5136013"/>
  <node id="4758133880" lat="50.4489090" lon="30.5094330"/>
  <node id="4758133881" lat="50.4516994" lon="30.5105050"/>
  <node id="4758133884" lat="50.4538701" lon="30.5063331"/>
  <node id="4758133886" lat="50.4515394" lon="30.5092535"/>
  <node id="4758133889" lat="50.4449903" lon="30.5050569"/>
  <node id="4758133890" lat="50.4450569" lon="30.5046482"/>
  <node id="4758133891" lat="50.4450919" lon="30.5044329"/>
  <node id="4758133894" lat="50.4490020" lon="30.5088286"/>
  <node id="4786794456" lat="50.4493457" lon="30.5041384"/>
  <node id="4786794458" lat="50.4514129" lon="30.5101804"/>
  <node id="4799108825" lat="50.4492437" lon="30.5051246"/>
  <node id="4799108826" lat="50.4491696" lon="30.5039645"/>
  <node id="4799108827" lat="50.4486889" lon="30.5043236"/>
  <node id="4799108828" lat="50.4486530" lon="30.5043586"/>
  <node id="4799108829" lat="50.4489877" lon="30.5046444"/>
  <node id="4799108830" lat="50.4491440" lon="30.5040349"/>
  <node id="4799108831" lat="50.4489760" lon="30.5045417"/>
  <node id="4799108833" lat="50.4502979" lon="30.5064771"/>
  <node id="4799108834" lat="50.4494128" lon="30.5057955"/>
  <node id="4799108835" lat="50.4494644" lon="30.5057859"/>
  <node id="4799108836" lat="50.4494779" lon="30.5057839"/>
  <node id="4799108837" lat="50.4495113" lon="30.5057718"/>
  <node id="4799108838" lat="50.4496392" lon="30.5056795"/>
  <node id="4799108842" lat="50.4497567" lon="30.5056048"/>
  <node id="4799108843" lat="50.4497960" lon="30.5055948"/>
  <node id="4799108844" lat="50.4498174" lon="30.5056048"/>
  <node id="4799108845" lat="50.4498246" lon="30.5056377"/>
  <node id="4799108846" lat="50.4498199" lon="30.5057242"/>
  <node id="4799108847" lat="50.4498169" lon="30.5058556"/>
  <node id="4799108848" lat="50.4498361" lon="30.5060078"/>
  <node id="4799108849" lat="50.4498588" lon="30.5060829"/>
  <node id="4799108850" lat="50.4498852" lon="30.5061648"/>
  <node id="4799108851" lat="50.4498716" lon="30.5062144"/>
  <node id="4799108852" lat="50.4498618" lon="30.5062479">
    <tag k="access" v="customers"/>
    <tag k="barrier" v="lift_gate"/>
  </node>
  <node id="4799108853" lat="50.4498630" lon="30.5063143"/>
  <node id="4799108854" lat="50.4498771" lon="30.5063974"/>
  <node id="4799108855" lat="50.4498925" lon="30.5064591"/>
  <node id="4799108856" lat="50.4499220" lon="30.5064953"/>
  <node id="4799108857" lat="50.4499553" lon="30.5065228"/>
  <node id="4799108858" lat="50.4499988" lon="30.5065047"/>
  <node id="4799108859" lat="50.4500651" lon="30.5064554"/>
  <node id="4799108860" lat="50.4501985" lon="30.5063550"/>
  <node id="4799108863" lat="50.4502495" lon="30.5063170"/>
  <node id="4799108864" lat="50.4503481" lon="30.5062392"/>
  <node id="4799108865" lat="50.4503784" lon="30.5062137">
    <tag k="barrier" v="lift_gate"/>
  </node>
  <node id="4799108866" lat="50.4504236" lon="30.5061764"/>
  <node id="4799108867" lat="50.4505568" lon="30.5060814"/>
  <node id="4799108868" lat="50.4505851" lon="30.5060628"/>
  <node id="4799108869" lat="50.4506393" lon="30.5060435"/>
  <node id="4799108870" lat="50.4505606" lon="30.5062444"/>
  <node id="4799108871" lat="50.4500560" lon="30.5067840"/>
  <node id="4799108872" lat="50.4500693" lon="30.5068477"/>
  <node id="4799108873" lat="50.4501056" lon="30.5069221"/>
  <node id="4799108874" lat="50.4502321" lon="30.5069653"/>
  <node id="4799108875" lat="50.4502529" lon="30.5070267"/>
  <node id="4799108876" lat="50.4502717" lon="30.5071287"/>
  <node id="4799108877" lat="50.4503127" lon="30.5072460"/>
  <node id="4799108878" lat="50.4503921" lon="30.5074365"/>
  <node id="4799108879" lat="50.4504313" lon="30.5075188"/>
  <node id="4799108880" lat="50.4504653" lon="30.5075670"/>
  <node id="4799108881" lat="50.4505157" lon="30.5075795"/>
  <node id="4799108882" lat="50.4505767" lon="30.5075338"/>
  <node id="4799108883" lat="50.4506589" lon="30.5074525"/>
  <node id="4799108884" lat="50.4506978" lon="30.5073687"/>
  <node id="4799108885" lat="50.4507089" lon="30.5073137"/>
  <node id="4799108886" lat="50.4507012" lon="30.5072400"/>
  <node id="4799108887" lat="50.4506751" lon="30.5071763"/>
  <node id="4799108888" lat="50.4506173" lon="30.5070736"/>
  <node id="4799108889" lat="50.4505462" lon="30.5069121"/>
  <node id="4799108890" lat="50.4505082" lon="30.5067592"/>
  <node id="4799108891" lat="50.4504365" lon="30.5068095"/>
  <node id="4799108892" lat="50.4502917" lon="30.5069282"/>
  <node id="4799108893" lat="50.4502068" lon="30.5069812"/>
  <node id="4799108894" lat="50.4501278" lon="30.5070462">
    <tag k="access" v="no"/>
    <tag k="barrier" v="gate"/>
  </node>
  <node id="4799108895" lat="50.4501056" lon="30.5072547"/>
  <node id="4799108896" lat="50.4501022" lon="30.5071032"/>
  <node id="4799108905" lat="50.4501679" lon="30.5074076"/>
  <node id="4799108906" lat="50.4500896" lon="30.5075824"/>
  <node id="4799108907" lat="50.4501350" lon="30.5073077"/>
  <node id="4799108908" lat="50.4499954" lon="30.5076872"/>
  <node id="4799108909" lat="50.4499677" lon="30.5077375"/>
  <node id="4799108910" lat="50.4500343" lon="30.5076363"/>
  <node id="4799108911" lat="50.4499331" lon="30.5078810"/>
  <node id="4799108912" lat="50.4499373" lon="30.5079555"/>
  <node id="4799108913" lat="50.4499869" lon="30.5081298"/>
  <node id="4799108914" lat="50.4504319" lon="30.5086893"/>
  <node id="4799108915" lat="50.4503852" lon="30.5086383"/>
  <node id="4799108916" lat="50.4502246" lon="30.5081685"/>
  <node id="4799108917" lat="50.4501804" lon="30.5082291"/>
  <node id="4799108918" lat="50.4501522" lon="30.5082721"/>
  <node id="4799108919" lat="50.4501283" lon="30.5083226"/>
  <node id="4799108920" lat="50.4502988" lon="30.5080958"/>
  <node id="4820416659" lat="50.4516766" lon="30.5126282"/>
  <node id="4820416660" lat="50.4514813" lon="30.5124821"/>
  <node id="4864705861" lat="50.4533554" lon="30.5070764"/>
  <node id="4864705863" lat="50.4522849" lon="30.5089445">
    <tag k="barrier" v="gate"/>
    <tag k="foot" v="permissive"/>
  </node>
  <node id="4864705869" lat="50.4532971" lon="30.5071488"/>
  <node id="4864705874" lat="50.4521569" lon="30.5091713"/>
  <node id="4864705878" lat="50.4525019" lon="30.5081378"/>
  <node id="4864705883" lat="50.4509477" lon="30.5095309"/>
  <node id="4864705887" lat="50.4534551" lon="30.5069525"/>
  <node id="4864705891" lat="50.4541162" lon="30.5061485"/>
  <node id="4864705897" lat="50.4530711" lon="30.5072379">
    <tag k="access" v="private"/>
    <tag k="barrier" v="lift_gate"/>
    <tag k="foot" v="yes"/>
  </node>
  <node id="4864705898" lat="50.4526221" lon="30.5078848"/>
  <node id="4864705899" lat="50.4517091" lon="30.5091360"/>
  <node id="4864705908" lat="50.4522978" lon="30.5089231"/>
  <node id="4864705915" lat="50.4526231" lon="30.5072894">
    <tag k="barrier" v="gate"/>
    <tag k="foot" v="permissive"/>
  </node>
  <node id="4864705919" lat="50.4525952" lon="30.5078356">
    <tag k="access" v="private"/>
    <tag k="barrier" v="gate"/>
    <tag k="locked" v="yes"/>
  </node>
  <node id="4864706022" lat="50.4518865" lon="30.5094761"/>
  <node id="4864706023" lat="50.4524632" lon="30.5063097">
    <tag k="access" v="permissive"/>
    <tag k="barrier" v="gate"/>
  </node>
  <node id="4864706025" lat="50.4526561" lon="30.5079461"/>
  <node id="4864706029" lat="50.4524525" lon="30.5075739"/>
  <node id="4864706030" lat="50.4517721" lon="30.5092568">
    <tag k="barrier" v="gate"/>
  </node>
  <node id="4864706032" lat="50.4522563" lon="30.5063582"/>
  <node id="4864706034" lat="50.4527628" lon="30.5085981"/>
  <node id="4872931401" lat="50.4511993" lon="30.5159158"/>
  <node id="4872931405" lat="50.4481224" lon="30.5161129"/>
  <node id="4887615095" lat="50.4528867" lon="30.5052524"/>
  <node id="4887615096" lat="50.4535528" lon="30.5053544"/>
  <node id="4887615097" lat="50.4537201" lon="30.5052364"/>
  <node id="4887615098" lat="50.4531463" lon="30.5058157"/>
  <node id="4887615099" lat="50.4537918" lon="30.5052364"/>
  <node id="4887615100" lat="50.4539459" lon="30.5050805"/>
  <node id="4887615101" lat="50.4539923" lon="30.5050266"/>
  <node id="4887615102" lat="50.4528355" lon="30.5051130"/>
  <node id="4887615103" lat="50.4527023" lon="30.5050057"/>
  <node id="4887615104" lat="50.4530575" lon="30.5057138"/>
  <node id="4887615105" lat="50.4525322" lon="30.5048198"/>
  <node id="4887639675" lat="50.4530990" lon="30.5042166"/>
  <node id="4887639676" lat="50.4521626" lon="30.5056191"/>
  <node id="4887639677" lat="50.4536154" lon="30.5053102"/>
  <node id="4887639678" lat="50.4524324" lon="30.5048662"/>
  <node id="4887639679" lat="50.4507181" lon="30.5045145"/>
  <node id="4887639680" lat="50.4520431" lon="30.5052578"/>
  <node id="4887639682" lat="50.4507324" lon="30.5047662"/>
  <node id="4887639683" lat="50.4504889" lon="30.5049789"/>
  <node id="4887639684" lat="50.4501378" lon="30.5053282"/>
  <node id="4887639685" lat="50.4493888" lon="30.5098013"/>
  <node id="4887639686" lat="50.4504479" lon="30.5050754"/>
  <node id="4887639687" lat="50.4494004" lon="30.5097259"/>
  <node id="4887639688" lat="50.4493036" lon="30.5102875"/>
  <node id="4887639689" lat="50.4490884" lon="30.5102092">
    <tag k="barrier" v="lift_gate"/>
  </node>
  <node id="4887639690" lat="50.4493105" lon="30.5103808"/>
  <node id="4887639691" lat="50.4492114" lon="30.5104184"/>
  <node id="4887639692" lat="50.4491096" lon="30.5081308"/>
  <node id="4887639694" lat="50.4487503" lon="30.5080044"/>
  <node id="4887639695" lat="50.4483916" lon="30.5077898"/>
  <node id="4887639696" lat="50.4486000" lon="30.5079025"/>
  <node id="4887639697" lat="50.4487503" lon="30.5093347"/>
  <node id="4887639698" lat="50.4481935" lon="30.5080419"/>
  <node id="4887639699" lat="50.4483711" lon="30.5084175"/>
  <node id="4887639700" lat="50.4485897" lon="30.5085086"/>
  <node id="4887639701" lat="50.4482447" lon="30.5077523"/>
  <node id="4887639702" lat="50.4486613" lon="30.5079441"/>
  <node id="4887639703" lat="50.4475566" lon="30.5047394"/>
  <node id="4887639704" lat="50.4488186" lon="30.5089217"/>
  <node id="4887639705" lat="50.4483028" lon="30.5083584"/>
  <node id="4887639706" lat="50.4487980" lon="30.5100971"/>
  <node id="4887639707" lat="50.4492900" lon="30.5104613"/>
  <node id="4901689106" lat="50.4517607" lon="30.5105700"/>
  <node id="4901689107" lat="50.4517796" lon="30.5105374"/>
  <node id="4901689108" lat="50.4519079" lon="30.5106695"/>
  <node id="4901689109" lat="50.4519563" lon="30.5105705"/>
  <node id="4901689110" lat="50.4518722" lon="30.5104912"/>
  <node id="4901689111" lat="50.4520732" lon="30.5105556"/>
  <node id="4929155348" lat="50.4500465" lon="30.5111471">
    <tag k="check_date" v="2021-11-20"/>
    <tag k="information" v="map"/>
    <tag k="map_size" v="site"/>
    <tag k="map_type" v="scheme"/>
    <tag k="tourism" v="information"/>
  </node>
  <node id="4929155349" lat="50.4507103" lon="30.5098510"/>
  <node id="4951600636" lat="50.4508471" lon="30.5044140"/>
  <node id="4951600639" lat="50.4508693" lon="30.5043967"/>
  <node id="4968512998" lat="50.4488289" lon="30.5051118"/>
  <node id="4969053632" lat="50.4481099" lon="30.5192356"/>
  <node id="4969053633" lat="50.4482036" lon="30.5186665"/>
  <node id="4969053634" lat="50.4484941" lon="30.5168515"/>
  <node id="4969053635" lat="50.4481346" lon="30.5143974"/>
  <node id="4969053636" lat="50.4476362" lon="30.5141986"/>
  <node id="4969053637" lat="50.4474501" lon="30.5141205"/>
  <node id="4969053638" lat="50.4473370" lon="30.5140788"/>
  <node id="4969053639" lat="50.4461863" lon="30.5136111"/>
  <node id="4969053640" lat="50.4471448" lon="30.5140081"/>
  <node id="4969053641" lat="50.4469951" lon="30.5139529"/>
  <node id="4969053716" lat="50.4497747" lon="30.5167723"/>
  <node id="4969053725" lat="50.4495902" lon="30.5137423"/>
  <node id="4969053726" lat="50.4497513" lon="30.5138100"/>
  <node id="4969053727" lat="50.4493756" lon="30.5136541"/>
  <node id="4969053728" lat="50.4512506" lon="30.5144248"/>
  <node id="4969053729" lat="50.4512579" lon="30.5144291"/>
  <node id="4969053730" lat="50.4511515" lon="30.5143840"/>
  <node id="4969053732" lat="50.4511534" lon="30.5152264"/>
  <node id="4969053734" lat="50.4509996" lon="30.5151662"/>
  <node id="4969053735" lat="50.4508294" lon="30.5150996"/>
  <node id="4969053736" lat="50.4507237" lon="30.5150583"/>
  <node id="4969053737" lat="50.4513294" lon="30.5145844"/>
  <node id="4969053738" lat="50.4499544" lon="30.5149763">
    <tag k="crossing" v="uncontrolled"/>
    <tag k="crossing:island" v="no"/>
    <tag k="crossing:markings" v="zebra"/>
    <tag k="highway" v="crossing"/>
    <tag k="tactile_paving" v="no"/>
  </node>
  <node id="4969053747" lat="50.4490027" lon="30.5126587"/>
  <node id="4969053748" lat="50.4486353" lon="30.5129981"/>
  <node id="4969053749" lat="50.4485978" lon="30.5132236"/>
  <node id="4969053750" lat="50.4485395" lon="30.5135741"/>
  <node id="4969053751" lat="50.4485371" lon="30.5135881"/>
  <node id="4969053752" lat="50.4484389" lon="30.5141783"/>
  <node id="4987317138" lat="50.4482526" lon="30.5135910"/>
  <node id="4987317139" lat="50.4481999" lon="30.5135044"/>
  <node id="5028802917" lat="50.4500295" lon="30.5138118"/>
  <node id="5028802919" lat="50.4497740" lon="30.5122521">
    <tag k="access" v="permissive"/>
    <tag k="barrier" v="gate"/>
    <tag k="bicycle" v="yes"/>
    <tag k="foot" v="yes"/>
  </node>
  <node id="5028802920" lat="50.4499079" lon="30.5123954"/>
  <node id="5028803421" lat="50.4498344" lon="30.5122639"/>
  <node id="5028803422" lat="50.4495683" lon="30.5119268"/>
  <node id="5028803423" lat="50.4497050" lon="30.5121633"/>
  <node id="5028803424" lat="50.4496187" lon="30.5120141">
    <tag k="access" v="private"/>
    <tag k="barrier" v="gate"/>
    <tag k="bicycle" v="yes"/>
    <tag k="foot" v="yes"/>
    <tag k="maxwidth" v="3"/>
    <tag k="motorcar" v="yes"/>
    <tag k="motorcycle" v="yes"/>
  </node>
  <node id="5028803425" lat="50.4495689" lon="30.5127735"/>
  <node id="5028803426" lat="50.4496227" lon="30.5124624"/>
  <node id="5028803427" lat="50.4497499" lon="30.5122411"/>
  <node id="5028803428" lat="50.4495392" lon="30.5118764"/>
  <node id="5028803429" lat="50.4501485" lon="30.5129917">
    <tag k="access" v="private"/>
    <tag k="barrier" v="lift_gate"/>
    <tag k="bicycle" v="yes"/>
    <tag k="foot" v="yes"/>
    <tag k="maxwidth" v="3"/>
  </node>
  <node id="5028803430" lat="50.4498242" lon="30.5125067"/>
  <node id="5028803431" lat="50.4498694" lon="30.5125415"/>
  <node id="5028803432" lat="50.4499211" lon="30.5127270"/>
  <node id="5028803433" lat="50.4499680" lon="30.5127488"/>
  <node id="5028803434" lat="50.4501594" lon="30.5128433"/>
  <node id="5076269610" lat="50.4533270" lon="30.5049187"/>
  <node id="5076269611" lat="50.4531562" lon="30.5051038"/>
  <node id="5076269612" lat="50.4529325" lon="30.5045941"/>
  <node id="5076269613" lat="50.4529291" lon="30.5045566"/>
  <node id="5076269614" lat="50.4531354" lon="30.5043464"/>
  <node id="5076269615" lat="50.4531767" lon="30.5042964">
    <tag k="barrier" v="lift_gate"/>
    <tag k="bicycle" v="yes"/>
    <tag k="foot" v="yes"/>
    <tag k="motorcar" v="yes"/>
    <tag k="motorcycle" v="yes"/>
  </node>
  <node id="5076269616" lat="50.4535386" lon="30.5039426"/>
  <node id="5076269617" lat="50.4533628" lon="30.5048704"/>
  <node id="5076269618" lat="50.4526234" lon="30.5046236">
    <tag k="barrier" v="gate"/>
    <tag k="foot" v="yes"/>
  </node>
  <node id="5076270556" lat="50.4534721" lon="30.5040081">
    <tag k="highway" v="give_way"/>
  </node>
  <node id="5076270557" lat="50.4539273" lon="30.5050984"/>
  <node id="5105118135" lat="50.4504071" lon="30.5037414"/>
  <node id="5105118136" lat="50.4500204" lon="30.5040219"/>
  <node id="5113645549" lat="50.4470385" lon="30.5046256"/>
  <node id="5113645550" lat="50.4474479" lon="30.5047904"/>
  <node id="5113645551" lat="50.4470163" lon="30.5046364"/>
  <node id="5113645552" lat="50.4469958" lon="30.5046659"/>
  <node id="5113645553" lat="50.4468130" lon="30.5057173"/>
  <node id="5113645554" lat="50.4473745" lon="30.5047595">
    <tag k="crossing" v="unmarked"/>
    <tag k="crossing:markings" v="no"/>
    <tag k="highway" v="crossing"/>
    <tag k="tactile_paving" v="no"/>
  </node>
  <node id="5151983570" lat="50.4505247" lon="30.5113312"/>
  <node id="5151983571" lat="50.4503789" lon="30.5115192"/>
  <node id="5151983572" lat="50.4502200" lon="30.5117306"/>
  <node id="5151983573" lat="50.4502679" lon="30.5118195"/>
  <node id="5151983587" lat="50.4505025" lon="30.5117566"/>
  <node id="5176404748" lat="50.4482393" lon="30.5092862"/>
  <node id="5176404749" lat="50.4482008" lon="30.5095333"/>
  <node id="5176404750" lat="50.4481467" lon="30.5098580"/>
  <node id="5176404751" lat="50.4480965" lon="30.5101806"/>
  <node id="5176404752" lat="50.4480551" lon="30.5102951"/>
  <node id="5176404753" lat="50.4480253" lon="30.5104916"/>
  <node id="5176404754" lat="50.4481331" lon="30.5099454"/>
  <node id="5176404755" lat="50.4478575" lon="30.5098425"/>
  <node id="5176404756" lat="50.4480010" lon="30.5106468"/>
  <node id="5176404757" lat="50.4479212" lon="30.5106160"/>
  <node id="5176404777" lat="50.4474388" lon="30.5089276"/>
  <node id="5176404778" lat="50.4473931" lon="30.5092101"/>
  <node id="5176404779" lat="50.4473620" lon="30.5094066"/>
  <node id="5176404780" lat="50.4473478" lon="30.5095017"/>
  <node id="5176404781" lat="50.4471904" lon="30.5094384"/>
  <node id="5176404791" lat="50.4469721" lon="30.5088476"/>
  <node id="5199095004" lat="50.4521315" lon="30.5057663"/>
  <node id="5199095005" lat="50.4522733" lon="30.5060774"/>
  <node id="5373269357" lat="50.4537266" lon="30.5123873"/>
  <node id="5457005169" lat="50.4530415" lon="30.5074631"/>
  <node id="5630942684" lat="50.4517441" lon="30.5092031"/>
  <node id="5630944007" lat="50.4525364" lon="30.5081987"/>
  <node id="5630944008" lat="50.4530708" lon="30.5075202"/>
  <node id="5630944009" lat="50.4533341" lon="30.5072134"/>
  <node id="5630944045" lat="50.4533216" lon="30.5070115"/>
  <node id="5630944046" lat="50.4534174" lon="30.5068904"/>
  <node id="5630949093" lat="50.4534822" lon="30.5039982"/>
  <node id="5630949095" lat="50.4531490" lon="30.5043951"/>
  <node id="5630949096" lat="50.4531907" lon="30.5045443"/>
  <node id="5630949097" lat="50.4532966" lon="30.5046999"/>
  <node id="5728800415" lat="50.4474237" lon="30.5090253"/>
  <node id="5728800811" lat="50.4482260" lon="30.5093656"/>
  <node id="5728801363" lat="50.4503448" lon="30.5037866"/>
  <node id="5728801364" lat="50.4506705" lon="30.5048203"/>
  <node id="5766577037" lat="50.4539365" lon="30.5050895"/>
  <node id="5902854209" lat="50.4493771" lon="30.5062612"/>
  <node id="5902854210" lat="50.4493041" lon="30.5062236"/>
  <node id="5902854211" lat="50.4490249" lon="30.5063952"/>
  <node id="5902854212" lat="50.4490701" lon="30.5064033"/>
  <node id="5902854213" lat="50.4491538" lon="30.5063617"/>
  <node id="5902854214" lat="50.4492213" lon="30.5063228"/>
  <node id="5902854215" lat="50.4492734" lon="30.5062625"/>
  <node id="5902854216" lat="50.4493280" lon="30.5061619"/>
  <node id="5902854217" lat="50.4493520" lon="30.5060278"/>
  <node id="5902854218" lat="50.4493417" lon="30.5058065"/>
  <node id="5902854219" lat="50.4493195" lon="30.5056885"/>
  <node id="5902854220" lat="50.4492555" lon="30.5055544"/>
  <node id="5902854221" lat="50.4491522" lon="30.5054433"/>
  <node id="5936247853" lat="50.4480750" lon="30.5148152"/>
  <node id="5936247860" lat="50.4480189" lon="30.5151826"/>
  <node id="5936247864" lat="50.4479677" lon="30.5151379"/>
  <node id="5936247865" lat="50.4480172" lon="30.5148187"/>
  <node id="5936247866" lat="50.4481137" lon="30.5148603"/>
  <node id="5936247867" lat="50.4480861" lon="30.5147415"/>
  <node id="5936247868" lat="50.4481257" lon="30.5144620"/>
  <node id="5943020745" lat="50.4480143" lon="30.5152116"/>
  <node id="5961799595" lat="50.4498336" lon="30.5155123">
    <tag k="barrier" v="gate"/>
    <tag k="material" v="metal"/>
  </node>
  <node id="6020712022" lat="50.4472836" lon="30.5153908"/>
  <node id="6020712023" lat="50.4472982" lon="30.5153078"/>
  <node id="6020712035" lat="50.4472085" lon="30.5148938"/>
  <node id="6020712036" lat="50.4472661" lon="30.5145315"/>
  <node id="6020712037" lat="50.4473015" lon="30.5143099"/>
  <node id="6020712038" lat="50.4472523" lon="30.5146186"/>
  <node id="6020712039" lat="50.4481974" lon="30.5160727"/>
  <node id="6020712043" lat="50.4483188" lon="30.5179268"/>
  <node id="6093953262" lat="50.4505873" lon="30.5066834"/>
  <node id="6093953263" lat="50.4507223" lon="30.5065600"/>
  <node id="6093953264" lat="50.4507889" lon="30.5064997"/>
  <node id="6093953265" lat="50.4508862" lon="30.5064286"/>
  <node id="6093953266" lat="50.4509255" lon="30.5063810"/>
  <node id="6093953267" lat="50.4510535" lon="30.5062682"/>
  <node id="6093953268" lat="50.4511128" lon="30.5062190"/>
  <node id="6093953269" lat="50.4511754" lon="30.5061678"/>
  <node id="6093964584" lat="50.4507950" lon="30.5072127">
    <tag k="access" v="private"/>
    <tag k="barrier" v="gate"/>
    <tag k="locked" v="yes"/>
    <tag k="wheelchair" v="no"/>
  </node>
  <node id="6093966485" lat="50.4507890" lon="30.5072771"/>
  <node id="6093966486" lat="50.4508044" lon="30.5073522"/>
  <node id="6093966487" lat="50.4508351" lon="30.5074112"/>
  <node id="6093966488" lat="50.4508659" lon="30.5074327"/>
  <node id="6093966489" lat="50.4509572" lon="30.5073576"/>
  <node id="6096160443" lat="50.4502790" lon="30.5089576"/>
  <node id="6096160444" lat="50.4504602" lon="30.5086558"/>
  <node id="6166231608" lat="50.4500456" lon="30.5030373">
    <tag k="direction" v="forward"/>
    <tag k="highway" v="give_way"/>
  </node>
  <node id="6166231609" lat="50.4492637" lon="30.5038068">
    <tag k="direction" v="forward"/>
    <tag k="highway" v="give_way"/>
  </node>
  <node id="6259308917" lat="50.4529602" lon="30.5155168"/>
  <node id="6259308918" lat="50.4533272" lon="30.5152635"/>
  <node id="6259308919" lat="50.4542075" lon="30.5160026"/>
  <node id="6259308920" lat="50.4546014" lon="30.5136887"/>
  <node id="6259308921" lat="50.4544799" lon="30.5144329"/>
  <node id="6259308922" lat="50.4542662" lon="30.5156958"/>
  <node id="6259308923" lat="50.4541723" lon="30.5161867"/>
  <node id="6259308924" lat="50.4541296" lon="30.5163556"/>
  <node id="6259308925" lat="50.4540886" lon="30.5164146"/>
  <node id="6259308926" lat="50.4536190" lon="30.5168948"/>
  <node id="6259308927" lat="50.4534843" lon="30.5168798"/>
  <node id="6259308928" lat="50.4532670" lon="30.5163990"/>
  <node id="6297427246" lat="50.4493201" lon="30.5129249">
    <tag k="addr:flats" v="3-10"/>
    <tag k="entrance" v="yes"/>
    <tag k="ref" v="1"/>
  </node>
  <node id="6297427249" lat="50.4493798" lon="30.5125947">
    <tag k="addr:flats" v="3-9"/>
    <tag k="entrance" v="yes"/>
    <tag k="ref" v="1"/>
  </node>
  <node id="6337439608" lat="50.4515462" lon="30.5100329"/>
  <node id="6337439609" lat="50.4514670" lon="30.5102010">
    <tag k="barrier" v="lift_gate"/>
    <tag k="lift_gate:type" v="single"/>
    <tag k="motor_vehicle" v="private"/>
  </node>
  <node id="6337439610" lat="50.4514553" lon="30.5102284"/>
  <node id="6337439611" lat="50.4514354" lon="30.5102719"/>
  <node id="6337439614" lat="50.4518615" lon="30.5094264"/>
  <node id="6337439615" lat="50.4521999" lon="30.5090935"/>
  <node id="6387437765" lat="50.4527815" lon="30.5106397"/>
  <node id="6387437767" lat="50.4523953" lon="30.5113184"/>
  <node id="6387437769" lat="50.4524102" lon="30.5112869">
    <tag k="highway" v="crossing"/>
  </node>
  <node id="6387437770" lat="50.4523851" lon="30.5113082"/>
  <node id="6432533094" lat="50.4527190" lon="30.5089199"/>
  <node id="6432533095" lat="50.4526692" lon="30.5089854"/>
  <node id="6432533096" lat="50.4525758" lon="30.5091186"/>
  <node id="6432533097" lat="50.4525614" lon="30.5091263"/>
  <node id="6454154101" lat="50.4515990" lon="30.5106505"/>
  <node id="6454154102" lat="50.4515296" lon="30.5108232">
    <tag k="access" v="permissive"/>
    <tag k="barrier" v="gate"/>
    <tag k="bicycle" v="yes"/>
    <tag k="colour" v="#ff8647"/>
    <tag k="foot" v="yes"/>
    <tag k="locked" v="yes"/>
    <tag k="material" v="metal"/>
    <tag k="motor_vehicle" v="permit"/>
  </node>
  <node id="6506866319" lat="50.4484804" lon="30.5119330">
    <tag k="access" v="permit"/>
    <tag k="barrier" v="gate"/>
    <tag k="bicycle" v="permissive"/>
    <tag k="foot" v="permissive"/>
    <tag k="horse" v="private"/>
    <tag k="locked" v="yes"/>
    <tag k="material" v="metal"/>
    <tag k="motor_vehicle" v="permit"/>
    <tag k="wheelchair" v="yes"/>
  </node>
  <node id="6506866320" lat="50.4484503" lon="30.5121214"/>
  <node id="6533784618" lat="50.4511284" lon="30.5167090"/>
  <node id="6533784625" lat="50.4511453" lon="30.5162251"/>
  <node id="6533784634" lat="50.4510640" lon="30.5166825"/>
  <node id="6570460357" lat="50.4499879" lon="30.5151546">
    <tag k="access" v="no"/>
    <tag k="barrier" v="lift_gate"/>
    <tag k="crossing" v="unmarked"/>
    <tag k="crossing:island" v="no"/>
    <tag k="crossing:markings" v="no"/>
    <tag k="highway" v="crossing"/>
  </node>
  <node id="6764109281" lat="50.4523702" lon="30.5095739"/>
  <node id="6764109282" lat="50.4525450" lon="30.5097817"/>
  <node id="6764109283" lat="50.4524284" lon="30.5094597"/>
  <node id="6764109284" lat="50.4525753" lon="30.5098195"/>
  <node id="6764175978" lat="50.4537047" lon="30.5086792"/>
  <node id="6888722125" lat="50.4471806" lon="30.5074146">
    <tag k="access" v="yes"/>
    <tag k="barrier" v="gate"/>
  </node>
  <node id="6888722128" lat="50.4477168" lon="30.5075709"/>
  <node id="6888722137" lat="50.4474328" lon="30.5077555"/>
  <node id="6888722138" lat="50.4476512" lon="30.5075384"/>
  <node id="6888722141" lat="50.4473894" lon="30.5075068"/>
  <node id="6888722146" lat="50.4471328" lon="30.5073167"/>
  <node id="6888722148" lat="50.4475219" lon="30.5074831"/>
  <node id="6888722149" lat="50.4471143" lon="30.5074234"/>
  <node id="6888722150" lat="50.4471631" lon="30.5074069">
    <tag k="access" v="private"/>
    <tag k="barrier" v="lift_gate"/>
    <tag k="foot" v="yes"/>
  </node>
  <node id="6888722152" lat="50.4470310" lon="30.5072733"/>
  <node id="6888722157" lat="50.4471209" lon="30.5073884"/>
  <node id="6888722159" lat="50.4476777" lon="30.5078537"/>
  <node id="6888722167" lat="50.4473422" lon="30.5074855"/>
  <node id="6888722169" lat="50.4470192" lon="30.5073440"/>
  <node id="6934807694" lat="50.4512201" lon="30.5138511"/>
  <node id="6934807695" lat="50.4525520" lon="30.5115386"/>
  <node id="6934807696" lat="50.4524007" lon="30.5112778"/>
  <node id="6934807697" lat="50.4524187" lon="30.5112950"/>
  <node id="6934807698" lat="50.4512746" lon="30.5131560">
    <tag k="barrier" v="kerb"/>
    <tag k="kerb" v="lowered"/>
  </node>
  <node id="6934807699" lat="50.4527725" lon="30.5096299"/>
  <node id="6934807703" lat="50.4511845" lon="30.5137305"/>
  <node id="6934807704" lat="50.4512593" lon="30.5132079">
    <tag k="barrier" v="kerb"/>
    <tag k="kerb" v="lowered"/>
  </node>
  <node id="6934807706" lat="50.4517174" lon="30.5116931"/>
  <node id="6934807707" lat="50.4525037" lon="30.5114983"/>
  <node id="6934807709" lat="50.4533436" lon="30.5119756"/>
  <node id="7111896181" lat="50.4524129" lon="30.5096247"/>
  <node id="7111896182" lat="50.4525113" lon="30.5097416"/>
  <node id="7131571067" lat="50.4521668" lon="30.5099084"/>
  <node id="7131571068" lat="50.4522594" lon="30.5097562"/>
  <node id="7131571070" lat="50.4524242" lon="30.5099794"/>
  <node id="7132746950" lat="50.4523749" lon="30.5098999"/>
  <node id="7239000578" lat="50.4512678" lon="30.5064603"/>
  <node id="7239000582" lat="50.4523927" lon="30.5056595"/>
  <node id="7239000583" lat="50.4523164" lon="30.5054420"/>
  <node id="7239000584" lat="50.4521465" lon="30.5055704"/>
  <node id="7239000585" lat="50.4515138" lon="30.5072390"/>
  <node id="7239000586" lat="50.4515509" lon="30.5072129"/>
  <node id="7239000587" lat="50.4515877" lon="30.5071811"/>
  <node id="7239000588" lat="50.4517693" lon="30.5070398"/>
  <node id="7239000589" lat="50.4518590" lon="30.5069670"/>
  <node id="7239000590" lat="50.4519901" lon="30.5068595"/>
  <node id="7239000591" lat="50.4523470" lon="30.5065826"/>
  <node id="7239000593" lat="50.4518019" lon="30.5070134"/>
  <node id="7239000594" lat="50.4517381" lon="30.5068195"/>
  <node id="7431851642" lat="50.4488125" lon="30.5052972"/>
  <node id="7431910317" lat="50.4491863" lon="30.5051998"/>
  <node id="7431910318" lat="50.4492999" lon="30.5054417"/>
  <node id="7431910319" lat="50.4491366" lon="30.5054787"/>
  <node id="7431910320" lat="50.4488257" lon="30.5053239"/>
  <node id="7431910322" lat="50.4489420" lon="30.5051393"/>
  <node id="7438883235" lat="50.4500651" lon="30.5039894"/>
  <node id="7438883236" lat="50.4499965" lon="30.5041917"/>
  <node id="7438883237" lat="50.4500370" lon="30.5043970"/>
  <node id="7438883238" lat="50.4499987" lon="30.5045138"/>
  <node id="7438883240" lat="50.4498443" lon="30.5045739"/>
  <node id="7438883241" lat="50.4498387" lon="30.5046447"/>
  <node id="7438883242" lat="50.4498503" lon="30.5047085"/>
  <node id="7438883243" lat="50.4498787" lon="30.5047377"/>
  <node id="7438883244" lat="50.4499281" lon="30.5047425"/>
  <node id="7438883245" lat="50.4499670" lon="30.5046914"/>
  <node id="7438883246" lat="50.4499704" lon="30.5046202"/>
  <node id="7438883247" lat="50.4499595" lon="30.5045614"/>
  <node id="7438883248" lat="50.4498793" lon="30.5041528"/>
  <node id="7438883249" lat="50.4497666" lon="30.5041988"/>
  <node id="7438883250" lat="50.4495841" lon="30.5043722"/>
  <node id="7438883251" lat="50.4495818" lon="30.5046872"/>
  <node id="7438883255" lat="50.4495908" lon="30.5049314"/>
  <node id="7438883256" lat="50.4498320" lon="30.5051898"/>
  <node id="7438883257" lat="50.4499897" lon="30.5051473"/>
  <node id="7438883258" lat="50.4500551" lon="30.5049562"/>
  <node id="7438883259" lat="50.4500280" lon="30.5048181"/>
  <node id="7438883261" lat="50.4501310" lon="30.5043195"/>
  <node id="7438883262" lat="50.4502012" lon="30.5042618"/>
  <node id="7438883263" lat="50.4501542" lon="30.5041147"/>
  <node id="7438883264" lat="50.4501839" lon="30.5039033"/>
  <node id="7438883273" lat="50.4503197" lon="30.5062616"/>
  <node id="7438883274" lat="50.4502169" lon="30.5059246"/>
  <node id="7438883275" lat="50.4501853" lon="30.5058821"/>
  <node id="7438883276" lat="50.4501470" lon="30.5058715"/>
  <node id="7438883277" lat="50.4501160" lon="30.5059009"/>
  <node id="7438883278" lat="50.4507666" lon="30.5059454"/>
  <node id="7438883279" lat="50.4508484" lon="30.5062054"/>
  <node id="7438883280" lat="50.4505745" lon="30.5045158"/>
  <node id="7438883281" lat="50.4503411" lon="30.5046860"/>
  <node id="7604080006" lat="50.4480698" lon="30.5006453"/>
  <node id="7604080007" lat="50.4481233" lon="30.5006677"/>
  <node id="7613088261" lat="50.4494316" lon="30.5025649"/>
  <node id="7613136940" lat="50.4483466" lon="30.4990238"/>
  <node id="7613136949" lat="50.4484513" lon="30.4984003"/>
  <node id="7613179804" lat="50.4483018" lon="30.4992866"/>
  <node id="7613518457" lat="50.4500284" lon="30.5025232"/>
  <node id="7616543045" lat="50.4514845" lon="30.5090846"/>
  <node id="7616543046" lat="50.4513820" lon="30.5088888"/>
  <node id="7624016118" lat="50.4479501" lon="30.5024054"/>
  <node id="7624016131" lat="50.4478008" lon="30.5032794"/>
  <node id="7653052428" lat="50.4480830" lon="30.5005717"/>
  <node id="7653191378" lat="50.4513332" lon="30.5143259"/>
  <node id="7653191379" lat="50.4512903" lon="30.5141508"/>
  <node id="7653191380" lat="50.4513107" lon="30.5141391"/>
  <node id="7653191382" lat="50.4513802" lon="30.5137949"/>
  <node id="7653191383" lat="50.4513793" lon="30.5138609"/>
  <node id="7653209884" lat="50.4510993" lon="30.5138493"/>
  <node id="7653217986" lat="50.4515381" lon="30.5140106"/>
  <node id="7653217987" lat="50.4515522" lon="30.5140140"/>
  <node id="7653218076" lat="50.4515039" lon="30.5141609"/>
  <node id="7653225985" lat="50.4511087" lon="30.5138448"/>
  <node id="7653225986" lat="50.4511182" lon="30.5138490"/>
  <node id="7653225987" lat="50.4512237" lon="30.5141997"/>
  <node id="7653225988" lat="50.4512248" lon="30.5142121"/>
  <node id="7653225989" lat="50.4512218" lon="30.5142225"/>
  <node id="7653225990" lat="50.4512076" lon="30.5142287"/>
  <node id="7653225991" lat="50.4512156" lon="30.5142287"/>
  <node id="7653225992" lat="50.4511130" lon="30.5141843"/>
  <node id="7653225993" lat="50.4510500" lon="30.5141547"/>
  <node id="7653225994" lat="50.4510383" lon="30.5141447"/>
  <node id="7653225995" lat="50.4510306" lon="30.5141287"/>
  <node id="7653225996" lat="50.4510278" lon="30.5141090"/>
  <node id="7653225997" lat="50.4510303" lon="30.5140886"/>
  <node id="7653225998" lat="50.4510925" lon="30.5138620"/>
  <node id="7656751903" lat="50.4499284" lon="30.5045298"/>
  <node id="7656751904" lat="50.4498780" lon="30.5045271"/>
  <node id="7657588621" lat="50.4503682" lon="30.5088354"/>
  <node id="7657588622" lat="50.4500936" lon="30.5087355"/>
  <node id="7657588623" lat="50.4501910" lon="30.5089092"/>
  <node id="7657588624" lat="50.4502059" lon="30.5089648"/>
  <node id="7657588625" lat="50.4502080" lon="30.5090312"/>
  <node id="7657588626" lat="50.4501901" lon="30.5092531"/>
  <node id="7657588627" lat="50.4501837" lon="30.5093437"/>
  <node id="7657588628" lat="50.4501859" lon="30.5094083"/>
  <node id="7657588644" lat="50.4501188" lon="30.5085222"/>
  <node id="7657588645" lat="50.4498917" lon="30.5082916"/>
  <node id="7657588649" lat="50.4502008" lon="30.5095951">
    <tag k="barrier" v="gate"/>
  </node>
  <node id="7657588650" lat="50.4501299" lon="30.5099106"/>
  <node id="7657588655" lat="50.4501547" lon="30.5085531">
    <tag k="barrier" v="gate"/>
  </node>
  <node id="7657588656" lat="50.4502691" lon="30.5088347"/>
  <node id="7657590752" lat="50.4508281" lon="30.5086501"/>
  <node id="7657590753" lat="50.4507880" lon="30.5086350"/>
  <node id="7657590754" lat="50.4507439" lon="30.5086496"/>
  <node id="7657590755" lat="50.4506662" lon="30.5087140"/>
  <node id="7657590756" lat="50.4505791" lon="30.5087462"/>
  <node id="7657590757" lat="50.4504877" lon="30.5087247"/>
  <node id="7657595698" lat="50.4491573" lon="30.5088394"/>
  <node id="7657595699" lat="50.4493538" lon="30.5089082"/>
  <node id="7657595700" lat="50.4492679" lon="30.5081093"/>
  <node id="7657595701" lat="50.4493218" lon="30.5081316"/>
  <node id="7657595702" lat="50.4494741" lon="30.5081887"/>
  <node id="7657595703" lat="50.4492074" lon="30.5088583"/>
  <node id="7657595704" lat="50.4493283" lon="30.5088998"/>
  <node id="7657595705" lat="50.4495031" lon="30.5082017"/>
  <node id="7657595706" lat="50.4494425" lon="30.5085873"/>
  <node id="7657595707" lat="50.4494164" lon="30.5086765"/>
  <node id="7657595708" lat="50.4493810" lon="30.5087382"/>
  <node id="7657595709" lat="50.4493306" lon="30.5090681"/>
  <node id="7657595710" lat="50.4493366" lon="30.5091204"/>
  <node id="7657595711" lat="50.4493605" lon="30.5091740"/>
  <node id="7657595712" lat="50.4493631" lon="30.5092947"/>
  <node id="7657595713" lat="50.4493067" lon="30.5096272"/>
  <node id="7699883265" lat="50.4505580" lon="30.5071408">
    <tag k="entrance" v="staircase"/>
  </node>
  <node id="7723286184" lat="50.4502562" lon="30.5028822"/>
  <node id="7723302085" lat="50.4505253" lon="30.5029766"/>
  <node id="7723302088" lat="50.4507247" lon="30.5024564"/>
  <node id="7723302092" lat="50.4509187" lon="30.5028004"/>
  <node id="7723302100" lat="50.4507722" lon="30.5030927">
    <tag k="access" v="private"/>
    <tag k="barrier" v="gate"/>
  </node>
  <node id="7723302101" lat="50.4508407" lon="30.5031138"/>
  <node id="7724489949" lat="50.4506429" lon="30.5048444">
    <tag k="barrier" v="lift_gate"/>
    <tag k="bicycle" v="yes"/>
    <tag k="foot" v="yes"/>
    <tag k="motor_vehicle" v="private"/>
  </node>
  <node id="7724489950" lat="50.4501791" lon="30.5052946"/>
  <node id="7724489951" lat="50.4501083" lon="30.5051061"/>
  <node id="7724489952" lat="50.4498918" lon="30.5052955"/>
  <node id="7727558152" lat="50.4493193" lon="30.5136771"/>
  <node id="7727558154" lat="50.4492408" lon="30.5123395"/>
  <node id="7838287998" lat="50.4497064" lon="30.5033917"/>
  <node id="7838287999" lat="50.4496854" lon="30.5033159">
    <tag k="crossing" v="marked"/>
    <tag k="crossing:island" v="no"/>
    <tag k="highway" v="crossing"/>
  </node>
  <node id="7850081073" lat="50.4507735" lon="30.5046412">
    <tag k="addr:flats" v="1-16"/>
    <tag k="entrance" v="staircase"/>
    <tag k="ref" v="1"/>
  </node>
  <node id="7850081074" lat="50.4507604" lon="30.5046515"/>
  <node id="7850081075" lat="50.4508475" lon="30.5049339"/>
  <node id="7850081076" lat="50.4508643" lon="30.5049201">
    <tag k="entrance" v="staircase"/>
  </node>
  <node id="7850081077" lat="50.4508749" lon="30.5050224"/>
  <node id="7850081078" lat="50.4508921" lon="30.5050073">
    <tag k="access" v="no"/>
    <tag k="barrier" v="gate"/>
    <tag k="foot" v="private"/>
  </node>
  <node id="7850081079" lat="50.4510084" lon="30.5049102"/>
  <node id="7850081080" lat="50.4508751" lon="30.5052169"/>
  <node id="7850081081" lat="50.4509231" lon="30.5051787"/>
  <node id="7850081082" lat="50.4509417" lon="30.5051641"/>
  <node id="7850081083" lat="50.4510418" lon="30.5050865"/>
  <node id="7850081084" lat="50.4509654" lon="30.5053159"/>
  <node id="7850092385" lat="50.4509845" lon="30.5053010">
    <tag k="entrance" v="main"/>
  </node>
  <node id="7850092386" lat="50.4505671" lon="30.5042454"/>
  <node id="7850092387" lat="50.4506218" lon="30.5042024"/>
  <node id="7850092388" lat="50.4506316" lon="30.5041952"/>
  <node id="7850092389" lat="50.4507997" lon="30.5040664"/>
  <node id="7850092390" lat="50.4506301" lon="30.5042295"/>
  <node id="7850092391" lat="50.4506404" lon="30.5042225">
    <tag k="entrance" v="main"/>
  </node>
  <node id="7850092392" lat="50.4505607" lon="30.5039745">
    <tag k="entrance" v="staircase"/>
  </node>
  <node id="7850092393" lat="50.4505534" lon="30.5039808"/>
  <node id="7850092394" lat="50.4504553" lon="30.5038932"/>
  <node id="7850092395" lat="50.4505116" lon="30.5038454"/>
  <node id="7850092396" lat="50.4505166" lon="30.5038397"/>
  <node id="7850092397" lat="50.4507153" lon="30.5036826"/>
  <node id="7850092399" lat="50.4504779" lon="30.5037362"/>
  <node id="7850092400" lat="50.4505563" lon="30.5036768">
    <tag k="addr:flats" v="39-58"/>
    <tag k="entrance" v="staircase"/>
    <tag k="ref" v="2"/>
  </node>
  <node id="7883531842" lat="50.4463692" lon="30.4966227"/>
  <node id="7883531846" lat="50.4464108" lon="30.4963603"/>
  <node id="7883531847" lat="50.4464741" lon="30.4959701"/>
  <node id="7884726343" lat="50.4508738" lon="30.5056493"/>
  <node id="7884726346" lat="50.4507383" lon="30.5057589"/>
  <node id="7884726352" lat="50.4509227" lon="30.5056179"/>
  <node id="7884900329" lat="50.4459951" lon="30.4989304"/>
  <node id="7884900337" lat="50.4461154" lon="30.4981940"/>
  <node id="7884900338" lat="50.4460778" lon="30.4984240"/>
  <node id="7895990952" lat="50.4525911" lon="30.5159401">
    <tag k="barrier" v="kerb"/>
    <tag k="kerb" v="lowered"/>
  </node>
  <node id="7972709906" lat="50.4458477" lon="30.5031858"/>
  <node id="7972709923" lat="50.4458597" lon="30.5030993"/>
  <node id="7990326519" lat="50.4494845" lon="30.5023923"/>
  <node id="7990326520" lat="50.4493709" lon="30.5027317"/>
  <node id="7990326521" lat="50.4493622" lon="30.5027948"/>
  <node id="7990326522" lat="50.4493988" lon="30.5026570"/>
  <node id="7990326523" lat="50.4494146" lon="30.5026047"/>
  <node id="7990326527" lat="50.4500465" lon="30.5029446"/>
  <node id="7990326530" lat="50.4496135" lon="30.5018085"/>
  <node id="7990326547" lat="50.4493614" lon="30.5032883"/>
  <node id="7990326548" lat="50.4495897" lon="30.5031731"/>
  <node id="7990326549" lat="50.4496181" lon="30.5031575"/>
  <node id="7990326550" lat="50.4493074" lon="30.5035164"/>
  <node id="7990326551" lat="50.4492902" lon="30.5035190"/>
  <node id="7990326552" lat="50.4492713" lon="30.5035058"/>
  <node id="7990326554" lat="50.4493156" lon="30.5035387"/>
  <node id="7990335903" lat="50.4500703" lon="30.5029549"/>
  <node id="7990335908" lat="50.4496631" lon="30.5016127"/>
  <node id="7990335997" lat="50.4461989" lon="30.4976825"/>
  <node id="7992137524" lat="50.4491633" lon="30.5036555"/>
  <node id="7992682760" lat="50.4489991" lon="30.5051534"/>
  <node id="7992682761" lat="50.4486582" lon="30.5047977"/>
  <node id="7992682762" lat="50.4486945" lon="30.5043962"/>
  <node id="7992682763" lat="50.4486005" lon="30.5043849"/>
  <node id="7992682764" lat="50.4484711" lon="30.5043407"/>
  <node id="7992682765" lat="50.4485958" lon="30.5043621"/>
  <node id="7992682766" lat="50.4486145" lon="30.5044513"/>
  <node id="7992682767" lat="50.4485898" lon="30.5047866"/>
  <node id="7992682768" lat="50.4486128" lon="30.5047906"/>
  <node id="7992682769" lat="50.4487321" lon="30.5048091"/>
  <node id="7992682773" lat="50.4488735" lon="30.5051208"/>
  <node id="7992689586" lat="50.4493032" lon="30.5054016"/>
  <node id="7992689587" lat="50.4493319" lon="30.5054080"/>
  <node id="7992689588" lat="50.4491701" lon="30.5054028"/>
  <node id="7992689589" lat="50.4493067" lon="30.5053586"/>
  <node id="7992689590" lat="50.4491786" lon="30.5053210"/>
  <node id="7992689591" lat="50.4490300" lon="30.5053197"/>
  <node id="7992689592" lat="50.4489890" lon="30.5052768"/>
  <node id="7992689702" lat="50.4491246" lon="30.5039975"/>
  <node id="7992689703" lat="50.4489963" lon="30.5044721"/>
  <node id="7992689704" lat="50.4491150" lon="30.5041160"/>
  <node id="7992689705" lat="50.4490087" lon="30.5045392"/>
  <node id="7992689706" lat="50.4489886" lon="30.5045693"/>
  <node id="7992689707" lat="50.4489916" lon="30.5045975"/>
  <node id="7992689708" lat="50.4489482" lon="30.5049936"/>
  <node id="7992689709" lat="50.4490338" lon="30.5045506"/>
  <node id="7992689710" lat="50.4490830" lon="30.5046384"/>
  <node id="7992689711" lat="50.4491000" lon="30.5047698"/>
  <node id="7992689712" lat="50.4491133" lon="30.5048174"/>
  <node id="7992689713" lat="50.4491765" lon="30.5049489"/>
  <node id="7992689714" lat="50.4492247" lon="30.5050702"/>
  <node id="7992689715" lat="50.4488846" lon="30.5050391"/>
  <node id="7992689716" lat="50.4488537" lon="30.5050233"/>
  <node id="7992689717" lat="50.4487939" lon="30.5049703"/>
  <node id="7992689718" lat="50.4487687" lon="30.5049301"/>
  <node id="7992689719" lat="50.4486794" lon="30.5041873"/>
  <node id="7992689720" lat="50.4492033" lon="30.5037819"/>
  <node id="7992689737" lat="50.4491970" lon="30.5037621"/>
  <node id="8013961097" lat="50.4492295" lon="30.5037885"/>
  <node id="8013961098" lat="50.4486119" lon="30.5042240"/>
  <node id="8013961099" lat="50.4486361" lon="30.5043671"/>
  <node id="8013961100" lat="50.4492108" lon="30.5035417"/>
  <node id="8043352886" lat="50.4504619" lon="30.5080152"/>
  <node id="8043352887" lat="50.4503991" lon="30.5080351"/>
  <node id="8043352888" lat="50.4503309" lon="30.5080749"/>
  <node id="8043352889" lat="50.4501775" lon="30.5074623"/>
  <node id="8043352890" lat="50.4501697" lon="30.5075069"/>
  <node id="8043352891" lat="50.4501461" lon="30.5075363"/>
  <node id="8043352893" lat="50.4505356" lon="30.5084445">
    <tag k="entrance" v="staircase"/>
  </node>
  <node id="8043352894" lat="50.4505706" lon="30.5085066"/>
  <node id="8043352895" lat="50.4506769" lon="30.5083205"/>
  <node id="8043352897" lat="50.4511098" lon="30.5091023"/>
  <node id="8043352898" lat="50.4510539" lon="30.5091023"/>
  <node id="8045589110" lat="50.4510667" lon="30.5168653"/>
  <node id="8045589138" lat="50.4499280" lon="30.5151422"/>
  <node id="8045589148" lat="50.4497261" lon="30.5171593"/>
  <node id="8045589153" lat="50.4500297" lon="30.5151565"/>
  <node id="8045589160" lat="50.4511757" lon="30.5156360">
    <tag k="barrier" v="kerb"/>
    <tag k="kerb" v="lowered"/>
  </node>
  <node id="8050656165" lat="50.4508711" lon="30.5176706"/>
  <node id="8051564628" lat="50.4530257" lon="30.5136585"/>
  <node id="8051564629" lat="50.4527258" lon="30.5133583"/>
  <node id="8051564630" lat="50.4529905" lon="30.5135836"/>
  <node id="8051568349" lat="50.4521538" lon="30.5142076"/>
  <node id="8051568350" lat="50.4519419" lon="30.5141327"/>
  <node id="8051568377" lat="50.4524513" lon="30.5136949"/>
  <node id="8051568378" lat="50.4525373" lon="30.5137534"/>
  <node id="8051568379" lat="50.4525188" lon="30.5137613"/>
  <node id="8051568380" lat="50.4524966" lon="30.5137847"/>
  <node id="8051568381" lat="50.4524767" lon="30.5138374"/>
  <node id="8051568382" lat="50.4523031" lon="30.5144647"/>
  <node id="8051568409" lat="50.4523006" lon="30.5144285"/>
  <node id="8051568410" lat="50.4523164" lon="30.5144982"/>
  <node id="8051568411" lat="50.4523843" lon="30.5141556"/>
  <node id="8051568436" lat="50.4530179" lon="30.5149300"/>
  <node id="8051568437" lat="50.4532476" lon="30.5146511"/>
  <node id="8051568438" lat="50.4531579" lon="30.5147986"/>
  <node id="8051568495" lat="50.4528809" lon="30.5149932"/>
  <node id="8051568496" lat="50.4529212" lon="30.5151131"/>
  <node id="8051568497" lat="50.4530444" lon="30.5152166"/>
  <node id="8051568498" lat="50.4530782" lon="30.5152346"/>
  <node id="8051568499" lat="50.4531277" lon="30.5152384"/>
  <node id="8051568500" lat="50.4531712" lon="30.5152289"/>
  <node id="8051568501" lat="50.4532262" lon="30.5151834"/>
  <node id="8051568503" lat="50.4532844" lon="30.5145705"/>
  <node id="8051568504" lat="50.4533014" lon="30.5146129"/>
  <node id="8057391348" lat="50.4538444" lon="30.5161070"/>
  <node id="8057391349" lat="50.4535462" lon="30.5159477"/>
  <node id="8057391350" lat="50.4532696" lon="30.5158453"/>
  <node id="8057391351" lat="50.4530692" lon="30.5156898"/>
  <node id="8057391352" lat="50.4531009" lon="30.5161657"/>
  <node id="8057391353" lat="50.4537567" lon="30.5167540"/>
  <node id="8057448110" lat="50.4517423" lon="30.5061721"/>
  <node id="8057448111" lat="50.4512905" lon="30.5065320"/>
  <node id="8057448112" lat="50.4513309" lon="30.5065002"/>
  <node id="8057448113" lat="50.4514474" lon="30.5064055"/>
  <node id="8057448114" lat="50.4513565" lon="30.5064802"/>
  <node id="8057448115" lat="50.4510036" lon="30.5066827"/>
  <node id="8057448116" lat="50.4511491" lon="30.5065602"/>
  <node id="8057448117" lat="50.4512057" lon="30.5065126"/>
  <node id="8057492661" lat="50.4532490" lon="30.5140294"/>
  <node id="8063129078" lat="50.4490705" lon="30.5144296"/>
  <node id="8128999448" lat="50.4468973" lon="30.5035025"/>
  <node id="8128999451" lat="50.4472345" lon="30.5028209"/>
  <node id="8128999460" lat="50.4468734" lon="30.5035880"/>
  <node id="8128999463" lat="50.4469844" lon="30.5030130"/>
  <node id="8128999465" lat="50.4473093" lon="30.5028527"/>
  <node id="8128999478" lat="50.4471933" lon="30.5030928"/>
  <node id="8208679417" lat="50.4480590" lon="30.5051561"/>
  <node id="8208679418" lat="50.4480606" lon="30.5049353"/>
  <node id="8208679419" lat="50.4481079" lon="30.5053291"/>
  <node id="8208679421" lat="50.4481338" lon="30.5049624"/>
  <node id="8208679422" lat="50.4481560" lon="30.5049975"/>
  <node id="8208679423" lat="50.4488702" lon="30.5053267"/>
  <node id="8208679424" lat="50.4489245" lon="30.5052964"/>
  <node id="8208679425" lat="50.4489666" lon="30.5052456"/>
  <node id="8208679426" lat="50.4484801" lon="30.5051854"/>
  <node id="8208679427" lat="50.4487790" lon="30.5053210"/>
  <node id="8208679428" lat="50.4485840" lon="30.5052233"/>
  <node id="8208679429" lat="50.4483793" lon="30.5052034"/>
  <node id="8208679430" lat="50.4482820" lon="30.5052850"/>
  <node id="8208679431" lat="50.4482210" lon="30.5053950"/>
  <node id="8208679432" lat="50.4482041" lon="30.5054348"/>
  <node id="8208679433" lat="50.4479348" lon="30.5057060"/>
  <node id="8208679434" lat="50.4480200" lon="30.5052690"/>
  <node id="8208679435" lat="50.4480512" lon="30.5052905"/>
  <node id="8208679436" lat="50.4481867" lon="30.5054167"/>
  <node id="8208679455" lat="50.4480347" lon="30.5057019"/>
  <node id="8323007443" lat="50.4496774" lon="30.5032620"/>
  <node id="8323007444" lat="50.4489432" lon="30.5051007"/>
  <node id="8323007445" lat="50.4487135" lon="30.5048062"/>
  <node id="8323007446" lat="50.4493181" lon="30.5051638"/>
  <node id="8323026135" lat="50.4525583" lon="30.5142456"/>
  <node id="8323026136" lat="50.4527722" lon="30.5139907"/>
  <node id="8323026137" lat="50.4529972" lon="30.5136989"/>
  <node id="8323026138" lat="50.4533370" lon="30.5144276"/>
  <node id="8323026139" lat="50.4525281" lon="30.5158738"/>
  <node id="8323026141" lat="50.4541920" lon="30.5160834"/>
  <node id="8503183910" lat="50.4480804" lon="30.5056993"/>
  <node id="8503183911" lat="50.4481738" lon="30.5056827"/>
  <node id="8503183912" lat="50.4480830" lon="30.5057288"/>
  <node id="8503183913" lat="50.4481755" lon="30.5057133"/>
  <node id="8503183914" lat="50.4481829" lon="30.5057114"/>
  <node id="8503183915" lat="50.4481855" lon="30.5057476"/>
  <node id="8503183916" lat="50.4482000" lon="30.5057912"/>
  <node id="8503230417" lat="50.4482205" lon="30.5058536"/>
  <node id="8503230418" lat="50.4482388" lon="30.5059099"/>
  <node id="8503230419" lat="50.4482747" lon="30.5060165"/>
  <node id="8503230420" lat="50.4481902" lon="30.5056806"/>
  <node id="8503230421" lat="50.4481838" lon="30.5055505"/>
  <node id="8503230422" lat="50.4481987" lon="30.5057510"/>
  <node id="8503230423" lat="50.4482337" lon="30.5058663"/>
  <node id="8503230424" lat="50.4482990" lon="30.5059776"/>
  <node id="8503230425" lat="50.4483879" lon="30.5060507"/>
  <node id="8503230426" lat="50.4485241" lon="30.5061292"/>
  <node id="8503230427" lat="50.4487128" lon="30.5062250"/>
  <node id="8503230428" lat="50.4489395" lon="30.5063283"/>
  <node id="8503230429" lat="50.4489895" lon="30.5063518"/>
  <node id="8611058325" lat="50.4527272" lon="30.5095747">
    <tag k="crossing" v="uncontrolled"/>
    <tag k="crossing:island" v="no"/>
    <tag k="crossing:markings" v="zebra"/>
    <tag k="highway" v="crossing"/>
  </node>
  <node id="8611058326" lat="50.4528136" lon="30.5096520"/>
  <node id="8611058327" lat="50.4532401" lon="30.5102030"/>
  <node id="8658749457" lat="50.4462995" lon="30.5130879"/>
  <node id="8658749458" lat="50.4462924" lon="30.5130681"/>
  <node id="8747342542" lat="50.4485197" lon="30.5094024"/>
  <node id="8778814197" lat="50.4511592" lon="30.5076874"/>
  <node id="8778814214" lat="50.4514977" lon="30.5076620">
    <tag k="barrier" v="gate"/>
  </node>
  <node id="8778830433" lat="50.4512087" lon="30.5078729"/>
  <node id="8813556055" lat="50.4516152" lon="30.5035729"/>
  <node id="8849056750" lat="50.4513599" lon="30.5125016"/>
  <node id="8849065945" lat="50.4517658" lon="30.5101695"/>
  <node id="8851265770" lat="50.4487832" lon="30.5101837"/>
  <node id="8851265771" lat="50.4486359" lon="30.5101234"/>
  <node id="8851265772" lat="50.4484416" lon="30.5100395"/>
  <node id="8851265773" lat="50.4485062" lon="30.5094773"/>
  <node id="8851265774" lat="50.4486925" lon="30.5101468"/>
  <node id="8851265776" lat="50.4484224" lon="30.5099725"/>
  <node id="8851265777" lat="50.4485434" lon="30.5100209"/>
  <node id="8851265778" lat="50.4484507" lon="30.5099838"/>
  <node id="8851265779" lat="50.4484322" lon="30.5099138"/>
  <node id="8851265780" lat="50.4483958" lon="30.5099001"/>
  <node id="8851265781" lat="50.4483696" lon="30.5100544"/>
  <node id="8851265786" lat="50.4484126" lon="30.5099065">
    <tag k="access" v="no"/>
    <tag k="barrier" v="gate"/>
    <tag k="foot" v="private"/>
    <tag k="motor_vehicle" v="private"/>
  </node>
  <node id="8853896652" lat="50.4490379" lon="30.5096867"/>
  <node id="8853896653" lat="50.4490489" lon="30.5096079">
    <tag k="crossing" v="uncontrolled"/>
    <tag k="crossing:island" v="no"/>
    <tag k="crossing:markings" v="zebra"/>
    <tag k="highway" v="crossing"/>
  </node>
  <node id="8853910254" lat="50.4483879" lon="30.5103678"/>
  <node id="8853918693" lat="50.4490312" lon="30.5095231">
    <tag k="barrier" v="kerb"/>
    <tag k="kerb" v="lowered"/>
  </node>
  <node id="8853918694" lat="50.4489543" lon="30.5094949">
    <tag k="barrier" v="kerb"/>
    <tag k="kerb" v="lowered"/>
  </node>
  <node id="8888526010" lat="50.4509189" lon="30.5111774"/>
  <node id="9037669813" lat="50.4483462" lon="30.5048411"/>
  <node id="9037669814" lat="50.4483616" lon="30.5047437"/>
  <node id="9037669815" lat="50.4484159" lon="30.5042705"/>
  <node id="9041336363" lat="50.4493583" lon="30.5099892"/>
  <node id="9041336370" lat="50.4484405" lon="30.5098706"/>
  <node id="9041336376" lat="50.4493212" lon="30.5101915"/>
  <node id="9041336378" lat="50.4484782" lon="30.5096441">
    <tag k="barrier" v="lift_gate"/>
    <tag k="foot" v="yes"/>
    <tag k="lift_gate:type" v="single"/>
    <tag k="motor_vehicle" v="permit"/>
  </node>
  <node id="9048230259" lat="50.4472106" lon="30.5130969"/>
  <node id="9048230260" lat="50.4469124" lon="30.5129447"/>
  <node id="9048230261" lat="50.4469590" lon="30.5129685"/>
  <node id="9048230262" lat="50.4471890" lon="30.5130859"/>
  <node id="9183500116" lat="50.4470092" lon="30.5138680"/>
  <node id="9183500117" lat="50.4471587" lon="30.5139282"/>
  <node id="9183500119" lat="50.4476482" lon="30.5141251"/>
  <node id="9183500120" lat="50.4481451" lon="30.5143250"/>
  <node id="9183500121" lat="50.4488289" lon="30.5147034">
    <tag k="barrier" v="kerb"/>
    <tag k="kerb" v="lowered"/>
  </node>
  <node id="9183500122" lat="50.4488149" lon="30.5146687">
    <tag k="barrier" v="kerb"/>
    <tag k="kerb" v="lowered"/>
  </node>
  <node id="9197196090" lat="50.4490003" lon="30.5147714"/>
  <node id="9197196091" lat="50.4487782" lon="30.5159416"/>
  <node id="9399805054" lat="50.4493768" lon="30.5062966"/>
  <node id="9516743619" lat="50.4488088" lon="30.5159538"/>
  <node id="9516743620" lat="50.4498899" lon="30.5155346"/>
  <node id="9516743634" lat="50.4489975" lon="30.5160022"/>
  <node id="9516743635" lat="50.4489797" lon="30.5160188"/>
  <node id="9516743636" lat="50.4489692" lon="30.5160179"/>
  <node id="9516743637" lat="50.4489897" lon="30.5160132"/>
  <node id="9516743638" lat="50.4489580" lon="30.5160134"/>
  <node id="9516743639" lat="50.4488276" lon="30.5159613"/>
  <node id="9516743640" lat="50.4490020" lon="30.5159873"/>
  <node id="9516743642" lat="50.4499249" lon="30.5155485"/>
  <node id="9516743643" lat="50.4495150" lon="30.5153860"/>
  <node id="9516743644" lat="50.4497644" lon="30.5154848"/>
  <node id="9516743648" lat="50.4499551" lon="30.5151530"/>
  <node id="9520505639" lat="50.4490494" lon="30.5144215"/>
  <node id="9520505640" lat="50.4486750" lon="30.5130146"/>
  <node id="9520505641" lat="50.4486363" lon="30.5132434"/>
  <node id="9520505644" lat="50.4483501" lon="30.5141839"/>
  <node id="9520505645" lat="50.4486803" lon="30.5132660"/>
  <node id="9520505646" lat="50.4487165" lon="30.5130319"/>
  <node id="9520505648" lat="50.4492135" lon="30.5132828"/>
  <node id="9520505649" lat="50.4489129" lon="30.5128136"/>
  <node id="9520505650" lat="50.4489022" lon="30.5128804"/>
  <node id="9520505651" lat="50.4489333" lon="30.5129915"/>
  <node id="9520505652" lat="50.4487243" lon="30.5138757"/>
  <node id="9520505653" lat="50.4488405" lon="30.5146604"/>
  <node id="9520505677" lat="50.4487829" lon="30.5129940"/>
  <node id="9520505678" lat="50.4487350" lon="30.5130396"/>
  <node id="9520505696" lat="50.4487641" lon="30.5124864"/>
  <node id="9520505697" lat="50.4490190" lon="30.5125577"/>
  <node id="9520505698" lat="50.4485775" lon="30.5135921"/>
  <node id="9520505699" lat="50.4486756" lon="30.5130107"/>
  <node id="9520505700" lat="50.4488511" lon="30.5139841"/>
  <node id="9520505701" lat="50.4488419" lon="30.5139800"/>
  <node id="9520505702" lat="50.4488938" lon="30.5140027"/>
  <node id="9520505703" lat="50.4488779" lon="30.5139958"/>
  <node id="9520505704" lat="50.4489441" lon="30.5140247"/>
  <node id="9520505705" lat="50.4486689" lon="30.5142709"/>
  <node id="9520505706" lat="50.4488895" lon="30.5143597"/>
  <node id="9520505707" lat="50.4484761" lon="30.5141932"/>
  <node id="9520505708" lat="50.4490562" lon="30.5133368"/>
  <node id="9520505709" lat="50.4490859" lon="30.5131541"/>
  <node id="9520505710" lat="50.4490266" lon="30.5131302"/>
  <node id="9520505711" lat="50.4489434" lon="30.5129427"/>
  <node id="9520505712" lat="50.4489962" lon="30.5129176"/>
  <node id="9520505713" lat="50.4490747" lon="30.5132230"/>
  <node id="9520505714" lat="50.4490206" lon="30.5135548"/>
  <node id="9520505715" lat="50.4490650" lon="30.5135727"/>
  <node id="9520505716" lat="50.4491189" lon="30.5132420"/>
  <node id="9520508617" lat="50.4489813" lon="30.5134210"/>
  <node id="9520508618" lat="50.4489933" lon="30.5134272"/>
  <node id="9520508619" lat="50.4490244" lon="30.5134432"/>
  <node id="9520508620" lat="50.4490377" lon="30.5134500"/>
  <node id="9520508621" lat="50.4489832" lon="30.5137847"/>
  <node id="9520508622" lat="50.4491685" lon="30.5126475"/>
  <node id="9520508623" lat="50.4488830" lon="30.5143992"/>
  <node id="9520508626" lat="50.4489523" lon="30.5129003"/>
  <node id="9520508627" lat="50.4488374" lon="30.5126477"/>
  <node id="9520508628" lat="50.4489922" lon="30.5127090"/>
  <node id="9520508629" lat="50.4490568" lon="30.5127347"/>
  <node id="9520508630" lat="50.4489803" lon="30.5127661"/>
  <node id="9520508631" lat="50.4490181" lon="30.5127810"/>
  <node id="9520508665" lat="50.4491206" lon="30.5125980"/>
  <node id="9520508666" lat="50.4491429" lon="30.5126119"/>
  <node id="9520508667" lat="50.4491617" lon="30.5126339"/>
  <node id="9520508668" lat="50.4487688" lon="30.5124586"/>
  <node id="9520508691" lat="50.4487577" lon="30.5131146"/>
  <node id="9520508692" lat="50.4487629" lon="30.5130895"/>
  <node id="9520508693" lat="50.4486862" lon="30.5130193"/>
  <node id="9520508704" lat="50.4486474" lon="30.5132491"/>
  <node id="9520508705" lat="50.4487086" lon="30.5132806"/>
  <node id="9520508706" lat="50.4487217" lon="30.5132873"/>
  <node id="9520508711" lat="50.4489261" lon="30.5136854"/>
  <node id="9520508712" lat="50.4489381" lon="30.5136280"/>
  <node id="9520508713" lat="50.4489419" lon="30.5136100"/>
  <node id="9520508714" lat="50.4489124" lon="30.5137511"/>
  <node id="9520508732" lat="50.4488950" lon="30.5130372"/>
  <node id="9520508733" lat="50.4489096" lon="30.5130256"/>
  <node id="9520508734" lat="50.4489258" lon="30.5130271"/>
  <node id="9520508735" lat="50.4489395" lon="30.5130410"/>
  <node id="9520508736" lat="50.4489469" lon="30.5130639"/>
  <node id="9520508737" lat="50.4489370" lon="30.5131109"/>
  <node id="9520508738" lat="50.4489225" lon="30.5131224"/>
  <node id="9520508739" lat="50.4489062" lon="30.5131210"/>
  <node id="9520508740" lat="50.4488926" lon="30.5131070"/>
  <node id="9520508741" lat="50.4488852" lon="30.5130842"/>
  <node id="9520508742" lat="50.4489460" lon="30.5130894"/>
  <node id="9520508743" lat="50.4488861" lon="30.5130586"/>
  <node id="9520508773" lat="50.4487446" lon="30.5138779"/>
  <node id="9520508774" lat="50.4487770" lon="30.5139517"/>
  <node id="9520508775" lat="50.4487181" lon="30.5140156"/>
  <node id="9520508789" lat="50.4486761" lon="30.5142338"/>
  <node id="9520508790" lat="50.4486830" lon="30.5141977"/>
  <node id="9520508791" lat="50.4487645" lon="30.5137747"/>
  <node id="9520508792" lat="50.4487810" lon="30.5136887"/>
  <node id="9520508793" lat="50.4487591" lon="30.5138026"/>
  <node id="9520508794" lat="50.4486079" lon="30.5136065"/>
  <node id="9520508795" lat="50.4485932" lon="30.5135996"/>
  <node id="9520508796" lat="50.4488871" lon="30.5137391"/>
  <node id="9520508797" lat="50.4488709" lon="30.5137314"/>
  <node id="9520508798" lat="50.4488480" lon="30.5137205"/>
  <node id="9520508799" lat="50.4488313" lon="30.5137126"/>
  <node id="9524816626" lat="50.4497519" lon="30.5148964"/>
  <node id="9524816627" lat="50.4499872" lon="30.5147702"/>
  <node id="9524816630" lat="50.4513644" lon="30.5148974"/>
  <node id="9524816631" lat="50.4510198" lon="30.5142248"/>
  <node id="9524816632" lat="50.4492354" lon="30.5133627"/>
  <node id="9524816633" lat="50.4497409" lon="30.5138724"/>
  <node id="9524816634" lat="50.4495780" lon="30.5138157"/>
  <node id="9524816639" lat="50.4511251" lon="30.5138614"/>
  <node id="9524816641" lat="50.4495660" lon="30.5148231"/>
  <node id="9524816656" lat="50.4490919" lon="30.5144199"/>
  <node id="9524816670" lat="50.4511679" lon="30.5148816"/>
  <node id="9524816671" lat="50.4511880" lon="30.5148880"/>
  <node id="9524816672" lat="50.4511779" lon="30.5148852"/>
  <node id="9524816673" lat="50.4511982" lon="30.5148898"/>
  <node id="9524816674" lat="50.4512085" lon="30.5148907"/>
  <node id="9524816675" lat="50.4511192" lon="30.5148616"/>
  <node id="9524816676" lat="50.4491621" lon="30.5136124"/>
  <node id="9524816677" lat="50.4491829" lon="30.5136210"/>
  <node id="9524816678" lat="50.4491959" lon="30.5136264"/>
  <node id="9524816679" lat="50.4493263" lon="30.5136785"/>
  <node id="9524816680" lat="50.4493617" lon="30.5136542"/>
  <node id="9524816681" lat="50.4493686" lon="30.5136527"/>
  <node id="9524816682" lat="50.4493332" lon="30.5136770"/>
  <node id="9524816683" lat="50.4493397" lon="30.5136727"/>
  <node id="9524816684" lat="50.4493552" lon="30.5136585"/>
  <node id="9524816685" lat="50.4492076" lon="30.5135486"/>
  <node id="9524816687" lat="50.4497738" lon="30.5147646"/>
  <node id="9524816688" lat="50.4503469" lon="30.5150002"/>
  <node id="9524816689" lat="50.4507387" lon="30.5145550"/>
  <node id="9524816690" lat="50.4503608" lon="30.5149163"/>
  <node id="9524816691" lat="50.4504022" lon="30.5146680"/>
  <node id="9524816692" lat="50.4512431" lon="30.5148922"/>
  <node id="9524816693" lat="50.4503265" lon="30.5144250"/>
  <node id="9524816694" lat="50.4503464" lon="30.5144602"/>
  <node id="9524816695" lat="50.4504144" lon="30.5144915"/>
  <node id="9524816696" lat="50.4503299" lon="30.5144406"/>
  <node id="9524816697" lat="50.4504214" lon="30.5145038"/>
  <node id="9524816698" lat="50.4503271" lon="30.5144085"/>
  <node id="9524816699" lat="50.4504050" lon="30.5144843"/>
  <node id="9524816700" lat="50.4499116" lon="30.5144265"/>
  <node id="9524816701" lat="50.4498510" lon="30.5144050"/>
  <node id="9524816702" lat="50.4498410" lon="30.5144103"/>
  <node id="9524816703" lat="50.4498332" lon="30.5144213"/>
  <node id="9524816704" lat="50.4498286" lon="30.5144362"/>
  <node id="9524816705" lat="50.4499399" lon="30.5144112"/>
  <node id="9524816706" lat="50.4499221" lon="30.5144275"/>
  <node id="9524816707" lat="50.4499320" lon="30.5144221"/>
  <node id="9524816708" lat="50.4497860" lon="30.5146915"/>
  <node id="9524816709" lat="50.4498264" lon="30.5144492"/>
  <node id="9524816710" lat="50.4497919" lon="30.5146564"/>
  <node id="9524816711" lat="50.4499594" lon="30.5143070"/>
  <node id="9524816712" lat="50.4499445" lon="30.5143963"/>
  <node id="9524816713" lat="50.4498615" lon="30.5144059"/>
  <node id="9524816714" lat="50.4493736" lon="30.5141954"/>
  <node id="9524816715" lat="50.4493701" lon="30.5141798"/>
  <node id="9524816716" lat="50.4493806" lon="30.5142078"/>
  <node id="9524819817" lat="50.4493708" lon="30.5141634"/>
  <node id="9524819818" lat="50.4493798" lon="30.5141090"/>
  <node id="9524819819" lat="50.4497820" lon="30.5142494"/>
  <node id="9524819820" lat="50.4497715" lon="30.5142484"/>
  <node id="9524819821" lat="50.4497998" lon="30.5142331"/>
  <node id="9524819822" lat="50.4497919" lon="30.5142440"/>
  <node id="9524819823" lat="50.4495867" lon="30.5141725"/>
  <node id="9524819824" lat="50.4498044" lon="30.5142182"/>
  <node id="9524819825" lat="50.4498083" lon="30.5141949"/>
  <node id="9524819826" lat="50.4497647" lon="30.5143690"/>
  <node id="9524819827" lat="50.4493900" lon="30.5142150"/>
  <node id="9524819828" lat="50.4496495" lon="30.5143217"/>
  <node id="9524819842" lat="50.4498706" lon="30.5138211"/>
  <node id="9524819843" lat="50.4507975" lon="30.5142021"/>
  <node id="9524819844" lat="50.4510085" lon="30.5142888"/>
  <node id="9524819845" lat="50.4498649" lon="30.5138552"/>
  <node id="9524819846" lat="50.4507918" lon="30.5142362"/>
  <node id="9524819847" lat="50.4510025" lon="30.5143228"/>
  <node id="9524819848" lat="50.4503838" lon="30.5140685"/>
  <node id="9524819850" lat="50.4496000" lon="30.5146187"/>
  <node id="9524819851" lat="50.4513240" lon="30.5148956"/>
  <node id="9524819852" lat="50.4513287" lon="30.5145714"/>
  <node id="9524819853" lat="50.4512643" lon="30.5144358"/>
  <node id="9524819854" lat="50.4513217" lon="30.5145480"/>
  <node id="9524819889" lat="50.4509256" lon="30.5147774"/>
  <node id="9524819890" lat="50.4509473" lon="30.5146471"/>
  <node id="9524819891" lat="50.4509812" lon="30.5144435"/>
  <node id="9524819892" lat="50.4495884" lon="30.5146884"/>
  <node id="9524819893" lat="50.4496059" lon="30.5145835"/>
  <node id="9524819894" lat="50.4503895" lon="30.5140343"/>
  <node id="9524819900" lat="50.4496410" lon="30.5143729"/>
  <node id="9524819904" lat="50.4503306" lon="30.5143873"/>
  <node id="9974815368" lat="50.4473447" lon="30.5159698"/>
  <node id="9974815369" lat="50.4473641" lon="30.5158315"/>
  <node id="9974815370" lat="50.4474742" lon="30.5151465"/>
  <node id="9974815371" lat="50.4473326" lon="30.5148596"/>
  <node id="10271985812" lat="50.4479826" lon="30.5157403">
    <tag k="access" v="private"/>
    <tag k="barrier" v="lift_gate"/>
    <tag k="locked" v="yes"/>
  </node>
  <node id="10297367866" lat="50.4501904" lon="30.5069827">
    <tag k="access" v="private"/>
    <tag k="barrier" v="lift_gate"/>
    <tag k="foot" v="yes"/>
    <tag k="motor_vehicle" v="yes"/>
  </node>
  <node id="10297367867" lat="50.4509081" lon="30.5064020">
    <tag k="barrier" v="gate"/>
    <tag k="foot" v="yes"/>
    <tag k="motor_vehicle" v="no"/>
  </node>
  <node id="10297367868" lat="50.4518422" lon="30.5073719"/>
  <node id="10297367869" lat="50.4517494" lon="30.5074895">
    <tag k="barrier" v="lift_gate"/>
  </node>
  <node id="10298059658" lat="50.4469326" lon="30.5068501"/>
  <node id="10298059659" lat="50.4470169" lon="30.5068216"/>
  <node id="10298059660" lat="50.4469270" lon="30.5085413"/>
  <node id="10735774521" lat="50.4493312" lon="30.5037115"/>
  <node id="10735774522" lat="50.4491795" lon="30.5037067">
    <tag k="check_date:crossing" v="2021-02-16"/>
    <tag k="crossing" v="zebra"/>
    <tag k="crossing:island" v="no"/>
    <tag k="highway" v="crossing"/>
  </node>
  <node id="10735774524" lat="50.4492109" lon="30.5037838"/>
  <node id="10816172279" lat="50.4498476" lon="30.5113993"/>
  <node id="10816172280" lat="50.4495453" lon="30.5108133"/>
  <node id="10816172281" lat="50.4494215" lon="30.5109712"/>
  <node id="10816172282" lat="50.4495646" lon="30.5112487"/>
  <node id="10816172283" lat="50.4496894" lon="30.5110926"/>
  <node id="10816172284" lat="50.4498231" lon="30.5113516">
    <tag k="barrier" v="gate"/>
    <tag k="locked" v="yes"/>
    <tag k="material" v="metal"/>
  </node>
  <node id="10816172285" lat="50.4500746" lon="30.5111115"/>
  <node id="10816172286" lat="50.4500504" lon="30.5110605">
    <tag k="barrier" v="gate"/>
    <tag k="colour" v="#404C58"/>
    <tag k="locked" v="yes"/>
  </node>
  <node id="10816172287" lat="50.4499662" lon="30.5108974"/>
  <node id="10876031392" lat="50.4498766" lon="30.5114547"/>
  <node id="10876031393" lat="50.4501016" lon="30.5111735"/>
  <node id="10876037391" lat="50.4498995" lon="30.5107694"/>
  <node id="10876037392" lat="50.4499798" lon="30.5106406"/>
  <node id="10893127305" lat="50.4511975" lon="30.5099274"/>
  <node id="10978899420" lat="50.4505011" lon="30.5045694"/>
  <node id="10989060955" lat="50.4494235" lon="30.5065959"/>
  <node id="10989060956" lat="50.4494877" lon="30.5066127"/>
  <node id="10989060957" lat="50.4495380" lon="30.5066316"/>
  <node id="10989060958" lat="50.4496624" lon="30.5066765"/>
  <node id="10989060959" lat="50.4497216" lon="30.5066962"/>
  <node id="10989060960" lat="50.4496704" lon="30.5071271"/>
  <node id="10989070050" lat="50.4511425" lon="30.5058311"/>
  <node id="10989070051" lat="50.4512340" lon="30.5057541"/>
  <node id="10989070052" lat="50.4513929" lon="30.5056227"/>
  <node id="10989070053" lat="50.4515284" lon="30.5055088"/>
  <node id="10989070054" lat="50.4516997" lon="30.5059231"/>
  <node id="10991580361" lat="50.4473298" lon="30.5141280"/>
  <node id="10991621714" lat="50.4473141" lon="30.5142308"/>
  <node id="10991621715" lat="50.4473183" lon="30.5142041"/>
  <node id="11117009277" lat="50.4468256" lon="30.5085404"/>
  <node id="11117009278" lat="50.4469206" lon="30.5085794">
    <tag k="crossing" v="uncontrolled"/>
    <tag k="crossing:markings" v="yes"/>
    <tag k="highway" v="crossing"/>
  </node>
  <node id="11117009279" lat="50.4469562" lon="30.5085957"/>
  <node id="11117009280" lat="50.4469627" lon="30.5086303">
    <tag k="crossing" v="uncontrolled"/>
    <tag k="crossing:markings" v="yes"/>
    <tag k="highway" v="crossing"/>
  </node>
  <node id="11117009281" lat="50.4469690" lon="30.5086605"/>
  <node id="11117009283" lat="50.4471936" lon="30.5087631"/>
  <node id="11133536191" lat="50.4492772" lon="30.5080461"/>
  <node id="11133574116" lat="50.4488268" lon="30.5094445"/>
  <node id="11133592537" lat="50.4490944" lon="30.5092864"/>
  <node id="11150204447" lat="50.4497485" lon="30.5064829"/>
  <node id="11150204448" lat="50.4497639" lon="30.5063461"/>
  <node id="11150204449" lat="50.4497707" lon="30.5062522"/>
  <node id="11150204450" lat="50.4497861" lon="30.5062308"/>
  <node id="11150204451" lat="50.4498237" lon="30.5062227"/>
  <node id="11150204452" lat="50.4498493" lon="30.5062335"/>
  <node id="11227231751" lat="50.4489368" lon="30.5095016"/>
  <node id="11227231752" lat="50.4489504" lon="30.5094746"/>
  <node id="11227231753" lat="50.4490141" lon="30.5092886"/>
  <node id="11227231765" lat="50.4492541" lon="30.5036977"/>
  <node id="11227231769" lat="50.4489437" lon="30.5094913">
    <tag k="crossing" v="uncontrolled"/>
    <tag k="crossing:markings" v="yes"/>
    <tag k="highway" v="crossing"/>
  </node>
  <node id="11227231770" lat="50.4488995" lon="30.5094942">
    <tag k="crossing" v="uncontrolled"/>
    <tag k="crossing:markings" v="yes"/>
    <tag k="highway" v="crossing"/>
  </node>
  <node id="11227231771" lat="50.4489597" lon="30.5094513">
    <tag k="highway" v="crossing"/>
  </node>
  <node id="11227243085" lat="50.4513733" lon="30.5155489"/>
  <node id="11227243086" lat="50.4513948" lon="30.5152838"/>
  <node id="11227243087" lat="50.4514033" lon="30.5147339"/>
  <node id="11227243088" lat="50.4513965" lon="30.5144845"/>
  <node id="11227243089" lat="50.4513589" lon="30.5143987"/>
  <node id="11227243090" lat="50.4513145" lon="30.5143343"/>
  <node id="11227243091" lat="50.4511455" lon="30.5136879"/>
  <node id="11227243092" lat="50.4511305" lon="30.5135757"/>
  <node id="11227243093" lat="50.4519225" lon="30.5109601"/>
  <node id="11227243096" lat="50.4528014" lon="30.5095350"/>
  <node id="11227243104" lat="50.4519324" lon="30.5109310">
    <tag k="crossing" v="uncontrolled"/>
    <tag k="crossing:markings" v="yes"/>
    <tag k="highway" v="crossing"/>
  </node>
  <node id="11227243105" lat="50.4514756" lon="30.5124334"/>
  <node id="11227243106" lat="50.4512530" lon="30.5131672">
    <tag k="highway" v="crossing"/>
  </node>
  <node id="11227243107" lat="50.4511767" lon="30.5138074">
    <tag k="highway" v="crossing"/>
  </node>
  <node id="11227243108" lat="50.4513836" lon="30.5144549">
    <tag k="highway" v="crossing"/>
  </node>
  <node id="11227243109" lat="50.4513908" lon="30.5153322">
    <tag k="button_operated" v="no"/>
    <tag k="check_date" v="2025-05-12"/>
    <tag k="crossing" v="traffic_signals"/>
    <tag k="crossing:island" v="no"/>
    <tag k="crossing:markings" v="zebra"/>
    <tag k="footway" v="crossing"/>
    <tag k="highway" v="crossing"/>
    <tag k="traffic_signals:countdown" v="yes"/>
    <tag k="traffic_signals:sound" v="no"/>
    <tag k="traffic_signals:vibration" v="no"/>
  </node>
  <node id="11227243110" lat="50.4513057" lon="30.5143004"/>
  <node id="11227243113" lat="50.4492258" lon="30.5134270">
    <tag k="check_date" v="2025-05-12"/>
    <tag k="crossing" v="uncontrolled"/>
    <tag k="crossing:island" v="no"/>
    <tag k="crossing:markings" v="yes"/>
    <tag k="crossing_ref" v="zebra"/>
    <tag k="highway" v="crossing"/>
    <tag k="kerb" v="lowered"/>
    <tag k="tactile_paving" v="no"/>
  </node>
  <node id="11227243114" lat="50.4495127" lon="30.5135475">
    <tag k="crossing" v="uncontrolled"/>
    <tag k="crossing:island" v="no"/>
    <tag k="crossing:markings" v="zebra"/>
    <tag k="highway" v="crossing"/>
    <tag k="tactile_paving" v="no"/>
  </node>
  <node id="11227243115" lat="50.4498083" lon="30.5136716">
    <tag k="crossing" v="uncontrolled"/>
    <tag k="crossing:island" v="no"/>
    <tag k="highway" v="crossing"/>
    <tag k="tactile_paving" v="no"/>
  </node>
  <node id="11227243116" lat="50.4500364" lon="30.5137674">
    <tag k="crossing" v="uncontrolled"/>
    <tag k="crossing:island" v="no"/>
    <tag k="crossing:markings" v="no"/>
    <tag k="highway" v="crossing"/>
    <tag k="tactile_paving" v="no"/>
  </node>
  <node id="11227243117" lat="50.4504905" lon="30.5139581">
    <tag k="highway" v="crossing"/>
  </node>
  <node id="11227243118" lat="50.4509266" lon="30.5141412">
    <tag k="crossing:signals" v="no"/>
    <tag k="highway" v="crossing"/>
  </node>
  <node id="11227243119" lat="50.4512727" lon="30.5142858">
    <tag k="crossing:markings" v="no"/>
    <tag k="crossing:signals" v="no"/>
    <tag k="highway" v="crossing"/>
  </node>
  <node id="11227245964" lat="50.4521437" lon="30.5085836">
    <tag k="button_operated" v="no"/>
    <tag k="crossing:signals" v="yes"/>
    <tag k="highway" v="crossing"/>
    <tag k="kerb" v="lowered"/>
    <tag k="traffic_signals:sound" v="no"/>
  </node>
  <node id="11227245966" lat="50.4527242" lon="30.5093886">
    <tag k="crossing" v="uncontrolled"/>
    <tag k="crossing:island" v="no"/>
    <tag k="crossing:markings" v="yes"/>
    <tag k="highway" v="crossing"/>
  </node>
  <node id="11227245968" lat="50.4527931" lon="30.5094810">
    <tag k="crossing:markings" v="yes"/>
    <tag k="crossing:signals" v="no"/>
    <tag k="highway" v="crossing"/>
  </node>
  <node id="11227245969" lat="50.4528419" lon="30.5095464">
    <tag k="crossing" v="uncontrolled"/>
    <tag k="crossing:island" v="no"/>
    <tag k="crossing:markings" v="yes"/>
    <tag k="highway" v="crossing"/>
  </node>
  <node id="11227245983" lat="50.4487750" lon="30.5124236"/>
  <node id="11227245984" lat="50.4491598" lon="30.5125674">
    <tag k="crossing" v="uncontrolled"/>
    <tag k="crossing:markings" v="yes"/>
    <tag k="highway" v="crossing"/>
  </node>
  <node id="11227245985" lat="50.4491902" lon="30.5125956"/>
  <node id="11227245986" lat="50.4492186" lon="30.5126636"/>
  <node id="11227246007" lat="50.4501300" lon="30.5029763"/>
  <node id="11227246008" lat="50.4501623" lon="30.5030805"/>
  <node id="11227246009" lat="50.4503778" lon="30.5037627">
    <tag k="highway" v="crossing"/>
  </node>
  <node id="11227246010" lat="50.4507035" lon="30.5047914">
    <tag k="highway" v="crossing"/>
  </node>
  <node id="11227246011" lat="50.4510089" lon="30.5057558">
    <tag k="highway" v="crossing"/>
  </node>
  <node id="11227246012" lat="50.4511944" lon="30.5062283">
    <tag k="highway" v="crossing"/>
  </node>
  <node id="11227246013" lat="50.4512395" lon="30.5064841">
    <tag k="highway" v="crossing"/>
  </node>
  <node id="11227246014" lat="50.4513234" lon="30.5067470">
    <tag k="highway" v="crossing"/>
  </node>
  <node id="11227246015" lat="50.4515932" lon="30.5075855">
    <tag k="highway" v="crossing"/>
  </node>
  <node id="11234203268" lat="50.4464828" lon="30.5115637"/>
  <node id="11234203269" lat="50.4465274" lon="30.5115804">
    <tag k="crossing" v="uncontrolled"/>
    <tag k="crossing:markings" v="yes"/>
    <tag k="highway" v="crossing"/>
  </node>
  <node id="11234203270" lat="50.4487336" lon="30.5124081"/>
  <node id="11273736189" lat="50.4489869" lon="30.5093655"/>
  <node id="11273736191" lat="50.4489732" lon="30.5095486"/>
  <node id="11273736197" lat="50.4500806" lon="30.5099090"/>
  <node id="11273736198" lat="50.4506295" lon="30.5101557"/>
  <node id="11273736199" lat="50.4507731" lon="30.5102208"/>
  <node id="11446466118" lat="50.4543757" lon="30.5150485"/>
  <node id="11576189501" lat="50.4488993" lon="30.5153948"/>
  <node id="11630405562" lat="50.4489068" lon="30.5153483"/>
  <node id="11630405564" lat="50.4488207" lon="30.5153141"/>
  <node id="11630405565" lat="50.4490735" lon="30.5154151"/>
  <node id="11630405566" lat="50.4489257" lon="30.5153558">
    <tag k="barrier" v="gate"/>
  </node>
  <node id="11630416974" lat="50.4500991" lon="30.5130385"/>
  <node id="11630416975" lat="50.4501398" lon="30.5130574"/>
  <node id="11630416976" lat="50.4499839" lon="30.5129881"/>
  <node id="11630416982" lat="50.4505403" lon="30.5134388">
    <tag k="barrier" v="lift_gate"/>
    <tag k="foot" v="yes"/>
    <tag k="lift_gate:type" v="double"/>
    <tag k="locked" v="yes"/>
    <tag k="motor_vehicle" v="private"/>
  </node>
  <node id="11630416983" lat="50.4504403" lon="30.5133998"/>
  <node id="11630416987" lat="50.4501507" lon="30.5129588">
    <tag k="barrier" v="gate"/>
  </node>
  <node id="11630416988" lat="50.4501235" lon="30.5133510">
    <tag k="barrier" v="lift_gate"/>
    <tag k="foot" v="yes"/>
    <tag k="lift_gate:type" v="single"/>
    <tag k="locked" v="yes"/>
    <tag k="motor_vehicle" v="private"/>
  </node>
  <node id="11634386893" lat="50.4505872" lon="30.5132498"/>
  <node id="11773273042" lat="50.4514902" lon="30.5037004"/>
  <node id="11773273043" lat="50.4514854" lon="30.5032462"/>
  <node id="11773273046" lat="50.4512659" lon="30.5032450"/>
  <node id="11773273047" lat="50.4514336" lon="30.5032942"/>
  <node id="11773273056" lat="50.4525183" lon="30.5021612"/>
  <node id="11773273057" lat="50.4524193" lon="30.5023141"/>
  <node id="11773273058" lat="50.4524336" lon="30.5022404"/>
  <node id="11773273060" lat="50.4526533" lon="30.5025380"/>
  <node id="11773273061" lat="50.4515058" lon="30.5032981"/>
  <node id="11773273062" lat="50.4515940" lon="30.5035216"/>
  <node id="11813831319" lat="50.4469188" lon="30.5033816"/>
  <node id="11813831320" lat="50.4473466" lon="30.5035354"/>
  <node id="11813831321" lat="50.4473249" lon="30.5036686"/>
  <node id="11813831322" lat="50.4473607" lon="30.5034486"/>
  <node id="11813831323" lat="50.4475211" lon="30.5035130"/>
  <node id="11813831324" lat="50.4475386" lon="30.5034054"/>
  <node id="11813831325" lat="50.4475966" lon="30.5034287"/>
  <node id="11813831326" lat="50.4471222" lon="30.5034548"/>
  <node id="11813831327" lat="50.4471034" lon="30.5035826"/>
  <node id="11813856929" lat="50.4491366" lon="30.5025711"/>
  <node id="11813856930" lat="50.4492299" lon="30.5033623"/>
  <node id="11980254388" lat="50.4487263" lon="30.5111026"/>
  <node id="11980254397" lat="50.4484885" lon="30.5118820"/>
  <node id="11980254398" lat="50.4488066" lon="30.5120012"/>
  <node id="11980254399" lat="50.4480602" lon="30.5117209"/>
  <node id="11980927979" lat="50.4481915" lon="30.5115464"/>
  <node id="11981003973" lat="50.4486937" lon="30.5113197">
    <tag k="access" v="private"/>
    <tag k="addr:flats" v="76-83"/>
    <tag k="door" v="yes"/>
    <tag k="entrance" v="staircase"/>
    <tag k="level" v="0"/>
    <tag k="ref" v="3"/>
    <tag k="wheelchair" v="no"/>
  </node>
  <node id="11981003974" lat="50.4485826" lon="30.5112772">
    <tag k="access" v="private"/>
    <tag k="addr:flats" v="68-75"/>
    <tag k="door" v="yes"/>
    <tag k="entrance" v="staircase"/>
    <tag k="level" v="0"/>
    <tag k="ref" v="2"/>
    <tag k="wheelchair" v="no"/>
  </node>
  <node id="11981003975" lat="50.4484326" lon="30.5112352">
    <tag k="addr:flats" v="60-67"/>
    <tag k="door" v="yes"/>
    <tag k="entrance" v="staircase"/>
    <tag k="level" v="0"/>
    <tag k="ref" v="1"/>
    <tag k="wheelchair" v="no"/>
  </node>
  <node id="12019755653" lat="50.4489191" lon="30.5117915"/>
  <node id="12019755654" lat="50.4488234" lon="30.5124168"/>
  <node id="12019755656" lat="50.4487288" lon="30.5116226"/>
  <node id="12019755657" lat="50.4486686" lon="30.5114730"/>
  <node id="12027586592" lat="50.4488470" lon="30.5122625">
    <tag k="access" v="permit"/>
    <tag k="barrier" v="gate"/>
    <tag k="locked" v="yes"/>
    <tag k="wheelchair" v="yes"/>
  </node>
  <node id="12027586593" lat="50.4488398" lon="30.5123094">
    <tag k="highway" v="crossing"/>
  </node>
  <node id="12035354765" lat="50.4481831" lon="30.5108879">
    <tag k="access" v="private"/>
    <tag k="door" v="yes"/>
    <tag k="entrance" v="staircase"/>
    <tag k="level" v="2"/>
  </node>
  <node id="12035354766" lat="50.4483589" lon="30.5109574"/>
  <node id="12035354767" lat="50.4482981" lon="30.5109333"/>
  <node id="12107800097" lat="50.4480821" lon="30.5117291"/>
  <node id="12107800099" lat="50.4482665" lon="30.5115200"/>
  <node id="12107800100" lat="50.4483425" lon="30.5116008"/>
  <node id="12107816801" lat="50.4483065" lon="30.5118135"/>
  <node id="12112236235" lat="50.4485489" lon="30.5113917"/>
  <node id="12112236244" lat="50.4484250" lon="30.5108345"/>
  <node id="12112236245" lat="50.4484024" lon="30.5109746"/>
  <node id="12115272810" lat="50.4480359" lon="30.5121128"/>
  <node id="12115272811" lat="50.4479332" lon="30.5127309"/>
  <node id="12115272812" lat="50.4480307" lon="30.5121444">
    <tag k="highway" v="crossing"/>
  </node>
  <node id="12115272814" lat="50.4480198" lon="30.5122098">
    <tag k="access" v="private"/>
    <tag k="barrier" v="gate"/>
    <tag k="colour" v="#000000"/>
    <tag k="locked" v="yes"/>
    <tag k="material" v="metal"/>
  </node>
  <node id="12115272816" lat="50.4476412" lon="30.5126155"/>
  <node id="12115272817" lat="50.4477380" lon="30.5120346">
    <tag k="highway" v="crossing"/>
  </node>
  <node id="12115272818" lat="50.4477250" lon="30.5121126">
    <tag k="access" v="private"/>
    <tag k="barrier" v="lift_gate"/>
    <tag k="bicycle" v="yes"/>
    <tag k="foot" v="yes"/>
    <tag k="lift_gate:type" v="single"/>
    <tag k="locked" v="yes"/>
    <tag k="material" v="metal"/>
  </node>
  <node id="12115289283" lat="50.4470530" lon="30.5106529"/>
  <node id="12115289284" lat="50.4472725" lon="30.5114341"/>
  <node id="12115289285" lat="50.4472347" lon="30.5116579">
    <tag k="access" v="permit"/>
    <tag k="barrier" v="gate"/>
    <tag k="bicycle" v="permit"/>
    <tag k="foot" v="permit"/>
    <tag k="horse" v="no"/>
    <tag k="locked" v="yes"/>
    <tag k="material" v="metal"/>
    <tag k="motor_vehicle" v="permit"/>
  </node>
  <node id="12115289286" lat="50.4472118" lon="30.5117963"/>
  <node id="12115289287" lat="50.4472269" lon="30.5117052"/>
  <node id="12115289290" lat="50.4474366" lon="30.5108090"/>
  <node id="12115289291" lat="50.4473307" lon="30.5114580"/>
  <node id="12115289292" lat="50.4472927" lon="30.5116854">
    <tag k="access" v="permit"/>
    <tag k="barrier" v="gate"/>
    <tag k="bicycle" v="permit"/>
    <tag k="foot" v="permit"/>
    <tag k="horse" v="no"/>
    <tag k="locked" v="yes"/>
    <tag k="material" v="metal"/>
    <tag k="motor_vehicle" v="permit"/>
  </node>
  <node id="12115289293" lat="50.4472704" lon="30.5118188"/>
  <node id="12115289294" lat="50.4472856" lon="30.5117275"/>
  <node id="12116548485" lat="50.4473813" lon="30.5107867"/>
  <node id="12116556727" lat="50.4507470" lon="30.5111453"/>
  <node id="12116556731" lat="50.4506990" lon="30.5112043"/>
  <node id="12135470065" lat="50.4523705" lon="30.5117928"/>
  <node id="12135470066" lat="50.4527474" lon="30.5121864"/>
  <node id="12135470067" lat="50.4524220" lon="30.5118466">
    <tag k="access" v="permit"/>
    <tag k="barrier" v="gate"/>
    <tag k="locked" v="yes"/>
    <tag k="material" v="metal"/>
    <tag k="opening_hours" v="24/7"/>
    <tag k="wheelchair" v="yes"/>
  </node>
  <node id="12136147649" lat="50.4487099" lon="30.5108306"/>
  <node id="12136147650" lat="50.4486117" lon="30.5107917"/>
  <node id="12136147651" lat="50.4485692" lon="30.5110405"/>
  <node id="12136147663" lat="50.4487895" lon="30.5108622"/>
  <node id="12136147664" lat="50.4487719" lon="30.5109758"/>
  <node id="12136147665" lat="50.4487207" lon="30.5109563"/>
  <node id="12136147666" lat="50.4486997" lon="30.5110921"/>
  <node id="12138559676" lat="50.4468557" lon="30.5069573"/>
  <node id="12154929872" lat="50.4509979" lon="30.5135859">
    <tag k="barrier" v="lift_gate"/>
    <tag k="bicycle" v="yes"/>
    <tag k="foot" v="yes"/>
    <tag k="lift_gate:type" v="single"/>
    <tag k="locked" v="yes"/>
    <tag k="motor_vehicle" v="permit"/>
  </node>
  <node id="12154929873" lat="50.4500193" lon="30.5133123"/>
  <node id="12154929874" lat="50.4500847" lon="30.5133363">
    <tag k="barrier" v="chain"/>
    <tag k="locked" v="yes"/>
    <tag k="motor_vehicle" v="permit"/>
  </node>
  <node id="12167817638" lat="50.4521789" lon="30.5111015"/>
  <node id="12167817639" lat="50.4519506" lon="30.5116850"/>
  <node id="12167817640" lat="50.4521583" lon="30.5111544">
    <tag k="highway" v="crossing"/>
  </node>
  <node id="12167817641" lat="50.4521346" lon="30.5112148">
    <tag k="access" v="permit"/>
    <tag k="barrier" v="gate"/>
    <tag k="locked" v="yes"/>
    <tag k="material" v="metal"/>
    <tag k="wheelchair" v="yes"/>
  </node>
  <node id="12167817645" lat="50.4521499" lon="30.5111757"/>
  <node id="12167817646" lat="50.4528549" lon="30.5112208"/>
  <node id="12167817647" lat="50.4527914" lon="30.5114051"/>
  <node id="12167817648" lat="50.4526409" lon="30.5112772"/>
  <node id="12167817649" lat="50.4525830" lon="30.5114451">
    <tag k="highway" v="crossing"/>
  </node>
  <node id="12176060774" lat="50.4480814" lon="30.5150635"/>
  <node id="12176060776" lat="50.4492879" lon="30.5112812"/>
  <node id="12176060777" lat="50.4494032" lon="30.5115105"/>
  <node id="12176060778" lat="50.4494450" lon="30.5115199"/>
  <node id="12176060779" lat="50.4495939" lon="30.5118081"/>
  <node id="12176060781" lat="50.4495667" lon="30.5117554">
    <tag k="highway" v="crossing"/>
  </node>
  <node id="12176060782" lat="50.4495567" lon="30.5118545"/>
  <node id="12176060783" lat="50.4493980" lon="30.5115628"/>
  <node id="12176060784" lat="50.4493032" lon="30.5115548"/>
  <node id="12176060785" lat="50.4495289" lon="30.5118033">
    <tag k="highway" v="crossing"/>
  </node>
  <node id="12176060786" lat="50.4495414" lon="30.5117065">
    <tag k="access" v="permit"/>
    <tag k="barrier" v="gate"/>
    <tag k="colour" v="#000000"/>
    <tag k="locked" v="yes"/>
    <tag k="material" v="metal"/>
  </node>
  <node id="12176060787" lat="50.4495007" lon="30.5117515">
    <tag k="access" v="permit"/>
    <tag k="barrier" v="gate"/>
    <tag k="locked" v="yes"/>
    <tag k="material" v="plastic"/>
    <tag k="wheelchair" v="yes"/>
  </node>
  <node id="12176085501" lat="50.4490757" lon="30.5081197"/>
  <node id="12176085502" lat="50.4489581" lon="30.5080774"/>
  <node id="12176085503" lat="50.4489383" lon="30.5080704"/>
  <node id="12186375294" lat="50.4464143" lon="30.5115369"/>
  <node id="12186375295" lat="50.4463596" lon="30.5115878"/>
  <node id="12186375296" lat="50.4463172" lon="30.5116463"/>
  <node id="12186394404" lat="50.4471957" lon="30.5138725"/>
  <node id="12186394405" lat="50.4471567" lon="30.5141067"/>
  <node id="12186394406" lat="50.4471715" lon="30.5140179"/>
  <node id="12186394407" lat="50.4471399" lon="30.5142109"/>
  <node id="12186394408" lat="50.4471656" lon="30.5143383"/>
  <node id="12195491192" lat="50.4476246" lon="30.5090108"/>
  <node id="12195491193" lat="50.4476354" lon="30.5089545"/>
  <node id="12195491194" lat="50.4476395" lon="30.5089294"/>
  <node id="12195491195" lat="50.4477088" lon="30.5084981"/>
  <node id="12195491196" lat="50.4477077" lon="30.5084503"/>
  <node id="12195491197" lat="50.4476908" lon="30.5084238"/>
  <node id="12195491198" lat="50.4475702" lon="30.5083742"/>
  <node id="12195491199" lat="50.4478941" lon="30.5081065"/>
  <node id="12195491200" lat="50.4478317" lon="30.5084698"/>
  <node id="12195542501" lat="50.4478283" lon="30.5085370"/>
  <node id="12195542502" lat="50.4478283" lon="30.5086202"/>
  <node id="12195542503" lat="50.4478238" lon="30.5087157"/>
  <node id="12195542504" lat="50.4478159" lon="30.5087971"/>
  <node id="12195542505" lat="50.4477831" lon="30.5089916"/>
  <node id="12195542506" lat="50.4477788" lon="30.5090167"/>
  <node id="12195542507" lat="50.4477697" lon="30.5090758"/>
  <node id="12195542510" lat="50.4474618" lon="30.5047003"/>
  <node id="12195542511" lat="50.4475891" lon="30.5047520">
    <tag k="barrier" v="lift_gate"/>
    <tag k="lift_gate:type" v="single"/>
    <tag k="locked" v="yes"/>
  </node>
  <node id="12195542515" lat="50.4479999" lon="30.5049117"/>
  <node id="12195542516" lat="50.4479910" lon="30.5049692"/>
  <node id="12195542517" lat="50.4480263" lon="30.5049831"/>
  <node id="12195542518" lat="50.4480214" lon="30.5050170"/>
  <node id="12195542519" lat="50.4479979" lon="30.5051587"/>
  <node id="12195542520" lat="50.4477909" lon="30.5048305"/>
  <node id="12195542521" lat="50.4477468" lon="30.5051002"/>
  <node id="12204763962" lat="50.4484889" lon="30.5120304"/>
  <node id="12204763963" lat="50.4484670" lon="30.5121715"/>
  <node id="12204763964" lat="50.4484734" lon="30.5121303"/>
  <node id="12222211784" lat="50.4487552" lon="30.5122794"/>
  <node id="12230404332" lat="50.4491581" lon="30.5107040"/>
  <node id="12235516048" lat="50.4525152" lon="30.5048315">
    <tag k="barrier" v="entrance"/>
  </node>
  <node id="12238340581" lat="50.4524892" lon="30.5166457"/>
  <node id="12297462003" lat="50.4517055" lon="30.5038016"/>
  <node id="12297462004" lat="50.4515696" lon="30.5039399"/>
  <node id="12297462009" lat="50.4524645" lon="30.5027262"/>
  <node id="12297462010" lat="50.4526712" lon="30.5032418"/>
  <node id="12297462011" lat="50.4518366" lon="30.5041236"/>
  <node id="12297462012" lat="50.4521250" lon="30.5048224"/>
  <node id="12297462013" lat="50.4518997" lon="30.5050504"/>
  <node id="12297462014" lat="50.4514031" lon="30.5037877"/>
  <node id="12297462015" lat="50.4525588" lon="30.5029614"/>
  <node id="12297462024" lat="50.4518366" lon="30.5041236"/>
  <node id="12297462025" lat="50.4518079" lon="30.5040543"/>
  <node id="12297462026" lat="50.4517176" lon="30.5038307"/>
  <node id="12297462027" lat="50.4520041" lon="30.5051598">
    <tag k="access" v="private"/>
    <tag k="door" v="yes"/>
    <tag k="entrance" v="yes"/>
  </node>
  <node id="12297462028" lat="50.4519428" lon="30.5050067"/>
  <node id="12297462044" lat="50.4520030" lon="30.5045268"/>
  <node id="12297462045" lat="50.4520723" lon="30.5046948"/>
  <node id="12297462046" lat="50.4517954" lon="30.5047852"/>
  <node id="12297462047" lat="50.4518602" lon="30.5049501"/>
  <node id="12299358013" lat="50.4472161" lon="30.5068143"/>
  <node id="12299358014" lat="50.4490077" lon="30.5076052"/>
  <node id="12336959073" lat="50.4489192" lon="30.5109421"/>
  <node id="12336959074" lat="50.4490512" lon="30.5108976"/>
  <node id="12336959076" lat="50.4490332" lon="30.5110222"/>
  <node id="12336959077" lat="50.4491765" lon="30.5112115"/>
  <node id="12390205940" lat="50.4525970" lon="30.5081217"/>
  <node id="12397873178" lat="50.4506058" lon="30.5055574"/>
  <node id="12397873179" lat="50.4504657" lon="30.5051296">
    <tag k="barrier" v="lift_gate"/>
    <tag k="lift_gate:type" v="single"/>
    <tag k="locked" v="no"/>
  </node>
  <node id="12398542104" lat="50.4477409" lon="30.5078077"/>
  <node id="12398542105" lat="50.4479178" lon="30.5078777"/>
  <node id="12398564250" lat="50.4483804" lon="30.5048163"/>
  <node id="12398564251" lat="50.4483627" lon="30.5048296"/>
  <node id="12398564252" lat="50.4483398" lon="30.5047513"/>
  <node id="12398564253" lat="50.4483216" lon="30.5047608"/>
  <node id="12400486108" lat="50.4511748" lon="30.5132703"/>
  <node id="12405048751" lat="50.4503019" lon="30.5107399"/>
  <node id="12405048752" lat="50.4503285" lon="30.5107893"/>
  <node id="12405048753" lat="50.4502028" lon="30.5105492"/>
  <node id="12405048754" lat="50.4500383" lon="30.5104996"/>
  <node id="12405048755" lat="50.4503614" lon="30.5108487"/>
  <node id="12405048773" lat="50.4498620" lon="30.5115592"/>
  <node id="12405048774" lat="50.4499676" lon="30.5117557">
    <tag k="entrance" v="main"/>
  </node>
  <node id="12405048775" lat="50.4499167" lon="30.5116614">
    <tag k="entrance" v="main"/>
  </node>
  <node id="12405048776" lat="50.4497453" lon="30.5116188"/>
  <node id="12405048777" lat="50.4498775" lon="30.5118709"/>
  <node id="12405048778" lat="50.4497724" lon="30.5116713">
    <tag k="highway" v="crossing"/>
  </node>
  <node id="12405048779" lat="50.4498293" lon="30.5117788">
    <tag k="access" v="permit"/>
    <tag k="barrier" v="gate"/>
    <tag k="colour" v="#000000"/>
    <tag k="locked" v="yes"/>
    <tag k="material" v="metal"/>
    <tag k="wheelchair" v="yes"/>
  </node>
  <node id="12405048780" lat="50.4499685" lon="30.5120460"/>
  <node id="12405048781" lat="50.4501434" lon="30.5123835"/>
  <node id="12405048782" lat="50.4498564" lon="30.5118306"/>
  <node id="12406837109" lat="50.4528730" lon="30.5079192">
    <tag k="entrance" v="main"/>
  </node>
  <node id="12406837110" lat="50.4528539" lon="30.5078835">
    <tag k="barrier" v="gate"/>
  </node>
  <node id="12406837111" lat="50.4528267" lon="30.5078300"/>
  <node id="12406837116" lat="50.4524935" lon="30.5076507"/>
  <node id="12453769814" lat="50.4506653" lon="30.5100042">
    <tag k="barrier" v="lift_gate"/>
    <tag k="foot" v="yes"/>
    <tag k="swing_gate:type" v="single"/>
  </node>
  <node id="12458854992" lat="50.4471379" lon="30.5072862"/>
  <node id="12458854993" lat="50.4471234" lon="30.5072797"/>
  <node id="12458854994" lat="50.4470366" lon="30.5072408">
    <tag k="crossing" v="uncontrolled"/>
    <tag k="crossing:island" v="no"/>
    <tag k="crossing:markings" v="zebra"/>
    <tag k="crossing_ref" v="zebra"/>
    <tag k="highway" v="crossing"/>
  </node>
  <node id="12458854995" lat="50.4469483" lon="30.5072013">
    <tag k="crossing" v="uncontrolled"/>
    <tag k="crossing:markings" v="yes"/>
    <tag k="highway" v="crossing"/>
  </node>
  <node id="12458854996" lat="50.4469296" lon="30.5071929"/>
  <node id="12458903401" lat="50.4474113" lon="30.5055486"/>
  <node id="12458903402" lat="50.4473159" lon="30.5061223"/>
  <node id="12458903403" lat="50.4472240" lon="30.5066743"/>
  <node id="12458903404" lat="50.4472018" lon="30.5068079"/>
  <node id="12458903405" lat="50.4471183" lon="30.5073105"/>
  <node id="12458903406" lat="50.4471063" lon="30.5073820"/>
  <node id="12458903407" lat="50.4471003" lon="30.5074178"/>
  <node id="12458903408" lat="50.4469093" lon="30.5085337">
    <tag k="crossing" v="uncontrolled"/>
    <tag k="crossing:markings" v="yes"/>
    <tag k="highway" v="crossing"/>
  </node>
  <node id="12458903409" lat="50.4469027" lon="30.5085720"/>
  <node id="12458903410" lat="50.4489264" lon="30.5095041"/>
  <node id="12486815578" lat="50.4512522" lon="30.5143214"/>
  <node id="12486815584" lat="50.4493713" lon="30.5134228"/>
  <node id="12486815585" lat="50.4492748" lon="30.5129064"/>
  <node id="12486815586" lat="50.4493277" lon="30.5125754"/>
  <node id="12486815587" lat="50.4490520" lon="30.5123598">
    <tag k="entrance" v="yes"/>
  </node>
  <node id="12486815588" lat="50.4490486" lon="30.5123828"/>
  <node id="12486815589" lat="50.4484164" lon="30.5113384"/>
  <node id="12486815591" lat="50.4515615" lon="30.5138243"/>
  <node id="12486819811" lat="50.4533348" lon="30.5120720"/>
  <node id="12486994226" lat="50.4490704" lon="30.5147443"/>
  <node id="12486994227" lat="50.4495505" lon="30.5149327"/>
  <node id="12486994228" lat="50.4495778" lon="30.5150005"/>
  <node id="12486994229" lat="50.4487721" lon="30.5145965"/>
  <node id="12488539600" lat="50.4533320" lon="30.5102128"/>
  <node id="12488589701" lat="50.4533518" lon="30.5101799"/>
  <node id="12488589712" lat="50.4531878" lon="30.5091765"/>
  <node id="12488589713" lat="50.4531662" lon="30.5091227"/>
  <node id="12488589715" lat="50.4535747" lon="30.5104694"/>
  <node id="12488589725" lat="50.4535844" lon="30.5104820"/>
  <node id="12493071669" lat="50.4488410" lon="30.5147606"/>
  <node id="12493071670" lat="50.4487241" lon="30.5154990"/>
  <node id="12504222951" lat="50.4514106" lon="30.5144832"/>
  <node id="12520486465" lat="50.4479253" lon="30.5089059"/>
  <node id="12520486466" lat="50.4478852" lon="30.5091275"/>
  <node id="12520486467" lat="50.4478960" lon="30.5090666">
    <tag k="highway" v="crossing"/>
  </node>
  <node id="12520486468" lat="50.4479004" lon="30.5090424">
    <tag k="highway" v="crossing"/>
  </node>
  <node id="12520486469" lat="50.4479433" lon="30.5087977"/>
  <node id="12520486470" lat="50.4479839" lon="30.5085704"/>
  <node id="12520486482" lat="50.4485653" lon="30.5088306"/>
  <node id="12520486483" lat="50.4485370" lon="30.5090046"/>
  <node id="12520486484" lat="50.4485127" lon="30.5091594"/>
  <node id="12520486485" lat="50.4484743" lon="30.5093836"/>
  <node id="12520486486" lat="50.4484856" lon="30.5093178">
    <tag k="highway" v="crossing"/>
  </node>
  <node id="12520486487" lat="50.4484891" lon="30.5092974">
    <tag k="highway" v="crossing"/>
  </node>
  <node id="12520486490" lat="50.4487950" lon="30.5090614"/>
  <node id="12520486491" lat="50.4487616" lon="30.5092628"/>
  <node id="12520492913" lat="50.4490113" lon="30.5098932">
    <tag k="access" v="private"/>
    <tag k="door" v="yes"/>
    <tag k="entrance" v="staircase"/>
  </node>
  <node id="12520492917" lat="50.4488471" lon="30.5098276">
    <tag k="access" v="private"/>
    <tag k="door" v="yes"/>
    <tag k="entrance" v="staircase"/>
  </node>
  <node id="12520492925" lat="50.4494538" lon="30.5095943"/>
  <node id="12520492926" lat="50.4494408" lon="30.5096765"/>
  <node id="12520492927" lat="50.4495089" lon="30.5092282"/>
  <node id="12520492928" lat="50.4495956" lon="30.5098635">
    <tag k="highway" v="crossing"/>
  </node>
  <node id="12520492929" lat="50.4495561" lon="30.5103688"/>
  <node id="12520492930" lat="50.4496321" lon="30.5103983"/>
  <node id="12520492931" lat="50.4496016" lon="30.5100741"/>
  <node id="12522510447" lat="50.4481615" lon="30.5107113">
    <tag k="access" v="private"/>
    <tag k="door" v="yes"/>
    <tag k="entrance" v="staircase"/>
    <tag k="level" v="0"/>
  </node>
  <node id="12522510448" lat="50.4483758" lon="30.5104392"/>
  <node id="12522510449" lat="50.4485805" lon="30.5104494"/>
  <node id="12522510450" lat="50.4484201" lon="30.5101719"/>
  <node id="12522510457" lat="50.4484856" lon="30.5096001"/>
  <node id="12522510458" lat="50.4484537" lon="30.5096354">
    <tag k="barrier" v="lift_gate"/>
    <tag k="lift_gate:type" v="single"/>
    <tag k="locked" v="yes"/>
    <tag k="motor_vehicle" v="private"/>
  </node>
  <node id="12522510459" lat="50.4484902" lon="30.5095725"/>
  <node id="12522510460" lat="50.4484344" lon="30.5097582"/>
  <node id="12522510461" lat="50.4484310" lon="30.5096262">
    <tag k="door" v="yes"/>
    <tag k="entrance" v="yes"/>
    <tag k="wheelchair" v="no"/>
  </node>
  <node id="12522510462" lat="50.4483551" lon="30.5095955">
    <tag k="door" v="yes"/>
    <tag k="entrance" v="yes"/>
    <tag k="wheelchair" v="no"/>
  </node>
  <node id="12522510463" lat="50.4482788" lon="30.5095646">
    <tag k="door" v="yes"/>
    <tag k="entrance" v="yes"/>
    <tag k="wheelchair" v="no"/>
  </node>
  <node id="12522510464" lat="50.4483829" lon="30.5094282"/>
  <node id="12522510465" lat="50.4484593" lon="30.5094586"/>
  <node id="12522510466" lat="50.4483051" lon="30.5093971"/>
  <node id="12522510467" lat="50.4484391" lon="30.5095783"/>
  <node id="12522510468" lat="50.4482862" lon="30.5095174"/>
  <node id="12522510469" lat="50.4483630" lon="30.5095480"/>
  <node id="12522915592" lat="50.4479552" lon="30.5125985"/>
  <node id="12522915593" lat="50.4483420" lon="30.5127505"/>
  <node id="12525929772" lat="50.4510471" lon="30.5135089"/>
  <node id="12525929773" lat="50.4510910" lon="30.5135440">
    <tag k="crossing" v="uncontrolled"/>
    <tag k="highway" v="crossing"/>
  </node>
  <node id="12531308182" lat="50.4487119" lon="30.5110129"/>
  <node id="12531308184" lat="50.4491355" lon="30.5114934"/>
  <node id="12535980494" lat="50.4517185" lon="30.5076795"/>
  <node id="12546080338" lat="50.4512268" lon="30.5061617"/>
  <node id="12546080339" lat="50.4512462" lon="30.5061471"/>
  <node id="12546080340" lat="50.4513396" lon="30.5060718"/>
  <node id="12546080341" lat="50.4513949" lon="30.5060297"/>
  <node id="12546080342" lat="50.4511295" lon="30.5062717"/>
  <node id="12546080343" lat="50.4512383" lon="30.5061992"/>
  <node id="12546080344" lat="50.4511836" lon="30.5061941"/>
  <node id="12546080345" lat="50.4518686" lon="30.5073572"/>
  <node id="12548544397" lat="50.4515832" lon="30.5015416"/>
  <node id="12554712373" lat="50.4522220" lon="30.5087569">
    <tag k="cycleway" v="asl"/>
    <tag k="direction" v="forward"/>
  </node>
  <node id="12631440922" lat="50.4491971" lon="30.5063367">
    <tag k="barrier" v="gate"/>
  </node>
  <node id="12647785858" lat="50.4484236" lon="30.5146210"/>
  <node id="12647785859" lat="50.4484617" lon="30.5143895"/>
  <node id="12647785860" lat="50.4484278" lon="30.5145956">
    <tag k="barrier" v="bollard"/>
  </node>
  <node id="12647785861" lat="50.4484403" lon="30.5145196"/>
  <node id="12647785862" lat="50.4484520" lon="30.5144485"/>
  <node id="12647785863" lat="50.4481349" lon="30.5154562"/>
  <node id="12647785864" lat="50.4482097" lon="30.5153799"/>
  <node id="12647785873" lat="50.4485091" lon="30.5145456"/>
  <node id="12647785874" lat="50.4485441" lon="30.5145120"/>
  <node id="12703546999" lat="50.4516524" lon="30.5105187"/>
  <node id="12782547294" lat="50.4461227" lon="30.5134333"/>
  <node id="12803540465" lat="50.4516269" lon="30.5115033">
    <tag k="barrier" v="gate"/>
  </node>
  <node id="12803540466" lat="50.4525962" lon="30.5103143"/>
  <node id="12803540470" lat="50.4524581" lon="30.5101199"/>
  <node id="12803540471" lat="50.4524860" lon="30.5101592"/>
  <node id="12803540472" lat="50.4517089" lon="30.5115701"/>
  <node id="12803540473" lat="50.4515172" lon="30.5114135"/>
  <node id="12803540474" lat="50.4524214" lon="30.5100675"/>
  <node id="12803540475" lat="50.4526432" lon="30.5103841"/>
  <node id="12803540478" lat="50.4513096" lon="30.5112527"/>
  <node id="12803540480" lat="50.4516639" lon="30.5115335"/>
  <node id="12828978126" lat="50.4471542" lon="30.5138555">
    <tag k="check_date" v="2025-05-14"/>
    <tag k="highway" v="traffic_signals"/>
    <tag k="traffic_signals" v="blinker"/>
    <tag k="traffic_signals:countdown" v="no"/>
    <tag k="traffic_signals:direction" v="forward"/>
  </node>
  <node id="12830223581" lat="50.4520489" lon="30.5087471"/>
  <node id="12850819698" lat="50.4514734" lon="30.5100297"/>
  <node id="12899715561" lat="50.4523406" lon="30.5112203"/>
  <node id="12899715562" lat="50.4524612" lon="30.5110131"/>
  <node id="12899715563" lat="50.4525294" lon="30.5110790"/>
  <node id="12899715570" lat="50.4527142" lon="30.5114469">
    <tag k="access" v="permit"/>
    <tag k="barrier" v="gate"/>
    <tag k="colour" v="#38571a"/>
    <tag k="locked" v="yes"/>
    <tag k="material" v="metal"/>
  </node>
  <node id="12899715571" lat="50.4527384" lon="30.5113601"/>
  <node id="12899715572" lat="50.4526830" lon="30.5115635"/>
  <node id="12899715573" lat="50.4526927" lon="30.5115274"/>
  <node id="12899715587" lat="50.4532514" lon="30.5119138"/>
  <node id="12900279701" lat="50.4531451" lon="30.5123593"/>
  <node id="12900279702" lat="50.4531951" lon="30.5124527"/>
  <node id="12900279703" lat="50.4534397" lon="30.5126034"/>
  <node id="12900279704" lat="50.4534843" lon="30.5125737"/>
  <node id="12900279705" lat="50.4536465" lon="30.5127966"/>
  <node id="12900279706" lat="50.4536878" lon="30.5127260"/>
  <node id="12900279713" lat="50.4538174" lon="30.5125167"/>
  <node id="12916025321" lat="50.4469850" lon="30.5094734"/>
  <node id="12916025324" lat="50.4472203" lon="30.5067886"/>
  <node id="12916025325" lat="50.4474766" lon="30.5069002"/>
  <node id="12916025326" lat="50.4471204" lon="30.5067451"/>
  <node id="12916025328" lat="50.4475141" lon="30.5063039"/>
  <node id="12916025329" lat="50.4473749" lon="30.5062442"/>
  <node id="12916025330" lat="50.4473139" lon="30.5062180"/>
  <node id="12916025331" lat="50.4472153" lon="30.5061757"/>
  <node id="12916025332" lat="50.4478985" lon="30.5064690"/>
  <node id="12916025333" lat="50.4478132" lon="30.5033262">
    <tag k="barrier" v="gate"/>
  </node>
  <node id="12916025334" lat="50.4479398" lon="30.5033753"/>
  <node id="12916025335" lat="50.4480082" lon="30.5034019"/>
  <node id="12916025343" lat="50.4479427" lon="30.5017633"/>
  <node id="12916025348" lat="50.4480451" lon="30.5011420"/>
  <node id="12917814713" lat="50.4514026" lon="30.5111707"/>
  <node id="12917814714" lat="50.4517037" lon="30.5114055"/>
  <node id="12917814715" lat="50.4516663" lon="30.5113767"/>
  <node id="12917814716" lat="50.4514797" lon="30.5112330"/>
  <node id="12987267850" lat="50.4484277" lon="30.5041773"/>
  <node id="12987267852" lat="50.4492016" lon="30.5037815"/>
  <node id="12987267853" lat="50.4491314" lon="30.5033111"/>
  <node id="12987267854" lat="50.4489707" lon="30.5028428"/>
  <node id="12987267855" lat="50.4489366" lon="30.5028118"/>
  <node id="12987267856" lat="50.4489168" lon="30.5028134"/>
  <node id="12987267857" lat="50.4492382" lon="30.5036213"/>
  <node id="12987267858" lat="50.4491811" lon="30.5035861"/>
  <node id="12987267859" lat="50.4491628" lon="30.5035626"/>
  <node id="12987267860" lat="50.4490310" lon="30.5031932"/>
  <node id="12987267861" lat="50.4489255" lon="30.5032898"/>
  <node id="12987267862" lat="50.4488772" lon="30.5035306"/>
  <node id="12987267863" lat="50.4487329" lon="30.5039753"/>
  <node id="13022583261" lat="50.4480606" lon="30.5006994"/>
  <node id="13072030542" lat="50.4472061" lon="30.5067824"/>
  <node id="13072030543" lat="50.4473009" lon="30.5062124"/>
  <node id="13072030544" lat="50.4470014" lon="30.5070192"/>
  <node id="13115347118" lat="50.4480735" lon="30.5164119"/>
  <node id="13115347121" lat="50.4476747" lon="30.5161863"/>
  <node id="13115347122" lat="50.4474729" lon="30.5161023"/>
  <node id="13115347123" lat="50.4474033" lon="30.5159304"/>
  <node id="13263780389" lat="50.4477308" lon="30.5120777"/>
  <node id="13263780390" lat="50.4480239" lon="30.5121853"/>
  <node id="13263780391" lat="50.4485375" lon="30.5123737"/>
  <node id="13263790970" lat="50.4460165" lon="30.5064929"/>
  <node id="13318952899" lat="50.4473331" lon="30.5110738"/>
  <node id="13318952900" lat="50.4471855" lon="30.5110094"/>
  <node id="13318988301" lat="50.4471317" lon="30.5113158"/>
  <node id="13318988302" lat="50.4469325" lon="30.5112314"/>
  <node id="13318988311" lat="50.4471105" lon="30.5106764"/>
  <node id="13318988312" lat="50.4470347" lon="30.5111059"/>
  <node id="13318988321" lat="50.4470072" lon="30.5112630"/>
  <node id="13322214350" lat="50.4491848" lon="30.5105612"/>
  <node id="13328438594" lat="50.4483006" lon="30.5180439"/>
  <node id="13333361483" lat="50.4475444" lon="30.5047344"/>
  <node id="13333361484" lat="50.4476458" lon="30.5041129"/>
  <node id="13362388820" lat="50.4492384" lon="30.5127216"/>
  <node id="13367115437" lat="50.4481130" lon="30.5123060">
    <tag k="door" v="yes"/>
    <tag k="entrance" v="service"/>
    <tag k="level" v="0"/>
    <tag k="wheelchair" v="no"/>
  </node>
  <node id="13367115438" lat="50.4481039" lon="30.5122146"/>
  <node id="13367115439" lat="50.4481128" lon="30.5122448"/>
  <node id="13523880842" lat="50.4497236" lon="30.5171030"/>
  <node id="13523880844" lat="50.4502508" lon="30.5162934"/>
  <node id="13523880846" lat="50.4501271" lon="30.5156286"/>
  <node id="13523880847" lat="50.4501022" lon="30.5157788"/>
  <node id="13523880848" lat="50.4499653" lon="30.5155645"/>
  <node id="13523880849" lat="50.4499732" lon="30.5155676">
    <tag k="barrier" v="gate"/>
    <tag k="locked" v="yes"/>
    <tag k="material" v="metal"/>
  </node>
  <node id="13523880850" lat="50.4502118" lon="30.5158220"/>
  <node id="13523880851" lat="50.4501433" lon="30.5162504"/>
  <node id="13593192678" lat="50.4511066" lon="30.5137249"/>
  <node id="13673837960" lat="50.4514378" lon="30.5083822"/>
  <node id="13673837961" lat="50.4516163" lon="30.5087101"/>
  <node id="13673837962" lat="50.4517405" lon="30.5080065"/>
  <node id="13673837977" lat="50.4489342" lon="30.5108503"/>
  <node id="13673837980" lat="50.4490861" lon="30.5110051"/>
  <node id="13673837981" lat="50.4491224" lon="30.5110566"/>
  <node id="13673837982" lat="50.4490808" lon="30.5110402"/>
  <node id="13673837983" lat="50.4489864" lon="30.5110044"/>
  <node id="13673837984" lat="50.4489181" lon="30.5110252"/>
  <node id="13677326772" lat="50.4476066" lon="30.5129920"/>
  <node id="13677326773" lat="50.4475279" lon="30.5129621"/>
  <node id="13684075824" lat="50.4476301" lon="30.5128657"/>
  <node id="13684075825" lat="50.4475493" lon="30.5128338"/>
  <node id="13687163890" lat="50.4483347" lon="30.5071321">
    <tag k="barrier" v="bollard"/>
    <tag k="bollard" v="fixed"/>
  </node>
  <node id="13687163892" lat="50.4469273" lon="30.5059720"/>
  <node id="13687163893" lat="50.4470602" lon="30.5060245"/>
  <node id="13687163894" lat="50.4471596" lon="30.5060713"/>
  <node id="13687163895" lat="50.4472266" lon="30.5061080"/>
  <node id="13687163896" lat="50.4470374" lon="30.5060155">
    <tag k="barrier" v="lift_gate"/>
    <tag k="foot" v="yes"/>
  </node>
  <node id="13694788244" lat="50.4473098" lon="30.5158150">
    <tag k="access" v="permissive"/>
    <tag k="barrier" v="lift_gate"/>
    <tag k="foot" v="yes"/>
    <tag k="lift_gate:type" v="single"/>
    <tag k="motor_vehicle" v="permit"/>
  </node>
  <node id="13703806329" lat="50.4495429" lon="30.5104470"/>
  <node id="13737307012" lat="50.4485593" lon="30.5043565"/>
  <node id="13737307013" lat="50.4485518" lon="30.5044400"/>
  <way id="4356996">
    <nd ref="11227231753"/>
    <nd ref="4711603585"/>
    <nd ref="10989060955"/>
    <nd ref="26546156"/>
    <nd ref="1529446683"/>
    <nd ref="26546184"/>
    <nd ref="4799108834"/>
    <nd ref="648544320"/>
    <nd ref="3139635817"/>
    <nd ref="4711603571"/>
    <tag k="cycleway:left" v="track"/>
    <tag k="cycleway:oneway" v="no"/>
    <tag k="foot" v="no"/>
    <tag k="highway" v="residential"/>
    <tag k="lanes" v="2"/>
    <tag k="maxspeed" v="30"/>
    <tag k="name" v="вулиця Вʼячеслава Липинського"/>
    <tag k="name:en" v="Viacheslava Lypynskoho Street"/>
    <tag k="name:es" v="Calle de Viacheslav Lypynskyi"/>
    <tag k="name:etymology" v="Вʼячеслав Казимирович Липинський"/>
    <tag k="name:etymology:wikidata" v="Q1978120"/>
    <tag k="name:etymology:wikipedia" v="uk:Липинський В'ячеслав Казимирович"/>
    <tag k="name:pl" v="ulica Wiaczesława Lipińskiego"/>
    <tag k="name:uk" v="вулиця Вʼячеслава Липинського"/>
    <tag k="name:uk-Latn" v="vulytsia Viacheslava Lypynskoho"/>
    <tag k="old_name" v="вулиця Чапаєва"/>
    <tag k="old_name:en" v="Chapaieva Street"/>
    <tag k="old_name:uk" v="вулиця Чапаєва"/>
    <tag k="oneway" v="yes"/>
    <tag k="oneway:bicycle" v="yes"/>
    <tag k="parking:left" v="no"/>
    <tag k="parking:right" v="lane"/>
    <tag k="parking:right:orientation" v="parallel"/>
    <tag k="surface" v="asphalt"/>
    <tag k="wikidata" v="Q12092587"/>
    <tag k="wikipedia" v="uk:Вулиця В'ячеслава Липинського (Київ)"/>
  </way>
  <way id="4357001">
    <nd ref="428418580"/>
    <nd ref="3540212129"/>
    <nd ref="3537025340"/>
    <nd ref="3540212107"/>
    <nd ref="5028802917"/>
    <nd ref="3540209681"/>
    <nd ref="3540209671"/>
    <nd ref="1590033959"/>
    <nd ref="1590033957"/>
    <nd ref="26546084"/>
    <tag k="bicycle" v="use_sidepath"/>
    <tag k="highway" v="residential"/>
    <tag k="lanes" v="1"/>
    <tag k="lit" v="yes"/>
    <tag k="maxspeed" v="40"/>
    <tag k="name" v="Золотоворітська вулиця"/>
    <tag k="name:de" v="Solotoworitsska-Straße"/>
    <tag k="name:en" v="Zolotovoritska Street"/>
    <tag k="name:es" v="Calle Zolotovoritska"/>
    <tag k="name:etymology" v="Золоті ворота"/>
    <tag k="name:etymology:wikidata" v="Q1427503"/>
    <tag k="name:etymology:wikipedia" v="uk:Золоті ворота (Київ)"/>
    <tag k="name:fr" v="Rue Zolotovoritska"/>
    <tag k="name:it" v="Via Zolotovoric'ka"/>
    <tag k="name:uk" v="Золотоворітська вулиця"/>
    <tag k="name:uk-Latn" v="Zolotovoritska vulytsia"/>
    <tag k="oneway" v="yes"/>
    <tag k="parking:left" v="lane"/>
    <tag k="parking:left:orientation" v="parallel"/>
    <tag k="parking:right" v="no"/>
    <tag k="surface" v="asphalt"/>
    <tag k="wikidata" v="Q4193391"/>
    <tag k="wikipedia" v="uk:Золотоворітська вулиця"/>
  </way>
  <way id="4357004">
    <nd ref="26546092"/>
    <nd ref="8050656165"/>
    <nd ref="1475420984"/>
    <nd ref="6533784634"/>
    <nd ref="6533784625"/>
    <nd ref="4872931401"/>
    <nd ref="3506121772"/>
    <nd ref="26201279"/>
    <tag k="access" v="permit"/>
    <tag k="cycleway" v="shared_lane"/>
    <tag k="highway" v="residential"/>
    <tag k="maxspeed" v="20"/>
    <tag k="motor_vehicle" v="private"/>
    <tag k="name" v="Ірининська вулиця"/>
    <tag k="name:de" v="Irynynsska-Straße"/>
    <tag k="name:en" v="Irynynska Street"/>
    <tag k="name:es" v="Calle Irynynska"/>
    <tag k="name:etymology" v="Ірининський собор"/>
    <tag k="name:etymology:wikidata" v="Q3398508"/>
    <tag k="name:etymology:wikipedia" v="uk:Давньоруська церква (Володимирська вулиця)"/>
    <tag k="name:fr" v="Rue Irynynska"/>
    <tag k="name:it" v="Via Irynyns'ka"/>
    <tag k="name:uk" v="Ірининська вулиця"/>
    <tag k="name:uk-Latn" v="Irynynska vulytsia"/>
    <tag k="oneway" v="yes"/>
    <tag k="surface" v="asphalt"/>
    <tag k="wikidata" v="Q4203215"/>
    <tag k="wikipedia" v="uk:Ірининська вулиця (Київ)"/>
  </way>
  <way id="8142324">
    <nd ref="428628647"/>
    <nd ref="4864705891"/>
    <nd ref="1469571188"/>
    <nd ref="4720139218"/>
    <nd ref="4864705887"/>
    <nd ref="4864705861"/>
    <nd ref="4864705869"/>
    <nd ref="3738855683"/>
    <nd ref="1469571183"/>
    <nd ref="5457005169"/>
    <nd ref="4864706025"/>
    <nd ref="4864705878"/>
    <nd ref="1469571170"/>
    <nd ref="11227245964"/>
    <nd ref="26546022"/>
    <nd ref="1568021896"/>
    <nd ref="4864705899"/>
    <nd ref="4720139209"/>
    <nd ref="2401343196"/>
    <nd ref="1568021841"/>
    <nd ref="26546241"/>
    <nd ref="1603259528"/>
    <nd ref="26546036"/>
    <nd ref="1529446957"/>
    <nd ref="4281982231"/>
    <nd ref="3296802898"/>
    <nd ref="12405048755"/>
    <nd ref="3733176290"/>
    <nd ref="10876031393"/>
    <nd ref="10876031392"/>
    <nd ref="12405048776"/>
    <nd ref="12176060779"/>
    <nd ref="12176060782"/>
    <nd ref="5028803428"/>
    <nd ref="26325911"/>
    <nd ref="1568021192"/>
    <nd ref="648544334"/>
    <nd ref="648544335"/>
    <nd ref="1284382954"/>
    <nd ref="259159431"/>
    <nd ref="13362388820"/>
    <nd ref="2432806464"/>
    <nd ref="26546084"/>
    <tag k="cycleway:both" v="no"/>
    <tag k="cycleway:right" v="lane"/>
    <tag k="highway" v="tertiary"/>
    <tag k="lane_markings" v="yes"/>
    <tag k="lanes" v="2"/>
    <tag k="lit" v="yes"/>
    <tag k="maxspeed" v="50"/>
    <tag k="name" v="вулиця Ярославів Вал"/>
    <tag k="name:de" v="Jarosslawiw-Wal-Straße"/>
    <tag k="name:en" v="Yaroslaviv Val Street"/>
    <tag k="name:es" v="Calle Yaroslaviv Val"/>
    <tag k="name:etymology" v="Ярослав Мудрий"/>
    <tag k="name:etymology:wikidata" v="Q188943"/>
    <tag k="name:etymology:wikipedia" v="uk:Ярослав Мудрий"/>
    <tag k="name:fr" v="Rue Iaroslaviv Val"/>
    <tag k="name:it" v="Via Jaroslaviv Val"/>
    <tag k="name:uk" v="вулиця Ярославів Вал"/>
    <tag k="name:uk-Latn" v="vulytsia Yaroslaviv Val"/>
    <tag k="oneway" v="yes"/>
    <tag k="oneway:bicycle" v="yes"/>
    <tag k="parking:left" v="lane"/>
    <tag k="parking:left:orientation" v="parallel"/>
    <tag k="parking:right" v="no"/>
    <tag k="sidewalk:both" v="separate"/>
    <tag k="smoothness" v="excellent"/>
    <tag k="surface" v="asphalt"/>
    <tag k="wikidata" v="Q3406794"/>
    <tag k="wikipedia" v="uk:Вулиця Ярославів Вал"/>
  </way>
  <way id="8398042">
    <nd ref="26201279"/>
    <nd ref="3506782007"/>
    <nd ref="9524816630"/>
    <tag k="bicycle" v="use_sidepath"/>
    <tag k="cycleway:right" v="lane"/>
    <tag k="highway" v="residential"/>
    <tag k="lanes" v="2"/>
    <tag k="maxspeed" v="40"/>
    <tag k="name" v="Золотоворітська вулиця"/>
    <tag k="name:de" v="Solotoworitsska-Straße"/>
    <tag k="name:en" v="Zolotovoritska Street"/>
    <tag k="name:es" v="Calle Zolotovoritska"/>
    <tag k="name:etymology" v="Золоті ворота"/>
    <tag k="name:etymology:wikidata" v="Q1427503"/>
    <tag k="name:etymology:wikipedia" v="uk:Золоті ворота (Київ)"/>
    <tag k="name:fr" v="Rue Zolotovoritska"/>
    <tag k="name:it" v="Via Zolotovoric'ka"/>
    <tag k="name:uk" v="Золотоворітська вулиця"/>
    <tag k="name:uk-Latn" v="Zolotovoritska vulytsia"/>
    <tag k="oneway" v="no"/>
    <tag k="surface" v="asphalt"/>
    <tag k="wikidata" v="Q4193391"/>
    <tag k="wikipedia" v="uk:Золотоворітська вулиця"/>
  </way>
  <way id="23909908">
    <nd ref="259159431"/>
    <nd ref="1284382957"/>
    <nd ref="12019755654"/>
    <tag k="check_date" v="2025-05-16"/>
    <tag k="cycleway:right" v="no"/>
    <tag k="foot" v="no"/>
    <tag k="highway" v="residential"/>
    <tag k="lane_markings" v="yes"/>
    <tag k="lanes" v="2"/>
    <tag k="lit" v="yes"/>
    <tag k="maxspeed" v="50"/>
    <tag k="maxweight" v="3.5"/>
    <tag k="name" v="вулиця Лисенка"/>
    <tag k="name:de" v="Lyssenka-Straße"/>
    <tag k="name:en" v="Lysenka Street"/>
    <tag k="name:es" v="Calle de Lísenko"/>
    <tag k="name:etymology" v="Микола Віталійович Лисенко"/>
    <tag k="name:etymology:wikidata" v="Q172425"/>
    <tag k="name:etymology:wikipedia" v="uk:Лисенко Микола Віталійович"/>
    <tag k="name:fr" v="Rue Lyssenka"/>
    <tag k="name:it" v="Via Lysenko"/>
    <tag k="name:uk" v="вулиця Лисенка"/>
    <tag k="name:uk-Latn" v="vulytsia Lysenka"/>
    <tag k="oneway" v="no"/>
    <tag k="parking:left" v="no"/>
    <tag k="parking:right" v="street_side"/>
    <tag k="parking:right:orientation" v="parallel"/>
    <tag k="smoothness" v="excellent"/>
    <tag k="surface" v="asphalt"/>
    <tag k="wikidata" v="Q4472950"/>
    <tag k="wikipedia" v="uk:Вулиця Лисенка (Київ)"/>
  </way>
  <way id="23909966">
    <nd ref="259159999"/>
    <nd ref="4969053752"/>
    <nd ref="4969053751"/>
    <nd ref="4969053750"/>
    <nd ref="4969053749"/>
    <nd ref="4969053748"/>
    <nd ref="305558431"/>
    <tag k="check_date" v="2025-04-24"/>
    <tag k="highway" v="pedestrian"/>
    <tag k="lit" v="yes"/>
    <tag k="motor_vehicle" v="no"/>
    <tag k="name" v="Золотоворітський проїзд"/>
    <tag k="name:en" v="Zolotovoritskyi Pass"/>
    <tag k="name:es" v="Paseo Zolotovoritskyi"/>
    <tag k="name:etymology" v="Золоті ворота"/>
    <tag k="name:etymology:wikidata" v="Q1427503"/>
    <tag k="name:etymology:wikipedia" v="uk:Золоті ворота (Київ)"/>
    <tag k="name:uk" v="Золотоворітський проїзд"/>
    <tag k="name:uk-Latn" v="Zolotovoritskyi proizd"/>
    <tag k="smoothness" v="excellent"/>
    <tag k="surface" v="paving_stones"/>
    <tag k="wikidata" v="Q12106969"/>
    <tag k="wikipedia" v="uk:Золотоворітський проїзд"/>
  </way>
  <way id="23909968">
    <nd ref="4969053750"/>
    <nd ref="3541551458"/>
    <nd ref="9520505698"/>
    <nd ref="9520508795"/>
    <tag k="foot" v="yes"/>
    <tag k="highway" v="footway"/>
    <tag k="lit" v="yes"/>
    <tag k="surface" v="paving_stones"/>
  </way>
  <way id="33632078">
    <nd ref="384745180"/>
    <nd ref="1568021827"/>
    <tag k="highway" v="service"/>
    <tag k="surface" v="asphalt"/>
  </way>
  <way id="33632697">
    <nd ref="3421744182"/>
    <nd ref="3421744184"/>
    <tag k="foot" v="yes"/>
    <tag k="highway" v="service"/>
    <tag k="surface" v="asphalt"/>
  </way>
  <way id="37935916">
    <nd ref="445413684"/>
    <nd ref="445413682"/>
    <nd ref="13687163890"/>
    <nd ref="445413675"/>
    <nd ref="1662636984"/>
    <tag k="foot" v="yes"/>
    <tag k="highway" v="service"/>
    <tag k="surface" v="asphalt"/>
  </way>
  <way id="37935917">
    <nd ref="445413686"/>
    <nd ref="1662636982"/>
    <nd ref="12458903401"/>
    <nd ref="445413688"/>
    <tag k="highway" v="service"/>
    <tag k="surface" v="asphalt"/>
  </way>
  <way id="37936023">
    <nd ref="445414660"/>
    <nd ref="445414658"/>
    <nd ref="4337420194"/>
    <tag k="highway" v="service"/>
  </way>
  <way id="43620420">
    <nd ref="648544336"/>
    <nd ref="11227243107"/>
    <nd ref="1590033984"/>
    <nd ref="7653191382"/>
    <nd ref="648544338"/>
    <nd ref="648544337"/>
    <nd ref="26546243"/>
    <nd ref="2318844170"/>
    <nd ref="1590034079"/>
    <nd ref="12135470065"/>
    <nd ref="4430909095"/>
    <nd ref="26546242"/>
    <tag k="cycleway" v="shared_lane"/>
    <tag k="highway" v="residential"/>
    <tag k="lit" v="yes"/>
    <tag k="name" v="Георгіївський провулок"/>
    <tag k="name:de" v="Heorhijiwsskyj-Gasse"/>
    <tag k="name:en" v="Heorhiivskyi Lane"/>
    <tag k="name:es" v="Callejón Jeorjiivskyi"/>
    <tag k="name:etymology" v="Георгіївська церква"/>
    <tag k="name:etymology:wikidata" v="Q3398446"/>
    <tag k="name:etymology:wikipedia" v="uk:Георгіївська церква (Старе Місто)"/>
    <tag k="name:fr" v="Voie Heorhiïvskyï"/>
    <tag k="name:it" v="Vicolo Heorhijivs'kyi"/>
    <tag k="name:uk" v="Георгіївський провулок"/>
    <tag k="name:uk-Latn" v="Heorhiivskyi provulok"/>
    <tag k="oneway" v="yes"/>
    <tag k="surface" v="asphalt"/>
    <tag k="wikidata" v="Q12094943"/>
    <tag k="wikipedia" v="uk:Георгіївський провулок (Київ)"/>
  </way>
  <way id="46975845">
    <nd ref="26201280"/>
    <nd ref="1284382940"/>
    <nd ref="11630405564"/>
    <tag k="cycleway:both" v="no"/>
    <tag k="hgv" v="no"/>
    <tag k="highway" v="tertiary"/>
    <tag k="lanes" v="3"/>
    <tag k="lanes:backward" v="1"/>
    <tag k="lanes:forward" v="2"/>
    <tag k="maxspeed" v="50"/>
    <tag k="motorcycle" v="no"/>
    <tag k="name" v="Прорізна вулиця"/>
    <tag k="name:de" v="Prorisna-Straße"/>
    <tag k="name:en" v="Prorizna Street"/>
    <tag k="name:es" v="Calle Prorizná"/>
    <tag k="name:fr" v="Rue Prorizna"/>
    <tag k="name:hr" v="Prorizna ulica"/>
    <tag k="name:it" v="Via Prorizna"/>
    <tag k="name:ru" v="Прорезная улица"/>
    <tag k="name:uk" v="Прорізна вулиця"/>
    <tag k="sidewalk:both" v="separate"/>
    <tag k="surface" v="sett"/>
    <tag k="tourist_bus" v="no"/>
  </way>
  <way id="50847365">
    <nd ref="26546182"/>
    <nd ref="10735774522"/>
    <nd ref="26546181"/>
    <nd ref="648544305"/>
    <nd ref="1529446313"/>
    <nd ref="12987267850"/>
    <nd ref="648544303"/>
    <nd ref="2932877847"/>
    <nd ref="26546137"/>
    <tag k="cycleway:both" v="no"/>
    <tag k="foot" v="no"/>
    <tag k="highway" v="residential"/>
    <tag k="lanes" v="2"/>
    <tag k="lit" v="yes"/>
    <tag k="name" v="вулиця Михайла Коцюбинського"/>
    <tag k="name:de" v="Mychajla-Kozjubynsskoho-Straße"/>
    <tag k="name:en" v="Mykhaila Kotsiubynskoho Street"/>
    <tag k="name:es" v="Calle de Mijailo Kotsiubinski"/>
    <tag k="name:etymology" v="Михайло Михайлович Коцюбинський"/>
    <tag k="name:etymology:wikidata" v="Q2347996"/>
    <tag k="name:etymology:wikipedia" v="uk:Коцюбинський Михайло Михайлович"/>
    <tag k="name:fr" v="Rue Mykhaïla Kotsioubynskoho"/>
    <tag k="name:it" v="Via Mychajlo Kocjubyns'kyj"/>
    <tag k="name:pl" v="ulica Michaiła Kociubyńskiego"/>
    <tag k="name:ro" v="Strada Mîhailo Koțiubînskîi"/>
    <tag k="name:uk" v="вулиця Михайла Коцюбинського"/>
    <tag k="name:uk-Latn" v="vulytsia Mykhaila Kotsiubynskoho"/>
    <tag k="old_name:1850-1939" v="Тимофіївська вулиця"/>
    <tag k="surface" v="asphalt"/>
    <tag k="wikidata" v="Q4473214"/>
    <tag k="wikipedia" v="uk:Вулиця Михайла Коцюбинського (Київ)"/>
  </way>
  <way id="59700975">
    <nd ref="9520508775"/>
    <nd ref="2750533919"/>
    <nd ref="2667681173"/>
    <nd ref="740862069"/>
    <nd ref="9520508774"/>
    <nd ref="2667681172"/>
    <nd ref="740862024"/>
    <nd ref="9520508773"/>
    <nd ref="9520505652"/>
    <nd ref="2750533918"/>
    <nd ref="2750533917"/>
    <nd ref="2750533916"/>
    <nd ref="2750533915"/>
    <nd ref="740862104"/>
    <nd ref="9520508775"/>
    <tag k="highway" v="footway"/>
    <tag k="surface" v="paving_stones"/>
  </way>
  <way id="59700980">
    <nd ref="9520505706"/>
    <nd ref="9520505705"/>
    <nd ref="9520505707"/>
    <nd ref="4969053752"/>
    <tag k="foot" v="yes"/>
    <tag k="footway" v="sidewalk"/>
    <tag k="highway" v="footway"/>
    <tag k="surface" v="paving_stones"/>
  </way>
  <way id="59700982">
    <nd ref="9520508791"/>
    <nd ref="9520508793"/>
    <tag k="handrail" v="no"/>
    <tag k="highway" v="steps"/>
    <tag k="incline" v="down"/>
    <tag k="lit" v="yes"/>
    <tag k="ramp" v="yes"/>
    <tag k="ramp:stroller" v="yes"/>
    <tag k="step_count" v="5"/>
    <tag k="surface" v="paving_stones"/>
  </way>
  <way id="69974599">
    <nd ref="26546020"/>
    <nd ref="11227245968"/>
    <nd ref="1469571178"/>
    <nd ref="12488589713"/>
    <tag k="check_date" v="2025-06-15"/>
    <tag k="cycleway:oneway" v="yes"/>
    <tag k="cycleway:right" v="separate"/>
    <tag k="foot" v="no"/>
    <tag k="highway" v="residential"/>
    <tag k="lanes" v="2"/>
    <tag k="lit" v="yes"/>
    <tag k="maxspeed" v="30"/>
    <tag k="name" v="Рейтарська вулиця"/>
    <tag k="name:de" v="Rejtarsska-Straße"/>
    <tag k="name:en" v="Reitarska Street"/>
    <tag k="name:es" v="Calle Réitarska"/>
    <tag k="name:etymology" v="рейтари"/>
    <tag k="name:etymology:wikidata" v="Q1151636"/>
    <tag k="name:etymology:wikipedia" v="uk:Рейтари"/>
    <tag k="name:fr" v="Rue Reïtarska"/>
    <tag k="name:it" v="Via Rejtars'ka"/>
    <tag k="name:uk" v="Рейтарська вулиця"/>
    <tag k="name:uk-Latn" v="Reitarska vulytsia"/>
    <tag k="oneway" v="yes"/>
    <tag k="oneway:bicycle" v="yes"/>
    <tag k="surface" v="asphalt"/>
    <tag k="wikidata" v="Q4392718"/>
    <tag k="wikipedia" v="uk:Рейтарська вулиця (Київ)"/>
  </way>
  <way id="69974601">
    <nd ref="428418583"/>
    <nd ref="12525929773"/>
    <nd ref="12400486108"/>
    <nd ref="3540212160"/>
    <nd ref="384745180"/>
    <nd ref="1590034029"/>
    <nd ref="3298087227"/>
    <nd ref="12803540472"/>
    <nd ref="4430908185"/>
    <nd ref="26546021"/>
    <tag k="bicycle" v="use_sidepath"/>
    <tag k="check_date" v="2025-06-15"/>
    <tag k="cycleway:oneway" v="yes"/>
    <tag k="cycleway:right" v="track"/>
    <tag k="highway" v="residential"/>
    <tag k="lanes" v="1"/>
    <tag k="lit" v="yes"/>
    <tag k="maxspeed" v="50"/>
    <tag k="maxspeed:type" v="sign"/>
    <tag k="name" v="Рейтарська вулиця"/>
    <tag k="name:de" v="Rejtarsska-Straße"/>
    <tag k="name:en" v="Reitarska Street"/>
    <tag k="name:es" v="Calle Réitarska"/>
    <tag k="name:etymology" v="рейтари"/>
    <tag k="name:etymology:wikidata" v="Q1151636"/>
    <tag k="name:etymology:wikipedia" v="uk:Рейтари"/>
    <tag k="name:fr" v="Rue Reïtarska"/>
    <tag k="name:it" v="Via Rejtars'ka"/>
    <tag k="name:uk" v="Рейтарська вулиця"/>
    <tag k="name:uk-Latn" v="Reitarska vulytsia"/>
    <tag k="oneway" v="yes"/>
    <tag k="oneway:bicycle" v="yes"/>
    <tag k="parking:left" v="shoulder"/>
    <tag k="parking:left:orientation" v="parallel"/>
    <tag k="parking:right" v="no"/>
    <tag k="surface" v="asphalt"/>
    <tag k="wikidata" v="Q4392718"/>
    <tag k="wikipedia" v="uk:Рейтарська вулиця (Київ)"/>
  </way>
  <way id="69975133">
    <nd ref="26546037"/>
    <nd ref="1529446487"/>
    <nd ref="8747342542"/>
    <nd ref="12520486485"/>
    <nd ref="5176404748"/>
    <nd ref="12520486466"/>
    <nd ref="12195542507"/>
    <nd ref="12195491192"/>
    <nd ref="5176404777"/>
    <nd ref="445414659"/>
    <nd ref="1502848677"/>
    <nd ref="26201274"/>
    <tag k="bicycle" v="use_sidepath"/>
    <tag k="cycleway:both" v="no"/>
    <tag k="highway" v="residential"/>
    <tag k="lanes" v="2"/>
    <tag k="maxspeed" v="50"/>
    <tag k="name" v="вулиця Івана Франка"/>
    <tag k="name:de" v="Iwan-Franko-Straße"/>
    <tag k="name:en" v="Ivana Franka Street"/>
    <tag k="name:es" v="Calle de Iván Frankó"/>
    <tag k="name:etymology" v="Іван Якович Франко"/>
    <tag k="name:etymology:wikidata" v="Q332462"/>
    <tag k="name:etymology:wikipedia" v="uk:Франко Іван Якович"/>
    <tag k="name:fr" v="Rue Ivana Franka"/>
    <tag k="name:it" v="Via Ivana Franka"/>
    <tag k="name:pl" v="ulica Iwana Franki"/>
    <tag k="name:uk" v="вулиця Івана Франка"/>
    <tag k="name:uk-Latn" v="vulytsia Ivana Franka"/>
    <tag k="surface" v="asphalt"/>
  </way>
  <way id="70255504">
    <nd ref="26546021"/>
    <nd ref="4430908188"/>
    <nd ref="12167817638"/>
    <nd ref="6387437770"/>
    <nd ref="6387437767"/>
    <nd ref="26546242"/>
    <nd ref="12899715572"/>
    <nd ref="1590034109"/>
    <nd ref="1590034126"/>
    <nd ref="26546017"/>
    <tag k="cycleway" v="shared_lane"/>
    <tag k="highway" v="residential"/>
    <tag k="lanes" v="2"/>
    <tag k="lit" v="yes"/>
    <tag k="maxspeed" v="30"/>
    <tag k="name" v="Стрілецька вулиця"/>
    <tag k="name:de" v="Strilezka-Straße"/>
    <tag k="name:en" v="Striletska Street"/>
    <tag k="name:es" v="Calle Striletska"/>
    <tag k="name:fr" v="Rue Striletska"/>
    <tag k="name:uk" v="Стрілецька вулиця"/>
    <tag k="name:uk-Latn" v="Striletska vulytsia"/>
    <tag k="oneway" v="yes"/>
    <tag k="oneway:bicycle" v="yes"/>
    <tag k="parking:left" v="no"/>
    <tag k="parking:right" v="lane"/>
    <tag k="parking:right:orientation" v="parallel"/>
    <tag k="surface" v="asphalt"/>
    <tag k="wikidata" v="Q4443627"/>
    <tag k="wikipedia" v="uk:Стрілецька вулиця (Київ)"/>
  </way>
  <way id="86500059">
    <nd ref="1000833429"/>
    <nd ref="1502836133"/>
    <nd ref="13263790970"/>
    <nd ref="3731774850"/>
    <nd ref="1502836612"/>
    <nd ref="10298059658"/>
    <nd ref="1005397051"/>
    <nd ref="10298059659"/>
    <nd ref="1005404586"/>
    <nd ref="13687163894"/>
    <nd ref="2627620332"/>
    <nd ref="5113645554"/>
    <nd ref="1005404588"/>
    <nd ref="1502836907"/>
    <nd ref="1502836869"/>
    <nd ref="1502836147"/>
    <nd ref="1502836145"/>
    <nd ref="1502836143"/>
    <nd ref="1662636966"/>
    <nd ref="4758133891"/>
    <nd ref="4758133890"/>
    <nd ref="4758133889"/>
    <nd ref="1502836100"/>
    <nd ref="1502836101"/>
    <nd ref="1502836102"/>
    <nd ref="1000833427"/>
    <tag k="foot" v="yes"/>
    <tag k="footway" v="sidewalk"/>
    <tag k="highway" v="footway"/>
  </way>
  <way id="86501209">
    <nd ref="1005421018"/>
    <nd ref="8851265773"/>
    <nd ref="12522510465"/>
    <nd ref="12522510464"/>
    <nd ref="12522510466"/>
    <nd ref="5728800811"/>
    <nd ref="5728800415"/>
    <nd ref="5176404791"/>
    <nd ref="1005404576"/>
    <tag k="foot" v="yes"/>
    <tag k="footway" v="sidewalk"/>
    <tag k="highway" v="footway"/>
    <tag k="surface" v="paving_stones"/>
  </way>
  <way id="86501784">
    <nd ref="1005420902"/>
    <nd ref="12204763963"/>
    <nd ref="1005420903"/>
    <nd ref="1005420904"/>
    <nd ref="12115289294"/>
    <nd ref="12115289287"/>
    <nd ref="1502836493"/>
    <nd ref="1502836464"/>
    <nd ref="1005412558"/>
    <tag k="foot" v="yes"/>
    <tag k="footway" v="sidewalk"/>
    <tag k="highway" v="footway"/>
    <tag k="smoothness" v="good"/>
    <tag k="surface" v="paving_stones"/>
    <tag k="wheelchair" v="yes"/>
    <tag k="width" v="8"/>
  </way>
  <way id="86501785">
    <nd ref="4969053752"/>
    <nd ref="9520505644"/>
    <nd ref="1005420921"/>
    <nd ref="3734767538"/>
    <nd ref="3295629159"/>
    <nd ref="1005420927"/>
    <nd ref="4711609907"/>
    <nd ref="4711609909"/>
    <nd ref="1502836397"/>
    <nd ref="1005420936"/>
    <tag k="foot" v="yes"/>
    <tag k="footway" v="sidewalk"/>
    <tag k="highway" v="footway"/>
  </way>
  <way id="86501787">
    <nd ref="3541551452"/>
    <nd ref="4969053751"/>
    <tag k="check_date:handrail" v="2025-07-13"/>
    <tag k="handrail" v="no"/>
    <tag k="highway" v="steps"/>
    <tag k="incline" v="down"/>
    <tag k="lit" v="yes"/>
    <tag k="ramp" v="yes"/>
    <tag k="ramp:wheelchair" v="yes"/>
    <tag k="step_count" v="6"/>
    <tag k="surface" v="paving_stones"/>
  </way>
  <way id="86501789">
    <nd ref="1005421010"/>
    <nd ref="1529446873"/>
    <nd ref="1529446765"/>
    <nd ref="1529446748"/>
    <tag k="handrail" v="yes"/>
    <tag k="highway" v="steps"/>
    <tag k="incline" v="down"/>
    <tag k="ramp" v="no"/>
    <tag k="ramp:stroller" v="no"/>
    <tag k="surface" v="paving_stones"/>
  </way>
  <way id="86501790">
    <nd ref="1005421029"/>
    <nd ref="1005421032"/>
    <tag k="footway" v="sidewalk"/>
    <tag k="highway" v="footway"/>
    <tag k="surface" v="paving_stones"/>
  </way>
  <way id="86501791">
    <nd ref="11133536191"/>
    <nd ref="10989060956"/>
    <nd ref="1529446697"/>
    <nd ref="1529446692"/>
    <nd ref="1529446689"/>
    <nd ref="4799108835"/>
    <nd ref="4786794456"/>
    <nd ref="1529446627"/>
    <tag k="footway" v="sidewalk"/>
    <tag k="highway" v="footway"/>
  </way>
  <way id="86501794">
    <nd ref="1005421035"/>
    <nd ref="12520492926"/>
    <nd ref="7657595713"/>
    <nd ref="1529446549"/>
    <nd ref="8853918693"/>
    <tag k="footway" v="sidewalk"/>
    <tag k="highway" v="footway"/>
    <tag k="surface" v="paving_stones"/>
  </way>
  <way id="87159433">
    <nd ref="305558430"/>
    <nd ref="11227245984"/>
    <nd ref="1284382957"/>
    <nd ref="1013470103"/>
    <tag k="check_date" v="2025-05-12"/>
    <tag k="crossing" v="uncontrolled"/>
    <tag k="crossing:island" v="no"/>
    <tag k="crossing:markings" v="zebra"/>
    <tag k="foot" v="yes"/>
    <tag k="footway" v="crossing"/>
    <tag k="highway" v="footway"/>
    <tag k="lit" v="yes"/>
    <tag k="smoothness" v="excellent"/>
    <tag k="surface" v="asphalt"/>
  </way>
  <way id="87159434">
    <nd ref="9520508668"/>
    <nd ref="305558431"/>
    <nd ref="13263780391"/>
    <nd ref="13367115438"/>
    <nd ref="13263780390"/>
    <nd ref="13263780389"/>
    <nd ref="1302422732"/>
    <tag k="foot" v="yes"/>
    <tag k="footway" v="sidewalk"/>
    <tag k="highway" v="footway"/>
    <tag k="lit" v="yes"/>
    <tag k="smoothness" v="excellent"/>
    <tag k="surface" v="paving_stones"/>
    <tag k="wheelchair" v="yes"/>
    <tag k="width" v="4.5"/>
  </way>
  <way id="87159437">
    <nd ref="1013470103"/>
    <nd ref="1013470122"/>
    <nd ref="7727558154"/>
    <nd ref="1013470125"/>
    <nd ref="1013470127"/>
    <nd ref="1013470129"/>
    <nd ref="12176060785"/>
    <nd ref="12176060781"/>
    <nd ref="10816172279"/>
    <nd ref="4929155348"/>
    <nd ref="10816172285"/>
    <nd ref="12405048752"/>
    <nd ref="4337420195"/>
    <nd ref="1005421045"/>
    <tag k="foot" v="yes"/>
    <tag k="footway" v="sidewalk"/>
    <tag k="highway" v="footway"/>
    <tag k="surface" v="paving_stones"/>
  </way>
  <way id="87159438">
    <nd ref="1005421045"/>
    <nd ref="1529446957"/>
    <nd ref="1013470148"/>
    <tag k="check_date" v="2025-05-12"/>
    <tag k="crossing" v="uncontrolled"/>
    <tag k="crossing:island" v="no"/>
    <tag k="crossing:markings" v="zebra"/>
    <tag k="foot" v="yes"/>
    <tag k="footway" v="crossing"/>
    <tag k="highway" v="footway"/>
    <tag k="smoothness" v="excellent"/>
    <tag k="surface" v="asphalt"/>
  </way>
  <way id="87159448">
    <nd ref="1013470210"/>
    <nd ref="1284382954"/>
    <nd ref="7727558154"/>
    <tag k="check_date" v="2025-05-12"/>
    <tag k="crossing" v="uncontrolled"/>
    <tag k="crossing:island" v="no"/>
    <tag k="crossing:markings" v="zebra"/>
    <tag k="foot" v="yes"/>
    <tag k="footway" v="crossing"/>
    <tag k="highway" v="footway"/>
    <tag k="lit" v="yes"/>
    <tag k="smoothness" v="excellent"/>
    <tag k="surface" v="asphalt"/>
  </way>
  <way id="87159449">
    <nd ref="9520505678"/>
    <nd ref="9520505646"/>
    <nd ref="9520508693"/>
    <tag k="foot" v="yes"/>
    <tag k="handrail" v="no"/>
    <tag k="highway" v="steps"/>
    <tag k="horse" v="no"/>
    <tag k="incline" v="down"/>
    <tag k="lit" v="yes"/>
    <tag k="ramp" v="no"/>
    <tag k="step_count" v="11"/>
    <tag k="surface" v="paving_stones"/>
  </way>
  <way id="106649766">
    <nd ref="3838936934"/>
    <nd ref="3506121907"/>
    <tag k="highway" v="secondary"/>
    <tag k="lanes" v="4"/>
    <tag k="lit" v="yes"/>
    <tag k="maxspeed" v="50"/>
    <tag k="name" v="Володимирська вулиця"/>
    <tag k="name:de" v="Wolodymyr-Straße"/>
    <tag k="name:en" v="Volodymyrska Street"/>
    <tag k="name:es" v="Calle Volodymyrska"/>
    <tag k="name:etymology" v="Володимир Великий"/>
    <tag k="name:etymology:wikidata" v="Q14974"/>
    <tag k="name:etymology:wikipedia" v="uk:Володимир Святославич"/>
    <tag k="name:fr" v="Rue Volodymyrska"/>
    <tag k="name:it" v="Via Volodymyrs'ka"/>
    <tag k="name:pl" v="ulica Włodzimierska"/>
    <tag k="name:ru" v="Владимирская улица"/>
    <tag k="name:uk" v="Володимирська вулиця"/>
    <tag k="name:uk-Latn" v="Volodymyrska vulytsia"/>
    <tag k="old_name:de" v="Wladimirskaja-Straße"/>
    <tag k="surface" v="sett"/>
    <tag k="wikidata" v="Q3400240"/>
    <tag k="wikipedia" v="uk:Володимирська вулиця (Київ)"/>
  </way>
  <way id="113199113">
    <nd ref="9520508627"/>
    <nd ref="9520508628"/>
    <nd ref="9520508629"/>
    <tag k="foot" v="yes"/>
    <tag k="footway" v="sidewalk"/>
    <tag k="highway" v="footway"/>
    <tag k="lit" v="yes"/>
    <tag k="surface" v="paving_stones"/>
  </way>
  <way id="113199116">
    <nd ref="9520505649"/>
    <nd ref="9520508627"/>
    <nd ref="9520505696"/>
    <tag k="foot" v="yes"/>
    <tag k="highway" v="footway"/>
    <tag k="lit" v="yes"/>
    <tag k="surface" v="paving_stones"/>
  </way>
  <way id="115177900">
    <nd ref="1302422687"/>
    <nd ref="4661191132"/>
    <nd ref="2667728118"/>
    <nd ref="4661191130"/>
    <nd ref="2667728120"/>
    <nd ref="4661191131"/>
    <nd ref="1302422736"/>
    <nd ref="9048230259"/>
    <nd ref="4661191133"/>
    <nd ref="1302422621"/>
    <nd ref="1005420927"/>
    <nd ref="1302422705"/>
    <tag k="highway" v="service"/>
    <tag k="surface" v="asphalt"/>
  </way>
  <way id="132423968">
    <nd ref="12535980494"/>
    <nd ref="4596698901"/>
    <nd ref="1456800298"/>
    <nd ref="7239000586"/>
    <nd ref="8057448112"/>
    <nd ref="12546080343"/>
    <nd ref="12546080338"/>
    <nd ref="4276917961"/>
    <nd ref="7850081084"/>
    <nd ref="7850081081"/>
    <nd ref="7850081077"/>
    <nd ref="7850081075"/>
    <nd ref="2763492807"/>
    <nd ref="7850081074"/>
    <nd ref="4887639679"/>
    <nd ref="7850092390"/>
    <nd ref="7850092387"/>
    <nd ref="7850092393"/>
    <nd ref="7850092395"/>
    <nd ref="7850092399"/>
    <nd ref="1456800228"/>
    <nd ref="1456800227"/>
    <nd ref="1456800226"/>
    <nd ref="1456800231"/>
    <nd ref="7723302088"/>
    <nd ref="2763492817"/>
    <nd ref="12548544397"/>
    <nd ref="1456800300"/>
    <nd ref="1456800311"/>
    <nd ref="1456800316"/>
    <nd ref="1456800317"/>
    <tag k="footway" v="sidewalk"/>
    <tag k="highway" v="footway"/>
    <tag k="lit" v="yes"/>
    <tag k="surface" v="asphalt"/>
  </way>
  <way id="133511730">
    <nd ref="26546137"/>
    <nd ref="1529446057"/>
    <nd ref="12195542510"/>
    <tag k="cycleway:both" v="no"/>
    <tag k="highway" v="tertiary"/>
    <tag k="lanes" v="2"/>
    <tag k="maxspeed" v="50"/>
    <tag k="name" v="вулиця Богдана Хмельницького"/>
    <tag k="name:en" v="Bohdana Khmelnytskoho Street"/>
    <tag k="name:es" v="Calle de Bogdán Jmelnitski"/>
    <tag k="name:etymology" v="Богдан Хмельницький"/>
    <tag k="name:etymology:wikidata" v="Q203808"/>
    <tag k="name:etymology:wikipedia" v="uk:Богдан Хмельницький"/>
    <tag k="name:pl" v="ulica Bohdana Chmielnickiego"/>
    <tag k="name:uk" v="вулиця Богдана Хмельницького"/>
    <tag k="name:uk-Latn" v="vulytsia Bohdana Khmelnytskoho"/>
    <tag k="oneway" v="no"/>
    <tag k="surface" v="sett"/>
    <tag k="wikidata" v="Q3406840"/>
    <tag k="wikipedia" v="uk:Вулиця Богдана Хмельницького (Київ, Шевченківський район)"/>
  </way>
  <way id="133511743">
    <nd ref="1469571177"/>
    <nd ref="1469571176"/>
    <nd ref="1469571175"/>
    <nd ref="6432533097"/>
    <nd ref="1469571174"/>
    <nd ref="1469571173"/>
    <nd ref="1469571171"/>
    <tag k="footway" v="sidewalk"/>
    <tag k="highway" v="footway"/>
    <tag k="lit" v="yes"/>
    <tag k="surface" v="asphalt"/>
  </way>
  <way id="133511752">
    <nd ref="1469571124"/>
    <nd ref="7613136949"/>
    <nd ref="7613136940"/>
    <nd ref="7613179804"/>
    <nd ref="1469571107"/>
    <nd ref="7653052428"/>
    <nd ref="7604080006"/>
    <nd ref="13022583261"/>
    <nd ref="11813831325"/>
    <nd ref="1469571088"/>
    <nd ref="1469571083"/>
    <nd ref="1469571081"/>
    <nd ref="11813831321"/>
    <nd ref="11813831327"/>
    <nd ref="8128999448"/>
    <nd ref="2932877846"/>
    <nd ref="7972709923"/>
    <nd ref="1469570939"/>
    <nd ref="1469570937"/>
    <nd ref="1469570930"/>
    <nd ref="4422395978"/>
    <nd ref="1473121063"/>
    <nd ref="4422395985"/>
    <nd ref="3869740728"/>
    <nd ref="3869875872"/>
    <nd ref="7884900329"/>
    <nd ref="1448786861"/>
    <nd ref="7884900338"/>
    <nd ref="7884900337"/>
    <nd ref="1473121108"/>
    <nd ref="1469570941"/>
    <nd ref="7990335997"/>
    <nd ref="7883531842"/>
    <nd ref="7883531846"/>
    <nd ref="3731774853"/>
    <nd ref="7883531847"/>
    <nd ref="1473121139"/>
    <nd ref="1469570959"/>
    <nd ref="1469570973"/>
    <nd ref="4431449391"/>
    <nd ref="1469570986"/>
    <nd ref="1469570992"/>
    <nd ref="1469571019"/>
    <tag k="footway" v="sidewalk"/>
    <tag k="highway" v="footway"/>
    <tag k="surface" v="paving_stones"/>
  </way>
  <way id="133511774">
    <nd ref="6934807694"/>
    <nd ref="1590033984"/>
    <nd ref="6934807703"/>
    <tag k="footway" v="crossing"/>
    <tag k="highway" v="footway"/>
    <tag k="lit" v="yes"/>
    <tag k="surface" v="asphalt"/>
  </way>
  <way id="133511775">
    <nd ref="1469571099"/>
    <nd ref="1469571093"/>
    <nd ref="1469571083"/>
    <tag k="footway" v="crossing"/>
    <tag k="highway" v="footway"/>
    <tag k="lit" v="yes"/>
    <tag k="surface" v="asphalt"/>
  </way>
  <way id="133511782">
    <nd ref="1456800315"/>
    <nd ref="1469571170"/>
    <nd ref="1469571171"/>
    <tag k="button_operated" v="no"/>
    <tag k="check_date" v="2025-05-12"/>
    <tag k="crossing" v="traffic_signals"/>
    <tag k="crossing:island" v="no"/>
    <tag k="crossing:markings" v="zebra"/>
    <tag k="footway" v="crossing"/>
    <tag k="highway" v="footway"/>
    <tag k="smoothness" v="excellent"/>
    <tag k="surface" v="asphalt"/>
    <tag k="traffic_signals:countdown" v="yes"/>
    <tag k="traffic_signals:vibration" v="no"/>
  </way>
  <way id="133511791">
    <nd ref="1469571192"/>
    <nd ref="1469571190"/>
    <nd ref="12488589725"/>
    <nd ref="12488589715"/>
    <nd ref="12488589701"/>
    <nd ref="1469571182"/>
    <nd ref="1469571181"/>
    <nd ref="1469571180"/>
    <tag k="footway" v="sidewalk"/>
    <tag k="highway" v="footway"/>
    <tag k="surface" v="asphalt"/>
  </way>
  <way id="134166153">
    <nd ref="9520505702"/>
    <nd ref="9520505703"/>
    <tag k="handrail" v="no"/>
    <tag k="highway" v="steps"/>
    <tag k="incline" v="down"/>
    <tag k="ramp" v="no"/>
    <tag k="step_count" v="3"/>
    <tag k="surface" v="paving_stones"/>
  </way>
  <way id="134166155">
    <nd ref="9520505704"/>
    <nd ref="9520505702"/>
    <tag k="highway" v="footway"/>
    <tag k="surface" v="paving_stones"/>
  </way>
  <way id="134166159">
    <nd ref="9520505700"/>
    <nd ref="9520505701"/>
    <tag k="handrail" v="no"/>
    <tag k="highway" v="steps"/>
    <tag k="incline" v="down"/>
    <tag k="ramp" v="no"/>
    <tag k="step_count" v="3"/>
    <tag k="surface" v="paving_stones"/>
  </way>
  <way id="136994809">
    <nd ref="1502836907"/>
    <nd ref="1502836922"/>
    <nd ref="1469571083"/>
    <tag k="highway" v="footway"/>
    <tag k="lit" v="yes"/>
    <tag k="surface" v="asphalt"/>
  </way>
  <way id="139526190">
    <nd ref="1005404575"/>
    <nd ref="12299358013"/>
    <nd ref="12916025324"/>
    <nd ref="1662636976"/>
    <nd ref="12916025330"/>
    <nd ref="2627620340"/>
    <nd ref="1662636982"/>
    <nd ref="4887639703"/>
    <nd ref="1529446096"/>
    <nd ref="1529446102"/>
    <nd ref="1529446131"/>
    <nd ref="1529446280"/>
    <nd ref="9037669815"/>
    <nd ref="1529446315"/>
    <nd ref="1529446367"/>
    <nd ref="8013961098"/>
    <nd ref="1529446413"/>
    <nd ref="7992689719"/>
    <nd ref="1529446583"/>
    <nd ref="12987267852"/>
    <nd ref="7992689720"/>
    <nd ref="10735774524"/>
    <nd ref="1529446585"/>
    <nd ref="1529446596"/>
    <nd ref="3458208554"/>
    <nd ref="3139635816"/>
    <nd ref="8323007446"/>
    <nd ref="3731774862"/>
    <nd ref="7992689587"/>
    <nd ref="1529446640"/>
    <nd ref="1529446654"/>
    <nd ref="1529446664"/>
    <nd ref="1529446668"/>
    <nd ref="5902854209"/>
    <nd ref="9399805054"/>
    <tag k="footway" v="sidewalk"/>
    <tag k="highway" v="footway"/>
  </way>
  <way id="139526191">
    <nd ref="1013470148"/>
    <nd ref="3296802899"/>
    <nd ref="3537025315"/>
    <nd ref="1013470262"/>
    <nd ref="12405048773"/>
    <nd ref="12405048778"/>
    <nd ref="5028803422"/>
    <nd ref="1013470266"/>
    <nd ref="1013470268"/>
    <nd ref="1013470210"/>
    <nd ref="12486815586"/>
    <nd ref="1013470188"/>
    <nd ref="12486815585"/>
    <nd ref="9520505648"/>
    <nd ref="1013470273"/>
    <tag k="foot" v="yes"/>
    <tag k="footway" v="sidewalk"/>
    <tag k="highway" v="footway"/>
    <tag k="surface" v="paving_stones"/>
  </way>
  <way id="139526192">
    <nd ref="1529446748"/>
    <nd ref="12520492928"/>
    <nd ref="4887639685"/>
    <nd ref="8853896652"/>
    <nd ref="1005421018"/>
    <tag k="footway" v="sidewalk"/>
    <tag k="highway" v="footway"/>
    <tag k="surface" v="paving_stones"/>
  </way>
  <way id="139526196">
    <nd ref="1529446824"/>
    <nd ref="1529446820"/>
    <nd ref="7990335903"/>
    <nd ref="1469571166"/>
    <tag k="button_operated" v="no"/>
    <tag k="check_date" v="2025-05-12"/>
    <tag k="crossing" v="traffic_signals"/>
    <tag k="crossing:island" v="no"/>
    <tag k="crossing:markings" v="yes"/>
    <tag k="footway" v="crossing"/>
    <tag k="highway" v="footway"/>
    <tag k="lit" v="yes"/>
    <tag k="smoothness" v="excellent"/>
    <tag k="surface" v="asphalt"/>
    <tag k="traffic_signals:countdown" v="yes"/>
    <tag k="traffic_signals:sound" v="no"/>
    <tag k="traffic_signals:vibration" v="no"/>
  </way>
  <way id="139526197">
    <nd ref="1469571103"/>
    <nd ref="2932877847"/>
    <nd ref="1529446102"/>
    <nd ref="1529446057"/>
    <nd ref="1502836907"/>
    <tag k="footway" v="crossing"/>
    <tag k="highway" v="footway"/>
    <tag k="lit" v="yes"/>
    <tag k="surface" v="asphalt"/>
  </way>
  <way id="139526199">
    <nd ref="1456800227"/>
    <nd ref="1529446868"/>
    <nd ref="11227246008"/>
    <nd ref="1529446824"/>
    <tag k="button_operated" v="no"/>
    <tag k="check_date" v="2025-05-12"/>
    <tag k="crossing" v="traffic_signals"/>
    <tag k="crossing:island" v="no"/>
    <tag k="crossing:markings" v="yes"/>
    <tag k="footway" v="crossing"/>
    <tag k="highway" v="footway"/>
    <tag k="lit" v="yes"/>
    <tag k="smoothness" v="excellent"/>
    <tag k="surface" v="asphalt"/>
    <tag k="traffic_signals:countdown" v="yes"/>
    <tag k="traffic_signals:sound" v="no"/>
    <tag k="traffic_signals:vibration" v="no"/>
  </way>
  <way id="139526200">
    <nd ref="1005421018"/>
    <nd ref="1529446487"/>
    <nd ref="11227231770"/>
    <nd ref="1005421092"/>
    <tag k="crossing" v="uncontrolled"/>
    <tag k="crossing:island" v="no"/>
    <tag k="crossing:markings" v="zebra"/>
    <tag k="footway" v="crossing"/>
    <tag k="highway" v="footway"/>
    <tag k="surface" v="asphalt"/>
    <tag k="tactile_paving" v="no"/>
  </way>
  <way id="139526203">
    <nd ref="1529446596"/>
    <nd ref="8013961097"/>
    <nd ref="1529446601"/>
    <nd ref="1529446627"/>
    <tag k="crossing" v="marked"/>
    <tag k="crossing:markings" v="yes"/>
    <tag k="footway" v="crossing"/>
    <tag k="highway" v="footway"/>
    <tag k="surface" v="asphalt"/>
  </way>
  <way id="139526205">
    <nd ref="1005421032"/>
    <nd ref="7657588650"/>
    <tag k="handrail" v="yes"/>
    <tag k="highway" v="steps"/>
    <tag k="incline" v="down"/>
    <tag k="ramp" v="no"/>
    <tag k="ramp:stroller" v="no"/>
    <tag k="surface" v="paving_stones"/>
  </way>
  <way id="142671699">
    <nd ref="26546137"/>
    <nd ref="1502836922"/>
    <nd ref="8128999460"/>
    <nd ref="2346526335"/>
    <nd ref="7972709906"/>
    <nd ref="1502836146"/>
    <nd ref="546450901"/>
    <tag k="cycleway:both" v="no"/>
    <tag k="foot" v="no"/>
    <tag k="highway" v="residential"/>
    <tag k="lanes" v="2"/>
    <tag k="lit" v="yes"/>
    <tag k="name" v="вулиця Михайла Коцюбинського"/>
    <tag k="name:de" v="Mychajla-Kozjubynsskoho-Straße"/>
    <tag k="name:en" v="Mykhaila Kotsiubynskoho Street"/>
    <tag k="name:es" v="Calle de Mijailo Kotsiubinski"/>
    <tag k="name:etymology" v="Михайло Михайлович Коцюбинський"/>
    <tag k="name:etymology:wikidata" v="Q2347996"/>
    <tag k="name:etymology:wikipedia" v="uk:Коцюбинський Михайло Михайлович"/>
    <tag k="name:fr" v="Rue Mykhaïla Kotsioubynskoho"/>
    <tag k="name:it" v="Via Mychajlo Kocjubyns'kyj"/>
    <tag k="name:pl" v="ulica Michaiła Kociubyńskiego"/>
    <tag k="name:ro" v="Strada Mîhailo Koțiubînskîi"/>
    <tag k="name:uk" v="вулиця Михайла Коцюбинського"/>
    <tag k="name:uk-Latn" v="vulytsia Mykhaila Kotsiubynskoho"/>
    <tag k="old_name:1850-1939" v="Тимофіївська вулиця"/>
    <tag k="oneway" v="yes"/>
    <tag k="surface" v="sett"/>
    <tag k="wikidata" v="Q4473214"/>
    <tag k="wikipedia" v="uk:Вулиця Михайла Коцюбинського (Київ)"/>
  </way>
  <way id="143286358">
    <nd ref="1568021921"/>
    <nd ref="4864705908"/>
    <nd ref="1568021934"/>
    <nd ref="1568021935"/>
    <nd ref="1568021936"/>
    <nd ref="6764109282"/>
    <nd ref="7131571070"/>
    <nd ref="2758058520"/>
    <nd ref="4901689111"/>
    <nd ref="1568021892"/>
    <nd ref="1568021884"/>
    <nd ref="1568021882"/>
    <nd ref="4901689106"/>
    <nd ref="2758058511"/>
    <nd ref="4758133881"/>
    <nd ref="6337439610"/>
    <nd ref="4786794458"/>
    <nd ref="10893127305"/>
    <tag k="footway" v="sidewalk"/>
    <tag k="highway" v="footway"/>
  </way>
  <way id="143286360">
    <nd ref="1568021884"/>
    <nd ref="1568021866"/>
    <nd ref="1568021860"/>
    <nd ref="4430908185"/>
    <nd ref="11227243104"/>
    <nd ref="4430908186"/>
    <tag k="footway" v="crossing"/>
    <tag k="highway" v="footway"/>
    <tag k="lit" v="yes"/>
    <tag k="surface" v="asphalt"/>
  </way>
  <way id="143286362">
    <nd ref="1568021912"/>
    <nd ref="12830223581"/>
    <nd ref="1568021896"/>
    <nd ref="1529446965"/>
    <tag k="button_operated" v="no"/>
    <tag k="check_date" v="2025-05-12"/>
    <tag k="crossing" v="traffic_signals"/>
    <tag k="crossing:island" v="no"/>
    <tag k="crossing:markings" v="zebra"/>
    <tag k="footway" v="crossing"/>
    <tag k="highway" v="footway"/>
    <tag k="smoothness" v="excellent"/>
    <tag k="surface" v="asphalt"/>
    <tag k="traffic_signals:countdown" v="yes"/>
    <tag k="traffic_signals:sound" v="no"/>
    <tag k="traffic_signals:vibration" v="no"/>
  </way>
  <way id="143286363">
    <nd ref="1568021837"/>
    <nd ref="1568021841"/>
    <nd ref="1568021857"/>
    <tag k="check_date" v="2025-05-12"/>
    <tag k="crossing" v="uncontrolled"/>
    <tag k="crossing:island" v="no"/>
    <tag k="crossing:markings" v="zebra"/>
    <tag k="footway" v="crossing"/>
    <tag k="highway" v="footway"/>
    <tag k="lit" v="yes"/>
    <tag k="smoothness" v="excellent"/>
    <tag k="surface" v="asphalt"/>
  </way>
  <way id="143286364">
    <nd ref="1456800314"/>
    <nd ref="1568021915"/>
    <nd ref="1529446967"/>
    <tag k="button_operated" v="no"/>
    <tag k="check_date" v="2025-05-12"/>
    <tag k="crossing" v="traffic_signals"/>
    <tag k="crossing:island" v="no"/>
    <tag k="crossing:markings" v="zebra"/>
    <tag k="footway" v="crossing"/>
    <tag k="highway" v="footway"/>
    <tag k="smoothness" v="excellent"/>
    <tag k="surface" v="asphalt"/>
    <tag k="traffic_signals:countdown" v="yes"/>
    <tag k="traffic_signals:sound" v="no"/>
    <tag k="traffic_signals:vibration" v="no"/>
  </way>
  <way id="143286368">
    <nd ref="1568021921"/>
    <nd ref="1568021931"/>
    <nd ref="1469571174"/>
    <tag k="button_operated" v="no"/>
    <tag k="check_date" v="2025-05-12"/>
    <tag k="crossing" v="traffic_signals"/>
    <tag k="crossing:island" v="no"/>
    <tag k="crossing:markings" v="zebra"/>
    <tag k="flashing_lights" v="no"/>
    <tag k="footway" v="crossing"/>
    <tag k="highway" v="footway"/>
    <tag k="smoothness" v="excellent"/>
    <tag k="surface" v="asphalt"/>
    <tag k="traffic_signals:countdown" v="yes"/>
    <tag k="traffic_signals:vibration" v="no"/>
  </way>
  <way id="143286370">
    <nd ref="1469571175"/>
    <nd ref="11227245966"/>
    <nd ref="1568021937"/>
    <nd ref="1568021934"/>
    <tag k="footway" v="crossing"/>
    <tag k="highway" v="footway"/>
    <tag k="lit" v="yes"/>
    <tag k="surface" v="asphalt"/>
  </way>
  <way id="143286371">
    <nd ref="1013470148"/>
    <nd ref="1603259534"/>
    <nd ref="1568021810"/>
    <tag k="footway" v="sidewalk"/>
    <tag k="highway" v="footway"/>
    <tag k="surface" v="paving_stones"/>
  </way>
  <way id="143286373">
    <nd ref="8849056750"/>
    <nd ref="1568021827"/>
    <nd ref="2438865449"/>
    <nd ref="12525929772"/>
    <nd ref="4758133879"/>
    <nd ref="1568021788"/>
    <nd ref="1568021773"/>
    <nd ref="1568021759"/>
    <nd ref="3537025343"/>
    <nd ref="3540212093"/>
    <nd ref="2438865431"/>
    <nd ref="3540209672"/>
    <nd ref="3540209660"/>
    <nd ref="1590033960"/>
    <nd ref="12486815584"/>
    <nd ref="9524816632"/>
    <nd ref="1013470273"/>
    <tag k="footway" v="sidewalk"/>
    <tag k="highway" v="footway"/>
  </way>
  <way id="145624550">
    <nd ref="1590033961"/>
    <nd ref="1590033960"/>
    <nd ref="11227243114"/>
    <nd ref="1590033959"/>
    <tag k="highway" v="service"/>
    <tag k="living_street" v="yes"/>
    <tag k="service" v="alley"/>
    <tag k="surface" v="asphalt"/>
  </way>
  <way id="145624553">
    <nd ref="1590034079"/>
    <nd ref="1590034076"/>
    <nd ref="1590034074"/>
    <nd ref="1590034068"/>
    <nd ref="1590034055"/>
    <nd ref="1590034045"/>
    <nd ref="1590034039"/>
    <nd ref="4430908184"/>
    <nd ref="11227243105"/>
    <nd ref="1590034029"/>
    <tag k="highway" v="footway"/>
  </way>
  <way id="147117238">
    <nd ref="428418580"/>
    <nd ref="9524816631"/>
    <tag k="bicycle" v="use_sidepath"/>
    <tag k="highway" v="residential"/>
    <tag k="lanes" v="2"/>
    <tag k="maxspeed" v="40"/>
    <tag k="name" v="Золотоворітська вулиця"/>
    <tag k="name:de" v="Solotoworitsska-Straße"/>
    <tag k="name:en" v="Zolotovoritska Street"/>
    <tag k="name:es" v="Calle Zolotovoritska"/>
    <tag k="name:etymology" v="Золоті ворота"/>
    <tag k="name:etymology:wikidata" v="Q1427503"/>
    <tag k="name:etymology:wikipedia" v="uk:Золоті ворота (Київ)"/>
    <tag k="name:fr" v="Rue Zolotovoritska"/>
    <tag k="name:it" v="Via Zolotovoric'ka"/>
    <tag k="name:uk" v="Золотоворітська вулиця"/>
    <tag k="name:uk-Latn" v="Zolotovoritska vulytsia"/>
    <tag k="oneway" v="no"/>
    <tag k="surface" v="asphalt"/>
    <tag k="wikidata" v="Q4193391"/>
    <tag k="wikipedia" v="uk:Золотоворітська вулиця"/>
  </way>
  <way id="147117239">
    <nd ref="1005421043"/>
    <nd ref="1603259528"/>
    <nd ref="1603259534"/>
    <tag k="check_date" v="2025-05-12"/>
    <tag k="crossing" v="uncontrolled"/>
    <tag k="crossing:island" v="no"/>
    <tag k="crossing:markings" v="zebra"/>
    <tag k="footway" v="crossing"/>
    <tag k="highway" v="footway"/>
    <tag k="lit" v="yes"/>
    <tag k="smoothness" v="excellent"/>
    <tag k="surface" v="asphalt"/>
  </way>
  <way id="152021923">
    <nd ref="1648540568"/>
    <nd ref="1648540570"/>
    <tag k="highway" v="footway"/>
    <tag k="surface" v="asphalt"/>
  </way>
  <way id="152021924">
    <nd ref="445413684"/>
    <nd ref="12299358014"/>
    <nd ref="1648540569"/>
    <tag k="highway" v="footway"/>
  </way>
  <way id="152021925">
    <nd ref="1648540569"/>
    <nd ref="1648540568"/>
    <tag k="highway" v="footway"/>
    <tag k="surface" v="asphalt"/>
    <tag k="tunnel" v="building_passage"/>
  </way>
  <way id="180939701">
    <nd ref="26546020"/>
    <nd ref="1568021937"/>
    <nd ref="12554712373"/>
    <nd ref="1568021931"/>
    <nd ref="26546022"/>
    <tag k="cycleway:right" v="lane"/>
    <tag k="foot" v="no"/>
    <tag k="highway" v="residential"/>
    <tag k="lanes" v="2"/>
    <tag k="name" v="вулиця Олеся Гончара"/>
    <tag k="name:bs" v="Ulica Olesja Hončara"/>
    <tag k="name:de" v="Olessja-Hotschara-Straße"/>
    <tag k="name:en" v="Olesia Honchara Street"/>
    <tag k="name:es" v="Calle de Olés Jonchár"/>
    <tag k="name:etymology" v="Олесь Терентійович Гончар"/>
    <tag k="name:etymology:wikidata" v="Q2388302"/>
    <tag k="name:etymology:wikipedia" v="uk:Гончар Олесь Терентійович"/>
    <tag k="name:fr" v="Rue Olessia Hontchara"/>
    <tag k="name:hr" v="Ulica Olesja Hončara"/>
    <tag k="name:it" v="Via Oles' Hončar"/>
    <tag k="name:pl" v="ulica Olesia Gonczara"/>
    <tag k="name:uk" v="вулиця Олеся Гончара"/>
    <tag k="name:uk-Latn" v="vulytsia Olesia Honchara"/>
    <tag k="oneway" v="yes"/>
    <tag k="oneway:bicycle" v="yes"/>
    <tag k="surface" v="asphalt"/>
    <tag k="wikidata" v="Q167223"/>
    <tag k="wikipedia" v="uk:Вулиця Олеся Гончара (Київ)"/>
  </way>
  <way id="182667995">
    <nd ref="551304957"/>
    <nd ref="11227243119"/>
    <nd ref="648544336"/>
    <nd ref="13593192678"/>
    <nd ref="428418583"/>
    <tag k="bicycle" v="use_sidepath"/>
    <tag k="check_date" v="2025-06-15"/>
    <tag k="cycleway:oneway" v="yes"/>
    <tag k="cycleway:right" v="track"/>
    <tag k="highway" v="residential"/>
    <tag k="lanes" v="1"/>
    <tag k="lit" v="yes"/>
    <tag k="maxspeed" v="50"/>
    <tag k="name" v="Рейтарська вулиця"/>
    <tag k="name:de" v="Rejtarsska-Straße"/>
    <tag k="name:en" v="Reitarska Street"/>
    <tag k="name:es" v="Calle Réitarska"/>
    <tag k="name:etymology" v="рейтари"/>
    <tag k="name:etymology:wikidata" v="Q1151636"/>
    <tag k="name:etymology:wikipedia" v="uk:Рейтари"/>
    <tag k="name:fr" v="Rue Reïtarska"/>
    <tag k="name:it" v="Via Rejtars'ka"/>
    <tag k="name:uk" v="Рейтарська вулиця"/>
    <tag k="name:uk-Latn" v="Reitarska vulytsia"/>
    <tag k="oneway" v="yes"/>
    <tag k="parking:both" v="no"/>
    <tag k="surface" v="asphalt"/>
    <tag k="wikidata" v="Q4392718"/>
    <tag k="wikipedia" v="uk:Рейтарська вулиця (Київ)"/>
  </way>
  <way id="220909984">
    <nd ref="2299822113"/>
    <nd ref="9516743640"/>
    <nd ref="9516743634"/>
    <nd ref="9516743637"/>
    <nd ref="9516743635"/>
    <nd ref="9516743636"/>
    <nd ref="9516743638"/>
    <tag k="highway" v="service"/>
    <tag k="surface" v="asphalt"/>
  </way>
  <way id="222940779">
    <nd ref="2318844181"/>
    <nd ref="8051568495"/>
    <nd ref="3506121941"/>
    <nd ref="8051568436"/>
    <nd ref="2318844195"/>
    <nd ref="8051568438"/>
    <nd ref="2318844192"/>
    <nd ref="8051568437"/>
    <nd ref="8051568503"/>
    <nd ref="3506121948"/>
    <nd ref="8323026138"/>
    <nd ref="2318844202"/>
    <tag k="highway" v="footway"/>
    <tag k="lit" v="yes"/>
    <tag k="source" v="Bing"/>
    <tag k="surface" v="paving_stones"/>
  </way>
  <way id="222940780">
    <nd ref="8051568495"/>
    <nd ref="8051568496"/>
    <nd ref="8051568497"/>
    <nd ref="8051568498"/>
    <nd ref="8051568499"/>
    <nd ref="8051568500"/>
    <nd ref="8051568501"/>
    <nd ref="2318844199"/>
    <nd ref="2318844204"/>
    <nd ref="2318844206"/>
    <nd ref="2318844205"/>
    <nd ref="2318844203"/>
    <nd ref="2318844200"/>
    <nd ref="8051568504"/>
    <nd ref="8051568503"/>
    <tag k="highway" v="footway"/>
    <tag k="source" v="Bing"/>
    <tag k="surface" v="paving_stones"/>
  </way>
  <way id="222940781">
    <nd ref="4323161026"/>
    <nd ref="4323161016"/>
    <nd ref="4323161025"/>
    <nd ref="4323161040"/>
    <nd ref="4323161045"/>
    <nd ref="4323161053"/>
    <nd ref="4323161061"/>
    <nd ref="4323161062"/>
    <nd ref="4323161057"/>
    <nd ref="4323161049"/>
    <nd ref="4323161041"/>
    <nd ref="4323161026"/>
    <nd ref="4323161020"/>
    <nd ref="4323161012"/>
    <nd ref="2318844174"/>
    <nd ref="4323161007"/>
    <nd ref="4323161000"/>
    <nd ref="4323160991"/>
    <nd ref="2318844171"/>
    <nd ref="2318844168"/>
    <nd ref="2318844165"/>
    <nd ref="2318844164"/>
    <nd ref="2318844162"/>
    <nd ref="2318844161"/>
    <nd ref="2318844163"/>
    <nd ref="2318844166"/>
    <nd ref="2318844167"/>
    <nd ref="8051568350"/>
    <nd ref="2318844169"/>
    <nd ref="8051568349"/>
    <nd ref="2318844172"/>
    <nd ref="2318844175"/>
    <nd ref="8051568409"/>
    <nd ref="8051568382"/>
    <nd ref="8051568410"/>
    <nd ref="2318844177"/>
    <nd ref="2318844179"/>
    <tag k="highway" v="footway"/>
    <tag k="source" v="Bing"/>
  </way>
  <way id="222940783">
    <nd ref="2318844170"/>
    <nd ref="1329743298"/>
    <tag k="highway" v="steps"/>
    <tag k="source" v="Bing"/>
  </way>
  <way id="222940786">
    <nd ref="1329743298"/>
    <nd ref="2318844173"/>
    <tag k="highway" v="footway"/>
    <tag k="layer" v="-1"/>
    <tag k="source" v="Bing"/>
    <tag k="tunnel" v="yes"/>
  </way>
  <way id="222940787">
    <nd ref="2318844187"/>
    <nd ref="1329743307"/>
    <tag k="highway" v="footway"/>
    <tag k="source" v="Bing"/>
    <tag k="tunnel" v="building_passage"/>
  </way>
  <way id="222940790">
    <nd ref="2318844173"/>
    <nd ref="2318844174"/>
    <nd ref="2318844178"/>
    <tag k="highway" v="footway"/>
    <tag k="source" v="Bing"/>
  </way>
  <way id="222940793">
    <nd ref="8051568411"/>
    <nd ref="2318844179"/>
    <nd ref="2318844180"/>
    <nd ref="3506121933"/>
    <nd ref="2318844181"/>
    <nd ref="2318844185"/>
    <nd ref="2318844187"/>
    <tag k="highway" v="footway"/>
    <tag k="lit" v="yes"/>
    <tag k="source" v="Bing"/>
  </way>
  <way id="230852208">
    <nd ref="4799108825"/>
    <nd ref="7992689714"/>
    <nd ref="7992689713"/>
    <nd ref="7992689712"/>
    <nd ref="7992689711"/>
    <nd ref="1628109750"/>
    <nd ref="7992689710"/>
    <nd ref="2392875836"/>
    <nd ref="7992689709"/>
    <nd ref="7992689705"/>
    <nd ref="4799108831"/>
    <nd ref="7992682762"/>
    <nd ref="2392875842"/>
    <nd ref="4799108828"/>
    <nd ref="1529446413"/>
    <tag k="footway" v="sidewalk"/>
    <tag k="highway" v="footway"/>
  </way>
  <way id="231803509">
    <nd ref="2401343196"/>
    <nd ref="2401343194"/>
    <nd ref="2401343209"/>
    <tag k="highway" v="service"/>
    <tag k="living_street" v="yes"/>
    <tag k="surface" v="asphalt"/>
  </way>
  <way id="231803510">
    <nd ref="2401343209"/>
    <nd ref="2401347944"/>
    <tag k="covered" v="yes"/>
    <tag k="highway" v="service"/>
    <tag k="living_street" v="yes"/>
    <tag k="surface" v="asphalt"/>
    <tag k="tunnel" v="building_passage"/>
  </way>
  <way id="231803511">
    <nd ref="4216023714"/>
    <nd ref="4216023712"/>
    <tag k="covered" v="yes"/>
    <tag k="highway" v="service"/>
    <tag k="living_street" v="yes"/>
  </way>
  <way id="231803513">
    <nd ref="2401347944"/>
    <nd ref="8043352897"/>
    <nd ref="8043352898"/>
    <nd ref="4216023714"/>
    <tag k="highway" v="service"/>
    <tag k="living_street" v="yes"/>
    <tag k="service" v="parking_aisle"/>
    <tag k="surface" v="asphalt"/>
  </way>
  <way id="231803515">
    <nd ref="4319468486"/>
    <nd ref="4799108912"/>
    <nd ref="4799108911"/>
    <nd ref="2401343210"/>
    <nd ref="4799108909"/>
    <nd ref="4799108908"/>
    <nd ref="4799108910"/>
    <nd ref="2401343218"/>
    <nd ref="4799108906"/>
    <nd ref="2401343212"/>
    <nd ref="8043352891"/>
    <nd ref="8043352890"/>
    <nd ref="8043352889"/>
    <nd ref="4799108905"/>
    <nd ref="4799108907"/>
    <nd ref="4799108895"/>
    <nd ref="4319468477"/>
    <nd ref="4799108896"/>
    <nd ref="4799108894"/>
    <nd ref="2401343198"/>
    <nd ref="4799108873"/>
    <nd ref="4799108872"/>
    <nd ref="4799108871"/>
    <nd ref="2401346478"/>
    <nd ref="2401346479"/>
    <tag k="highway" v="service"/>
    <tag k="living_street" v="yes"/>
  </way>
  <way id="235807110">
    <nd ref="2438865449"/>
    <nd ref="3143474323"/>
    <tag k="highway" v="footway"/>
    <tag k="lit" v="yes"/>
    <tag k="surface" v="asphalt"/>
  </way>
  <way id="235807111">
    <nd ref="2438865437"/>
    <nd ref="3143474319"/>
    <tag k="highway" v="service"/>
    <tag k="maxspeed" v="20"/>
    <tag k="surface" v="asphalt"/>
    <tag k="tunnel" v="building_passage"/>
  </way>
  <way id="235807112">
    <nd ref="5151983587"/>
    <nd ref="2438865438"/>
    <tag k="highway" v="service"/>
    <tag k="maxspeed" v="20"/>
    <tag k="surface" v="asphalt"/>
    <tag k="tunnel" v="building_passage"/>
  </way>
  <way id="235807113">
    <nd ref="2438865453"/>
    <nd ref="6454154101"/>
    <tag k="highway" v="service"/>
    <tag k="lit" v="yes"/>
    <tag k="maxspeed" v="20"/>
    <tag k="oneway" v="no"/>
    <tag k="service" v="alley"/>
    <tag k="surface" v="asphalt"/>
  </way>
  <way id="235807114">
    <nd ref="3540212094"/>
    <nd ref="3540212093"/>
    <tag k="highway" v="footway"/>
    <tag k="surface" v="asphalt"/>
  </way>
  <way id="235807115">
    <nd ref="2438865438"/>
    <nd ref="5151983571"/>
    <nd ref="3799277490"/>
    <nd ref="2438865437"/>
    <tag k="highway" v="service"/>
    <tag k="maxspeed" v="20"/>
    <tag k="surface" v="asphalt"/>
  </way>
  <way id="235807116">
    <nd ref="3537025351"/>
    <nd ref="3537025346"/>
    <tag k="highway" v="footway"/>
    <tag k="surface" v="asphalt"/>
  </way>
  <way id="235807117">
    <nd ref="1590034055"/>
    <nd ref="1590034039"/>
    <tag k="highway" v="footway"/>
  </way>
  <way id="235807118">
    <nd ref="6454154102"/>
    <nd ref="2438865451"/>
    <nd ref="12917814713"/>
    <nd ref="12803540478"/>
    <nd ref="2438865447"/>
    <tag k="highway" v="service"/>
    <tag k="maxspeed" v="20"/>
    <tag k="motor_vehicle" v="yes"/>
    <tag k="oneway" v="no"/>
    <tag k="service" v="alley"/>
    <tag k="surface" v="asphalt"/>
  </way>
  <way id="235807119">
    <nd ref="3298087227"/>
    <nd ref="2438865450"/>
    <nd ref="2438865448"/>
    <nd ref="2438865447"/>
    <nd ref="3298087226"/>
    <nd ref="3298087225"/>
    <tag k="highway" v="service"/>
    <tag k="maxspeed" v="20"/>
    <tag k="service" v="alley"/>
    <tag k="surface" v="asphalt"/>
  </way>
  <way id="235807120">
    <nd ref="2438865443"/>
    <nd ref="2438865441"/>
    <nd ref="11634386893"/>
    <nd ref="4720139190"/>
    <nd ref="3537025343"/>
    <nd ref="11227243117"/>
    <nd ref="3537025340"/>
    <tag k="highway" v="service"/>
    <tag k="service" v="driveway"/>
    <tag k="surface" v="asphalt"/>
  </way>
  <way id="257162223">
    <nd ref="2627620332"/>
    <nd ref="2627620334"/>
    <nd ref="12458903402"/>
    <nd ref="2627620340"/>
    <tag k="check_date" v="2025-08-15"/>
    <tag k="crossing" v="uncontrolled"/>
    <tag k="crossing:island" v="no"/>
    <tag k="crossing:markings" v="zebra"/>
    <tag k="footway" v="crossing"/>
    <tag k="highway" v="footway"/>
    <tag k="lit" v="yes"/>
    <tag k="smoothness" v="good"/>
    <tag k="surface" v="paving_stones"/>
  </way>
  <way id="263226864">
    <nd ref="3384027141"/>
    <nd ref="2667708394"/>
    <tag k="covered" v="yes"/>
    <tag k="foot" v="yes"/>
    <tag k="highway" v="footway"/>
    <tag k="motor_vehicle" v="no"/>
    <tag k="tunnel" v="building_passage"/>
  </way>
  <way id="264918898">
    <nd ref="2705686489"/>
    <nd ref="2705686490"/>
    <tag k="conveying" v="yes"/>
    <tag k="highway" v="steps"/>
    <tag k="lanes" v="3"/>
    <tag k="layer" v="-2"/>
    <tag k="tunnel" v="yes"/>
  </way>
  <way id="270811005">
    <nd ref="1568021810"/>
    <nd ref="1568021814"/>
    <nd ref="1568021816"/>
    <tag k="check_date" v="2025-05-12"/>
    <tag k="crossing" v="uncontrolled"/>
    <tag k="crossing:island" v="no"/>
    <tag k="crossing:markings" v="zebra"/>
    <tag k="footway" v="crossing"/>
    <tag k="highway" v="footway"/>
    <tag k="lit" v="yes"/>
    <tag k="smoothness" v="excellent"/>
    <tag k="surface" v="asphalt"/>
  </way>
  <way id="270836627">
    <nd ref="2438865445"/>
    <nd ref="3537025701"/>
    <tag k="highway" v="footway"/>
    <tag k="lit" v="no"/>
    <tag k="surface" v="asphalt"/>
  </way>
  <way id="270836629">
    <nd ref="2758058511"/>
    <nd ref="2758058513"/>
    <nd ref="2758058515"/>
    <nd ref="2758058517"/>
    <nd ref="2758058518"/>
    <nd ref="2758058520"/>
    <tag k="highway" v="footway"/>
    <tag k="lit" v="no"/>
    <tag k="surface" v="asphalt"/>
  </way>
  <way id="271393334">
    <nd ref="1005421029"/>
    <nd ref="11273736199"/>
    <nd ref="1529446931"/>
    <nd ref="1005421045"/>
    <tag k="foot" v="yes"/>
    <tag k="footway" v="crossing"/>
    <tag k="highway" v="footway"/>
    <tag k="surface" v="asphalt"/>
  </way>
  <way id="271393335">
    <nd ref="1005421045"/>
    <nd ref="1005421010"/>
    <tag k="foot" v="yes"/>
    <tag k="footway" v="sidewalk"/>
    <tag k="highway" v="footway"/>
  </way>
  <way id="271393337">
    <nd ref="1013470103"/>
    <nd ref="12486815588"/>
    <nd ref="12027586593"/>
    <nd ref="12222211784"/>
    <nd ref="1005420902"/>
    <tag k="foot" v="yes"/>
    <tag k="footway" v="sidewalk"/>
    <tag k="highway" v="footway"/>
    <tag k="lit" v="yes"/>
    <tag k="smoothness" v="excellent"/>
    <tag k="surface" v="paving_stones"/>
    <tag k="wheelchair" v="yes"/>
    <tag k="width" v="8"/>
  </way>
  <way id="271393338">
    <nd ref="9520505697"/>
    <nd ref="4969053747"/>
    <nd ref="9520508628"/>
    <nd ref="9520508630"/>
    <nd ref="9520508626"/>
    <nd ref="9520505711"/>
    <tag k="foot" v="yes"/>
    <tag k="highway" v="footway"/>
    <tag k="lit" v="yes"/>
    <tag k="surface" v="paving_stones"/>
  </way>
  <way id="271393340">
    <nd ref="9520508622"/>
    <nd ref="9520508667"/>
    <nd ref="305558430"/>
    <nd ref="9520508666"/>
    <nd ref="9520508665"/>
    <nd ref="9520505697"/>
    <nd ref="9520508668"/>
    <nd ref="9520505696"/>
    <nd ref="9520505699"/>
    <nd ref="9520505640"/>
    <nd ref="9520505641"/>
    <nd ref="9520505698"/>
    <nd ref="9520505707"/>
    <tag k="foot" v="yes"/>
    <tag k="footway" v="sidewalk"/>
    <tag k="highway" v="footway"/>
    <tag k="lit" v="yes"/>
    <tag k="smoothness" v="excellent"/>
    <tag k="surface" v="paving_stones"/>
    <tag k="wheelchair" v="yes"/>
  </way>
  <way id="271393341">
    <nd ref="9520508794"/>
    <nd ref="9520508792"/>
    <nd ref="9520508799"/>
    <tag k="foot" v="yes"/>
    <tag k="highway" v="footway"/>
    <tag k="lit" v="yes"/>
    <tag k="surface" v="paving_stones"/>
  </way>
  <way id="271393342">
    <nd ref="1284382932"/>
    <nd ref="9520505706"/>
    <tag k="button_operated" v="no"/>
    <tag k="check_date" v="2025-05-11"/>
    <tag k="crossing" v="traffic_signals"/>
    <tag k="crossing:island" v="no"/>
    <tag k="crossing:markings" v="zebra"/>
    <tag k="footway" v="crossing"/>
    <tag k="highway" v="footway"/>
    <tag k="smoothness" v="excellent"/>
    <tag k="surface" v="asphalt"/>
    <tag k="tactile_paving" v="no"/>
    <tag k="traffic_signals:countdown" v="yes"/>
    <tag k="traffic_signals:sound" v="no"/>
    <tag k="traffic_signals:vibration" v="no"/>
  </way>
  <way id="271393343">
    <nd ref="2079994033"/>
    <nd ref="9520505653"/>
    <nd ref="1284382962"/>
    <nd ref="9520508623"/>
    <nd ref="9520505706"/>
    <tag k="button_operated" v="no"/>
    <tag k="check_date" v="2025-05-11"/>
    <tag k="crossing" v="traffic_signals"/>
    <tag k="crossing:island" v="no"/>
    <tag k="crossing:markings" v="zebra"/>
    <tag k="footway" v="crossing"/>
    <tag k="highway" v="footway"/>
    <tag k="smoothness" v="intermediate"/>
    <tag k="surface" v="sett"/>
    <tag k="tactile_paving" v="no"/>
    <tag k="traffic_signals:countdown" v="yes"/>
    <tag k="traffic_signals:sound" v="no"/>
    <tag k="traffic_signals:vibration" v="no"/>
  </way>
  <way id="271393344">
    <nd ref="8063129078"/>
    <nd ref="1284382977"/>
    <nd ref="2683070551"/>
    <tag k="button_operated" v="no"/>
    <tag k="check_date" v="2025-05-11"/>
    <tag k="crossing" v="traffic_signals"/>
    <tag k="crossing:island" v="no"/>
    <tag k="crossing:markings" v="zebra"/>
    <tag k="footway" v="crossing"/>
    <tag k="highway" v="footway"/>
    <tag k="surface" v="sett"/>
    <tag k="tactile_paving" v="no"/>
    <tag k="traffic_signals:countdown" v="yes"/>
    <tag k="traffic_signals:sound" v="no"/>
    <tag k="traffic_signals:vibration" v="no"/>
  </way>
  <way id="271393345">
    <nd ref="6020712036"/>
    <nd ref="6020712037"/>
    <tag k="highway" v="footway"/>
  </way>
  <way id="271395743">
    <nd ref="7723286184"/>
    <nd ref="1456800231"/>
    <nd ref="7723302085"/>
    <nd ref="2763492800"/>
    <nd ref="2763492801"/>
    <nd ref="2763492802"/>
    <nd ref="2763492803"/>
    <nd ref="2763492804"/>
    <nd ref="4951600639"/>
    <tag k="highway" v="service"/>
    <tag k="surface" v="asphalt"/>
  </way>
  <way id="271395745">
    <nd ref="4951600639"/>
    <nd ref="4951600636"/>
    <nd ref="4887639679"/>
    <tag k="highway" v="footway"/>
    <tag k="surface" v="asphalt"/>
    <tag k="tunnel" v="building_passage"/>
  </way>
  <way id="271395746">
    <nd ref="2763492800"/>
    <nd ref="2763492808"/>
    <nd ref="7723302092"/>
    <tag k="highway" v="service"/>
  </way>
  <way id="271395749">
    <nd ref="2763492818"/>
    <nd ref="2763492821"/>
    <nd ref="4887639675"/>
    <nd ref="4276917960"/>
    <nd ref="4276917957"/>
    <nd ref="2763492822"/>
    <nd ref="5076269618"/>
    <nd ref="4887615105"/>
    <nd ref="12235516048"/>
    <nd ref="2763492824"/>
    <nd ref="2763492826"/>
    <nd ref="4276917953"/>
    <nd ref="4276917956"/>
    <nd ref="7239000583"/>
    <nd ref="4887639676"/>
    <nd ref="4596698895"/>
    <nd ref="2763492827"/>
    <tag k="highway" v="footway"/>
  </way>
  <way id="271395750">
    <nd ref="8057448114"/>
    <nd ref="8057448112"/>
    <nd ref="8057448111"/>
    <tag k="highway" v="service"/>
    <tag k="surface" v="paving_stones"/>
  </way>
  <way id="271395751">
    <nd ref="8057448113"/>
    <nd ref="8057448114"/>
    <tag k="highway" v="service"/>
    <tag k="surface" v="paving_stones"/>
    <tag k="tunnel" v="building_passage"/>
  </way>
  <way id="271395752">
    <nd ref="8057448110"/>
    <nd ref="2763492836"/>
    <tag k="highway" v="service"/>
    <tag k="tunnel" v="building_passage"/>
  </way>
  <way id="271395753">
    <nd ref="2763492836"/>
    <nd ref="8057448113"/>
    <tag k="highway" v="service"/>
    <tag k="surface" v="paving_stones"/>
  </way>
  <way id="271395754">
    <nd ref="2763492829"/>
    <nd ref="2763492831"/>
    <nd ref="2763492833"/>
    <nd ref="8057448110"/>
    <tag k="highway" v="footway"/>
    <tag k="surface" v="asphalt"/>
  </way>
  <way id="271395755">
    <nd ref="2763492827"/>
    <nd ref="2763492829"/>
    <tag k="highway" v="footway"/>
    <tag k="surface" v="asphalt"/>
    <tag k="tunnel" v="building_passage"/>
  </way>
  <way id="271395765">
    <nd ref="1005404575"/>
    <nd ref="12458854992"/>
    <nd ref="6888722146"/>
    <nd ref="6888722157"/>
    <nd ref="6888722149"/>
    <nd ref="10298059660"/>
    <nd ref="11117009278"/>
    <nd ref="1005409298"/>
    <tag k="footway" v="sidewalk"/>
    <tag k="highway" v="footway"/>
  </way>
  <way id="271713756">
    <nd ref="12647785873"/>
    <nd ref="12647785861"/>
    <nd ref="4969053635"/>
    <nd ref="4969053636"/>
    <nd ref="4969053637"/>
    <nd ref="4969053638"/>
    <nd ref="12186394406"/>
    <nd ref="4969053640"/>
    <nd ref="4969053641"/>
    <nd ref="4969053639"/>
    <tag k="footway" v="sidewalk"/>
    <tag k="highway" v="footway"/>
    <tag k="surface" v="paving_stones"/>
  </way>
  <way id="271718685">
    <nd ref="8063129078"/>
    <nd ref="9524816656"/>
    <nd ref="9524819850"/>
    <nd ref="9524816708"/>
    <nd ref="9524816627"/>
    <nd ref="9524816690"/>
    <nd ref="4969053736"/>
    <nd ref="4969053735"/>
    <nd ref="4969053734"/>
    <nd ref="4969053732"/>
    <nd ref="1475421049"/>
    <nd ref="9524819851"/>
    <nd ref="4969053737"/>
    <nd ref="9524819852"/>
    <nd ref="2766334859"/>
    <nd ref="9524819854"/>
    <nd ref="2766334860"/>
    <nd ref="9524819853"/>
    <nd ref="4969053729"/>
    <nd ref="4969053728"/>
    <nd ref="4969053730"/>
    <nd ref="9524819847"/>
    <nd ref="9524819846"/>
    <nd ref="9524819848"/>
    <nd ref="9524819845"/>
    <nd ref="4969053726"/>
    <nd ref="4969053725"/>
    <nd ref="4969053727"/>
    <nd ref="9524816681"/>
    <nd ref="9524816680"/>
    <nd ref="9524816684"/>
    <nd ref="9524816683"/>
    <nd ref="9524816682"/>
    <nd ref="9524816679"/>
    <nd ref="7727558152"/>
    <nd ref="9524816678"/>
    <tag k="footway" v="sidewalk"/>
    <tag k="highway" v="footway"/>
    <tag k="surface" v="asphalt"/>
  </way>
  <way id="308696309">
    <nd ref="2392875842"/>
    <nd ref="3139635812"/>
    <nd ref="7992682769"/>
    <nd ref="3139635813"/>
    <nd ref="7992689718"/>
    <nd ref="7992689717"/>
    <nd ref="3139635814"/>
    <nd ref="7992689716"/>
    <nd ref="7992689715"/>
    <nd ref="3139635815"/>
    <nd ref="4799108825"/>
    <nd ref="3139635816"/>
    <tag k="highway" v="footway"/>
  </way>
  <way id="308696310">
    <nd ref="3139635817"/>
    <nd ref="3731774862"/>
    <nd ref="3139635818"/>
    <tag k="highway" v="service"/>
  </way>
  <way id="309035445">
    <nd ref="3143463353"/>
    <nd ref="3143463354"/>
    <tag k="highway" v="footway"/>
    <tag k="tunnel" v="building_passage"/>
  </way>
  <way id="309035453">
    <nd ref="3143463354"/>
    <nd ref="3384027141"/>
    <tag k="foot" v="yes"/>
    <tag k="highway" v="footway"/>
    <tag k="motor_vehicle" v="no"/>
  </way>
  <way id="309035456">
    <nd ref="3143463349"/>
    <nd ref="4969053641"/>
    <nd ref="9183500116"/>
    <nd ref="3143463352"/>
    <tag k="foot" v="yes"/>
    <tag k="highway" v="service"/>
    <tag k="service" v="driveway"/>
    <tag k="surface" v="asphalt"/>
  </way>
  <way id="309038154">
    <nd ref="3537025323"/>
    <nd ref="3537025317"/>
    <tag k="highway" v="footway"/>
    <tag k="surface" v="paving_stones"/>
    <tag k="tunnel" v="building_passage"/>
  </way>
  <way id="309038155">
    <nd ref="2513517409"/>
    <nd ref="384745281"/>
    <tag k="foot" v="yes"/>
    <tag k="highway" v="service"/>
    <tag k="maxheight" v="2"/>
    <tag k="surface" v="asphalt"/>
    <tag k="tunnel" v="building_passage"/>
  </way>
  <way id="309038156">
    <nd ref="3143474319"/>
    <nd ref="1013470262"/>
    <nd ref="3733176290"/>
    <tag k="highway" v="service"/>
    <tag k="maxspeed" v="20"/>
    <tag k="surface" v="paving_stones"/>
  </way>
  <way id="309038157">
    <nd ref="3143474323"/>
    <nd ref="2438865445"/>
    <tag k="highway" v="footway"/>
    <tag k="lit" v="yes"/>
    <tag k="surface" v="asphalt"/>
    <tag k="tunnel" v="building_passage"/>
  </way>
  <way id="309038158">
    <nd ref="384745281"/>
    <nd ref="384745282"/>
    <tag k="foot" v="yes"/>
    <tag k="highway" v="service"/>
    <tag k="surface" v="asphalt"/>
  </way>
  <way id="309038159">
    <nd ref="1568021827"/>
    <nd ref="2513517409"/>
    <tag k="foot" v="yes"/>
    <tag k="highway" v="service"/>
    <tag k="surface" v="asphalt"/>
  </way>
  <way id="309038160">
    <nd ref="3537025332"/>
    <nd ref="3537025328"/>
    <nd ref="3537025335"/>
    <nd ref="3537025333"/>
    <tag k="highway" v="footway"/>
  </way>
  <way id="309043920">
    <nd ref="3143539931"/>
    <nd ref="3143539930"/>
    <tag k="foot" v="yes"/>
    <tag k="highway" v="service"/>
    <tag k="tunnel" v="building_passage"/>
  </way>
  <way id="309043921">
    <nd ref="3143539932"/>
    <nd ref="3143539931"/>
    <tag k="foot" v="yes"/>
    <tag k="highway" v="service"/>
  </way>
  <way id="309043922">
    <nd ref="3143539930"/>
    <nd ref="3143539929"/>
    <tag k="foot" v="yes"/>
    <tag k="highway" v="service"/>
  </way>
  <way id="309043923">
    <nd ref="3143539936"/>
    <nd ref="3143539933"/>
    <nd ref="3143539932"/>
    <tag k="highway" v="footway"/>
  </way>
  <way id="309043924">
    <nd ref="3143539937"/>
    <nd ref="11227246014"/>
    <nd ref="3143539934"/>
    <tag k="highway" v="service"/>
    <tag k="surface" v="paving_stones"/>
  </way>
  <way id="309670393">
    <nd ref="3150078730"/>
    <nd ref="4969053636"/>
    <nd ref="9183500119"/>
    <nd ref="3150078731"/>
    <tag k="highway" v="service"/>
    <tag k="service" v="driveway"/>
    <tag k="surface" v="asphalt"/>
  </way>
  <way id="309670394">
    <nd ref="3150078729"/>
    <nd ref="3150078730"/>
    <tag k="highway" v="service"/>
    <tag k="maxheight" v="3.5"/>
    <tag k="service" v="driveway"/>
    <tag k="surface" v="asphalt"/>
    <tag k="tunnel" v="building_passage"/>
  </way>
  <way id="309670395">
    <nd ref="3150078732"/>
    <nd ref="3150077928"/>
    <nd ref="3150078729"/>
    <tag k="highway" v="service"/>
    <tag k="service" v="driveway"/>
  </way>
  <way id="322777301">
    <nd ref="3143463352"/>
    <nd ref="1284382936"/>
    <nd ref="12782547294"/>
    <nd ref="26201275"/>
    <tag k="cycleway:both" v="no"/>
    <tag k="highway" v="secondary"/>
    <tag k="lane_markings" v="yes"/>
    <tag k="lanes" v="6"/>
    <tag k="lanes:backward" v="3"/>
    <tag k="lanes:forward" v="3"/>
    <tag k="maxspeed" v="50"/>
    <tag k="name" v="Володимирська вулиця"/>
    <tag k="name:de" v="Wolodymyr-Straße"/>
    <tag k="name:en" v="Volodymyrska Street"/>
    <tag k="name:es" v="Calle Volodymyrska"/>
    <tag k="name:etymology" v="Володимир Великий"/>
    <tag k="name:etymology:wikidata" v="Q14974"/>
    <tag k="name:etymology:wikipedia" v="uk:Володимир Святославич"/>
    <tag k="name:fr" v="Rue Volodymyrska"/>
    <tag k="name:it" v="Via Volodymyrs'ka"/>
    <tag k="name:pl" v="ulica Włodzimierska"/>
    <tag k="name:uk" v="Володимирська вулиця"/>
    <tag k="name:uk-Latn" v="Volodymyrska vulytsia"/>
    <tag k="old_name:de" v="Wladimirsskaja-Straße"/>
    <tag k="parking:left" v="on_kerb"/>
    <tag k="parking:left:orientation" v="diagonal"/>
    <tag k="parking:right" v="no"/>
    <tag k="surface" v="sett"/>
    <tag k="turn:lanes:forward" v="left;through|through|through;right"/>
    <tag k="wikidata" v="Q3400240"/>
    <tag k="wikipedia" v="uk:Володимирська вулиця (Київ)"/>
  </way>
  <way id="322777316">
    <nd ref="1302422705"/>
    <nd ref="3143463352"/>
    <tag k="cycleway:both" v="no"/>
    <tag k="highway" v="secondary"/>
    <tag k="lane_markings" v="yes"/>
    <tag k="lanes" v="6"/>
    <tag k="lanes:backward" v="3"/>
    <tag k="lanes:forward" v="3"/>
    <tag k="maxspeed" v="50"/>
    <tag k="name" v="Володимирська вулиця"/>
    <tag k="name:de" v="Wolodymyr-Straße"/>
    <tag k="name:en" v="Volodymyrska Street"/>
    <tag k="name:es" v="Calle Volodymyrska"/>
    <tag k="name:etymology" v="Володимир Великий"/>
    <tag k="name:etymology:wikidata" v="Q14974"/>
    <tag k="name:etymology:wikipedia" v="uk:Володимир Святославич"/>
    <tag k="name:fr" v="Rue Volodymyrska"/>
    <tag k="name:it" v="Via Volodymyrs'ka"/>
    <tag k="name:pl" v="ulica Włodzimierska"/>
    <tag k="name:uk" v="Володимирська вулиця"/>
    <tag k="name:uk-Latn" v="Volodymyrska vulytsia"/>
    <tag k="old_name:de" v="Wladimirsskaja-Straße"/>
    <tag k="surface" v="sett"/>
    <tag k="wikidata" v="Q3400240"/>
    <tag k="wikipedia" v="uk:Володимирська вулиця (Київ)"/>
  </way>
  <way id="322777345">
    <nd ref="3295629159"/>
    <nd ref="3295633461"/>
    <nd ref="9183500117"/>
    <nd ref="4969053640"/>
    <tag k="check_date" v="2025-05-11"/>
    <tag k="crossing" v="uncontrolled"/>
    <tag k="crossing:island" v="no"/>
    <tag k="crossing:markings" v="yes"/>
    <tag k="flashing_lights" v="always"/>
    <tag k="footway" v="crossing"/>
    <tag k="highway" v="footway"/>
    <tag k="smoothness" v="intermediate"/>
    <tag k="surface" v="sett"/>
  </way>
  <way id="322777485">
    <nd ref="3733176289"/>
    <nd ref="12186394404"/>
    <tag k="cycleway:both" v="no"/>
    <tag k="highway" v="secondary"/>
    <tag k="lane_markings" v="yes"/>
    <tag k="lanes" v="6"/>
    <tag k="lanes:backward" v="3"/>
    <tag k="lanes:forward" v="3"/>
    <tag k="lit" v="yes"/>
    <tag k="maxspeed" v="50"/>
    <tag k="name" v="Володимирська вулиця"/>
    <tag k="name:de" v="Wolodymyr-Straße"/>
    <tag k="name:en" v="Volodymyrska Street"/>
    <tag k="name:es" v="Calle Volodymyrska"/>
    <tag k="name:etymology" v="Володимир Великий"/>
    <tag k="name:etymology:wikidata" v="Q14974"/>
    <tag k="name:etymology:wikipedia" v="uk:Володимир Святославич"/>
    <tag k="name:fr" v="Rue Volodymyrska"/>
    <tag k="name:it" v="Via Volodymyrs'ka"/>
    <tag k="name:pl" v="ulica Włodzimierska"/>
    <tag k="name:uk" v="Володимирська вулиця"/>
    <tag k="name:uk-Latn" v="Volodymyrska vulytsia"/>
    <tag k="old_name:de" v="Wladimirsskaja-Straße"/>
    <tag k="parking:left" v="no"/>
    <tag k="parking:right" v="on_kerb"/>
    <tag k="parking:right:orientation" v="diagonal"/>
    <tag k="surface" v="sett"/>
    <tag k="wikidata" v="Q3400240"/>
    <tag k="wikipedia" v="uk:Володимирська вулиця (Київ)"/>
  </way>
  <way id="322777528">
    <nd ref="3150078731"/>
    <nd ref="3733176289"/>
    <tag k="cycleway:both" v="no"/>
    <tag k="highway" v="secondary"/>
    <tag k="lane_markings" v="yes"/>
    <tag k="lanes" v="6"/>
    <tag k="lanes:backward" v="3"/>
    <tag k="lanes:forward" v="3"/>
    <tag k="lit" v="yes"/>
    <tag k="maxspeed" v="50"/>
    <tag k="name" v="Володимирська вулиця"/>
    <tag k="name:de" v="Wolodymyr-Straße"/>
    <tag k="name:en" v="Volodymyrska Street"/>
    <tag k="name:es" v="Calle Volodymyrska"/>
    <tag k="name:etymology" v="Володимир Великий"/>
    <tag k="name:etymology:wikidata" v="Q14974"/>
    <tag k="name:etymology:wikipedia" v="uk:Володимир Святославич"/>
    <tag k="name:fr" v="Rue Volodymyrska"/>
    <tag k="name:it" v="Via Volodymyrs'ka"/>
    <tag k="name:pl" v="ulica Włodzimierska"/>
    <tag k="name:uk" v="Володимирська вулиця"/>
    <tag k="name:uk-Latn" v="Volodymyrska vulytsia"/>
    <tag k="old_name:de" v="Wladimirsskaja-Straße"/>
    <tag k="parking:left" v="no"/>
    <tag k="parking:right" v="on_kerb"/>
    <tag k="parking:right:orientation" v="diagonal"/>
    <tag k="surface" v="sett"/>
    <tag k="wikidata" v="Q3400240"/>
    <tag k="wikipedia" v="uk:Володимирська вулиця (Київ)"/>
  </way>
  <way id="322777578">
    <nd ref="259159999"/>
    <nd ref="3421744178"/>
    <tag k="cycleway:both" v="no"/>
    <tag k="highway" v="secondary"/>
    <tag k="lane_markings" v="yes"/>
    <tag k="lanes" v="6"/>
    <tag k="lanes:backward" v="3"/>
    <tag k="lanes:forward" v="3"/>
    <tag k="maxspeed" v="50"/>
    <tag k="name" v="Володимирська вулиця"/>
    <tag k="name:de" v="Wolodymyr-Straße"/>
    <tag k="name:en" v="Volodymyrska Street"/>
    <tag k="name:es" v="Calle Volodymyrska"/>
    <tag k="name:etymology" v="Володимир Великий"/>
    <tag k="name:etymology:wikidata" v="Q14974"/>
    <tag k="name:etymology:wikipedia" v="uk:Володимир Святославич"/>
    <tag k="name:fr" v="Rue Volodymyrska"/>
    <tag k="name:it" v="Via Volodymyrs'ka"/>
    <tag k="name:pl" v="ulica Włodzimierska"/>
    <tag k="name:uk" v="Володимирська вулиця"/>
    <tag k="name:uk-Latn" v="Volodymyrska vulytsia"/>
    <tag k="old_name:de" v="Wladimirsskaja-Straße"/>
    <tag k="surface" v="sett"/>
    <tag k="wikidata" v="Q3400240"/>
    <tag k="wikipedia" v="uk:Володимирська вулиця (Київ)"/>
  </way>
  <way id="322777631">
    <nd ref="26201280"/>
    <nd ref="1284382962"/>
    <nd ref="12647785859"/>
    <tag k="cycleway:both" v="no"/>
    <tag k="highway" v="secondary"/>
    <tag k="lane_markings" v="yes"/>
    <tag k="lanes" v="4"/>
    <tag k="name" v="Володимирська вулиця"/>
    <tag k="name:de" v="Wolodymyr-Straße"/>
    <tag k="name:en" v="Volodymyrska Street"/>
    <tag k="name:es" v="Calle Volodymyrska"/>
    <tag k="name:etymology" v="Володимир Великий"/>
    <tag k="name:etymology:wikidata" v="Q14974"/>
    <tag k="name:etymology:wikipedia" v="uk:Володимир Святославич"/>
    <tag k="name:fr" v="Rue Volodymyrska"/>
    <tag k="name:it" v="Via Volodymyrs'ka"/>
    <tag k="name:pl" v="ulica Włodzimierska"/>
    <tag k="name:ru" v="Владимирская улица"/>
    <tag k="name:uk" v="Володимирська вулиця"/>
    <tag k="name:uk-Latn" v="Volodymyrska vulytsia"/>
    <tag k="old_name:de" v="Wladimirsskaja-Straße"/>
    <tag k="surface" v="sett"/>
    <tag k="wikidata" v="Q3400240"/>
    <tag k="wikipedia" v="uk:Володимирська вулиця (Київ)"/>
  </way>
  <way id="322890139">
    <nd ref="3296802897"/>
    <nd ref="3296802896"/>
    <tag k="highway" v="service"/>
    <tag k="service" v="driveway"/>
    <tag k="surface" v="asphalt"/>
    <tag k="tunnel" v="building_passage"/>
  </way>
  <way id="322890140">
    <nd ref="3296802896"/>
    <nd ref="3540209690"/>
    <nd ref="2438865431"/>
    <nd ref="11227243116"/>
    <nd ref="5028802917"/>
    <tag k="highway" v="service"/>
    <tag k="service" v="driveway"/>
    <tag k="surface" v="asphalt"/>
  </way>
  <way id="322890141">
    <nd ref="3296802902"/>
    <nd ref="3296802901"/>
    <tag k="highway" v="service"/>
    <tag k="maxspeed" v="20"/>
    <tag k="oneway" v="no"/>
    <tag k="surface" v="paving_stones"/>
  </way>
  <way id="322890142">
    <nd ref="3296802900"/>
    <nd ref="3296802902"/>
    <tag k="highway" v="service"/>
    <tag k="maxheight" v="below_default"/>
    <tag k="maxspeed" v="20"/>
    <tag k="surface" v="paving_stones"/>
    <tag k="tunnel" v="building_passage"/>
  </way>
  <way id="322890143">
    <nd ref="3296802898"/>
    <nd ref="3296802899"/>
    <nd ref="3296802900"/>
    <tag k="highway" v="service"/>
    <tag k="maxspeed" v="20"/>
    <tag k="surface" v="asphalt"/>
  </way>
  <way id="323012596">
    <nd ref="3298087225"/>
    <nd ref="8888526010"/>
    <tag k="highway" v="service"/>
    <tag k="maxspeed" v="20"/>
    <tag k="surface" v="asphalt"/>
    <tag k="tunnel" v="building_passage"/>
  </way>
  <way id="323012597">
    <nd ref="3298087224"/>
    <nd ref="3298087223"/>
    <tag k="highway" v="service"/>
    <tag k="maxspeed" v="20"/>
    <tag k="surface" v="sett"/>
  </way>
  <way id="323012598">
    <nd ref="3298087223"/>
    <nd ref="3298087222"/>
    <nd ref="3296802901"/>
    <tag k="highway" v="footway"/>
    <tag k="surface" v="paving_stones"/>
  </way>
  <way id="323012599">
    <nd ref="2438865448"/>
    <nd ref="2438865444"/>
    <nd ref="3537694840"/>
    <nd ref="3537694838"/>
    <nd ref="2438865442"/>
    <tag k="highway" v="footway"/>
    <tag k="lit" v="no"/>
    <tag k="surface" v="asphalt"/>
  </way>
  <way id="326513430">
    <nd ref="7990335908"/>
    <nd ref="7990326530"/>
    <nd ref="3331633604"/>
    <nd ref="3331633598"/>
    <nd ref="7990326519"/>
    <nd ref="7613088261"/>
    <nd ref="7990326523"/>
    <nd ref="7990326522"/>
    <nd ref="7990326520"/>
    <nd ref="7990326521"/>
    <nd ref="3331633606"/>
    <nd ref="3331633600"/>
    <tag k="highway" v="footway"/>
    <tag k="surface" v="paving_stones"/>
  </way>
  <way id="326513431">
    <nd ref="3331633601"/>
    <nd ref="3731774867"/>
    <nd ref="3331633602"/>
    <tag k="highway" v="footway"/>
    <tag k="surface" v="paving_stones"/>
  </way>
  <way id="326513434">
    <nd ref="3331633605"/>
    <nd ref="3731774867"/>
    <nd ref="7990326549"/>
    <nd ref="7990326548"/>
    <nd ref="7990326547"/>
    <nd ref="3331633606"/>
    <tag k="highway" v="footway"/>
    <tag k="surface" v="paving_stones"/>
  </way>
  <way id="327473674">
    <nd ref="12019755656"/>
    <nd ref="3342628897"/>
    <nd ref="3342628898"/>
    <nd ref="12019755653"/>
    <nd ref="3342628899"/>
    <nd ref="3342628900"/>
    <nd ref="12531308184"/>
    <nd ref="3342628901"/>
    <nd ref="12336959077"/>
    <nd ref="13673837981"/>
    <nd ref="13673837982"/>
    <nd ref="12336959076"/>
    <tag k="access" v="permit"/>
    <tag k="highway" v="service"/>
    <tag k="maxspeed" v="20"/>
    <tag k="oneway" v="no"/>
    <tag k="service" v="driveway"/>
    <tag k="surface" v="asphalt"/>
  </way>
  <way id="327473676">
    <nd ref="12035354766"/>
    <nd ref="12112236245"/>
    <nd ref="12136147651"/>
    <nd ref="12136147666"/>
    <nd ref="11980254388"/>
    <tag k="access" v="permissive"/>
    <tag k="bicycle" v="permissive"/>
    <tag k="check_date" v="2025-05-17"/>
    <tag k="foot" v="permissive"/>
    <tag k="highway" v="service"/>
    <tag k="horse" v="no"/>
    <tag k="living_street" v="yes"/>
    <tag k="maxspeed" v="20"/>
    <tag k="motor_vehicle" v="permit"/>
    <tag k="oneway" v="no"/>
    <tag k="service" v="driveway"/>
    <tag k="smoothness" v="excellent"/>
    <tag k="surface" v="asphalt"/>
  </way>
  <way id="329931609">
    <nd ref="3384027169"/>
    <nd ref="10991580361"/>
    <tag k="handrail" v="no"/>
    <tag k="highway" v="steps"/>
    <tag k="incline" v="down"/>
    <tag k="ramp" v="no"/>
    <tag k="step_count" v="6"/>
    <tag k="surface" v="paving_stones"/>
  </way>
  <way id="331341174">
    <nd ref="3384027151"/>
    <nd ref="3384027152"/>
    <nd ref="3384027153"/>
    <nd ref="3384027154"/>
    <nd ref="3384027155"/>
    <nd ref="3384027156"/>
    <nd ref="3384027157"/>
    <nd ref="2705686512"/>
    <nd ref="3384027158"/>
    <nd ref="3384027142"/>
    <nd ref="3384027143"/>
    <nd ref="3384027145"/>
    <nd ref="3384027146"/>
    <nd ref="3384027147"/>
    <nd ref="3384027148"/>
    <nd ref="3384027149"/>
    <nd ref="3384027150"/>
    <nd ref="2705686490"/>
    <nd ref="3384027144"/>
    <nd ref="3384027151"/>
    <tag k="area" v="yes"/>
    <tag k="covered" v="yes"/>
    <tag k="highway" v="pedestrian"/>
    <tag k="layer" v="-1"/>
    <tag k="tunnel" v="yes"/>
  </way>
  <way id="331341175">
    <nd ref="9520508692"/>
    <nd ref="9520508691"/>
    <tag k="foot" v="yes"/>
    <tag k="handrail" v="no"/>
    <tag k="highway" v="steps"/>
    <tag k="horse" v="no"/>
    <tag k="incline" v="up"/>
    <tag k="lit" v="yes"/>
    <tag k="ramp" v="no"/>
    <tag k="step_count" v="4"/>
    <tag k="surface" v="paving_stones"/>
  </way>
  <way id="331341176">
    <nd ref="9520508691"/>
    <nd ref="9520508706"/>
    <nd ref="3541551461"/>
    <nd ref="9520508713"/>
    <nd ref="9520508617"/>
    <nd ref="3541551479"/>
    <nd ref="3541551485"/>
    <nd ref="3541551482"/>
    <nd ref="1013470271"/>
    <nd ref="3541551481"/>
    <nd ref="9520505710"/>
    <nd ref="3541551484"/>
    <nd ref="9520505712"/>
    <nd ref="9520508626"/>
    <nd ref="9520505650"/>
    <nd ref="9520505677"/>
    <nd ref="9520508692"/>
    <tag k="foot" v="yes"/>
    <tag k="highway" v="footway"/>
    <tag k="horse" v="no"/>
    <tag k="surface" v="paving_stones"/>
  </way>
  <way id="331341177">
    <nd ref="9520508705"/>
    <nd ref="9520505645"/>
    <nd ref="9520508704"/>
    <tag k="foot" v="yes"/>
    <tag k="handrail" v="no"/>
    <tag k="highway" v="steps"/>
    <tag k="horse" v="no"/>
    <tag k="incline" v="down"/>
    <tag k="lit" v="no"/>
    <tag k="ramp" v="no"/>
    <tag k="step_count" v="19"/>
    <tag k="surface" v="paving_stones"/>
  </way>
  <way id="335044887">
    <nd ref="3421744163"/>
    <nd ref="13694788244"/>
    <nd ref="1614315049"/>
    <nd ref="259160188"/>
    <nd ref="259160198"/>
    <nd ref="9974815371"/>
    <nd ref="2667708394"/>
    <tag k="foot" v="yes"/>
    <tag k="highway" v="service"/>
    <tag k="service" v="driveway"/>
    <tag k="surface" v="asphalt"/>
  </way>
  <way id="335044890">
    <nd ref="12647785863"/>
    <nd ref="3421744176"/>
    <nd ref="3421744177"/>
    <nd ref="12176060774"/>
    <nd ref="5936247866"/>
    <nd ref="5936247867"/>
    <tag k="highway" v="service"/>
    <tag k="service" v="driveway"/>
    <tag k="surface" v="asphalt"/>
  </way>
  <way id="335044891">
    <nd ref="3421744179"/>
    <nd ref="3421744180"/>
    <tag k="highway" v="service"/>
    <tag k="surface" v="asphalt"/>
  </way>
  <way id="335044892">
    <nd ref="3421744184"/>
    <nd ref="3421744183"/>
    <tag k="foot" v="yes"/>
    <tag k="highway" v="service"/>
    <tag k="surface" v="asphalt"/>
    <tag k="tunnel" v="building_passage"/>
  </way>
  <way id="335044893">
    <nd ref="3421744183"/>
    <nd ref="384751107"/>
    <nd ref="1662636986"/>
    <nd ref="10271985812"/>
    <nd ref="3421744175"/>
    <tag k="foot" v="yes"/>
    <tag k="highway" v="service"/>
    <tag k="surface" v="asphalt"/>
  </way>
  <way id="343785800">
    <nd ref="2318844193"/>
    <nd ref="2318844190"/>
    <nd ref="8323026137"/>
    <nd ref="2318844188"/>
    <nd ref="2318844186"/>
    <nd ref="2318844183"/>
    <nd ref="2318844182"/>
    <nd ref="3506121927"/>
    <nd ref="2318844179"/>
    <tag k="highway" v="footway"/>
    <tag k="source" v="Bing"/>
  </way>
  <way id="343785801">
    <nd ref="3506121782"/>
    <nd ref="3506121783"/>
    <tag k="highway" v="service"/>
    <tag k="maxspeed" v="20"/>
    <tag k="service" v="driveway"/>
    <tag k="tunnel" v="building_passage"/>
  </way>
  <way id="343785802">
    <nd ref="3506121921"/>
    <nd ref="3506121919"/>
    <tag k="highway" v="steps"/>
    <tag k="incline" v="up"/>
    <tag k="ramp" v="no"/>
    <tag k="step_count" v="3"/>
  </way>
  <way id="343785804">
    <nd ref="3506121791"/>
    <nd ref="3506121790"/>
    <tag k="highway" v="service"/>
    <tag k="tunnel" v="building_passage"/>
  </way>
  <way id="343785806">
    <nd ref="1329743336"/>
    <nd ref="3506121896"/>
    <tag k="highway" v="footway"/>
    <tag k="tunnel" v="building_passage"/>
  </way>
  <way id="343785807">
    <nd ref="3506121933"/>
    <nd ref="3506121916"/>
    <tag k="highway" v="footway"/>
    <tag k="lit" v="yes"/>
  </way>
  <way id="343785809">
    <nd ref="3506121779"/>
    <nd ref="3506121782"/>
    <tag k="highway" v="service"/>
    <tag k="maxspeed" v="20"/>
    <tag k="service" v="driveway"/>
    <tag k="surface" v="asphalt"/>
  </way>
  <way id="343785810">
    <nd ref="3506121893"/>
    <nd ref="3506121792"/>
    <nd ref="3506121791"/>
    <tag k="highway" v="service"/>
    <tag k="surface" v="paving_stones"/>
  </way>
  <way id="343785811">
    <nd ref="3506121783"/>
    <nd ref="3506121784"/>
    <nd ref="3506121785"/>
    <tag k="highway" v="service"/>
    <tag k="maxspeed" v="20"/>
    <tag k="service" v="driveway"/>
    <tag k="surface" v="paving_stones"/>
  </way>
  <way id="343785812">
    <nd ref="3506121896"/>
    <nd ref="3506121899"/>
    <nd ref="2318844177"/>
    <tag k="highway" v="footway"/>
    <tag k="lit" v="yes"/>
  </way>
  <way id="343785813">
    <nd ref="1475421040"/>
    <nd ref="3506121772"/>
    <nd ref="8045589160"/>
    <tag k="crossing" v="uncontrolled"/>
    <tag k="crossing:island" v="no"/>
    <tag k="crossing:markings" v="zebra"/>
    <tag k="footway" v="crossing"/>
    <tag k="highway" v="footway"/>
    <tag k="surface" v="sett"/>
  </way>
  <way id="343785814">
    <nd ref="648544403"/>
    <nd ref="11227243108"/>
    <nd ref="3506121776"/>
    <nd ref="3506782012"/>
    <nd ref="3506782016"/>
    <tag k="highway" v="service"/>
  </way>
  <way id="343785815">
    <nd ref="3506121775"/>
    <nd ref="3506121777"/>
    <nd ref="3506121778"/>
    <tag k="button_operated" v="no"/>
    <tag k="check_date" v="2025-05-12"/>
    <tag k="crossing" v="traffic_signals"/>
    <tag k="crossing:island" v="no"/>
    <tag k="crossing:markings" v="zebra"/>
    <tag k="footway" v="crossing"/>
    <tag k="highway" v="footway"/>
    <tag k="smoothness" v="intermediate"/>
    <tag k="surface" v="sett"/>
    <tag k="traffic_signals:countdown" v="yes"/>
    <tag k="traffic_signals:sound" v="no"/>
    <tag k="traffic_signals:vibration" v="no"/>
  </way>
  <way id="343785816">
    <nd ref="3506121894"/>
    <nd ref="3506121895"/>
    <nd ref="1329743336"/>
    <tag k="highway" v="service"/>
  </way>
  <way id="343785817">
    <nd ref="3506121778"/>
    <nd ref="3506121895"/>
    <nd ref="8323026139"/>
    <nd ref="1751045570"/>
    <tag k="footway" v="sidewalk"/>
    <tag k="highway" v="footway"/>
    <tag k="lit" v="yes"/>
    <tag k="surface" v="paving_stones"/>
  </way>
  <way id="343785818">
    <nd ref="3506121907"/>
    <nd ref="3506121906"/>
    <nd ref="3506121905"/>
    <tag k="highway" v="service"/>
    <tag k="surface" v="paving_stones"/>
  </way>
  <way id="343785819">
    <nd ref="3506121954"/>
    <nd ref="2318844202"/>
    <nd ref="8057492661"/>
    <nd ref="2318844194"/>
    <nd ref="2318844193"/>
    <nd ref="8051564628"/>
    <nd ref="8051564630"/>
    <nd ref="3506121940"/>
    <tag k="highway" v="service"/>
    <tag k="source" v="Bing"/>
    <tag k="surface" v="cobblestone"/>
  </way>
  <way id="343785820">
    <nd ref="3506121938"/>
    <nd ref="2318844184"/>
    <nd ref="8323026136"/>
    <nd ref="2318844183"/>
    <nd ref="3506121925"/>
    <nd ref="3506121921"/>
    <tag k="highway" v="footway"/>
  </way>
  <way id="343785821">
    <nd ref="2318844186"/>
    <nd ref="4323161090"/>
    <nd ref="3506121935"/>
    <nd ref="3506121925"/>
    <nd ref="3506121917"/>
    <nd ref="8051568378"/>
    <nd ref="3506121924"/>
    <nd ref="3506121927"/>
    <tag k="highway" v="footway"/>
  </way>
  <way id="343785822">
    <nd ref="4102356988"/>
    <nd ref="3831052071"/>
    <nd ref="3831052069"/>
    <nd ref="12238340581"/>
    <nd ref="3831052068"/>
    <nd ref="3506121922"/>
    <nd ref="3506121906"/>
    <nd ref="3506121792"/>
    <nd ref="3506121784"/>
    <nd ref="3506121775"/>
    <nd ref="3506121773"/>
    <tag k="footway" v="sidewalk"/>
    <tag k="highway" v="footway"/>
    <tag k="surface" v="paving_stones"/>
  </way>
  <way id="343893224">
    <nd ref="3506782023"/>
    <nd ref="3506121786"/>
    <tag k="highway" v="service"/>
  </way>
  <way id="343893225">
    <nd ref="3506782016"/>
    <nd ref="3506782020"/>
    <nd ref="3506782023"/>
    <tag k="highway" v="service"/>
    <tag k="tunnel" v="building_passage"/>
  </way>
  <way id="343893226">
    <nd ref="1475421049"/>
    <nd ref="3506782007"/>
    <nd ref="11227243109"/>
    <nd ref="3506782008"/>
    <tag k="button_operated" v="no"/>
    <tag k="check_date" v="2025-05-12"/>
    <tag k="crossing" v="traffic_signals"/>
    <tag k="crossing:island" v="no"/>
    <tag k="crossing:markings" v="zebra"/>
    <tag k="footway" v="crossing"/>
    <tag k="highway" v="footway"/>
    <tag k="smoothness" v="intermediate"/>
    <tag k="surface" v="sett"/>
    <tag k="traffic_signals:countdown" v="yes"/>
    <tag k="traffic_signals:sound" v="no"/>
    <tag k="traffic_signals:vibration" v="no"/>
  </way>
  <way id="343893227">
    <nd ref="9520505714"/>
    <nd ref="9520505715"/>
    <nd ref="3295639287"/>
    <nd ref="9524816676"/>
    <nd ref="9524816677"/>
    <nd ref="9524816678"/>
    <tag k="check_date" v="2025-05-12"/>
    <tag k="crossing" v="uncontrolled"/>
    <tag k="crossing:island" v="no"/>
    <tag k="crossing:markings" v="zebra"/>
    <tag k="foot" v="yes"/>
    <tag k="footway" v="crossing"/>
    <tag k="highway" v="footway"/>
    <tag k="lit" v="yes"/>
    <tag k="smoothness" v="excellent"/>
    <tag k="surface" v="asphalt"/>
  </way>
  <way id="343893228">
    <nd ref="648544337"/>
    <nd ref="12486815591"/>
    <nd ref="3506782021"/>
    <nd ref="7653217987"/>
    <nd ref="3506782014"/>
    <nd ref="7653218076"/>
    <nd ref="3506782012"/>
    <nd ref="3506782009"/>
    <tag k="highway" v="footway"/>
  </way>
  <way id="343893229">
    <nd ref="12504222951"/>
    <nd ref="3506121776"/>
    <nd ref="7653191378"/>
    <nd ref="7653191379"/>
    <nd ref="6934807694"/>
    <tag k="footway" v="sidewalk"/>
    <tag k="highway" v="footway"/>
  </way>
  <way id="347369167">
    <nd ref="3537025332"/>
    <nd ref="3537025346"/>
    <tag k="highway" v="footway"/>
    <tag k="surface" v="asphalt"/>
    <tag k="tunnel" v="building_passage"/>
  </way>
  <way id="347369168">
    <nd ref="3537025384"/>
    <nd ref="4969053735"/>
    <tag k="highway" v="steps"/>
    <tag k="incline" v="down"/>
    <tag k="step_count" v="3"/>
  </way>
  <way id="347369170">
    <nd ref="3506782005"/>
    <nd ref="4969053732"/>
    <tag k="handrail" v="no"/>
    <tag k="highway" v="steps"/>
    <tag k="incline" v="down"/>
    <tag k="step_count" v="3"/>
  </way>
  <way id="347369171">
    <nd ref="3537025352"/>
    <nd ref="3537025345"/>
    <tag k="highway" v="footway"/>
  </way>
  <way id="347369172">
    <nd ref="3537025701"/>
    <nd ref="3537025383"/>
    <tag k="highway" v="footway"/>
    <tag k="lit" v="no"/>
    <tag k="surface" v="asphalt"/>
    <tag k="tunnel" v="building_passage"/>
  </way>
  <way id="347369173">
    <nd ref="3799277490"/>
    <nd ref="3537025327"/>
    <nd ref="3537025323"/>
    <tag k="highway" v="footway"/>
  </way>
  <way id="347369174">
    <nd ref="9524816694"/>
    <nd ref="9524816699"/>
    <nd ref="9524816695"/>
    <nd ref="9524816697"/>
    <nd ref="3537025331"/>
    <nd ref="3537025329"/>
    <nd ref="9524816691"/>
    <tag k="highway" v="service"/>
  </way>
  <way id="347369175">
    <nd ref="3537025352"/>
    <nd ref="2758058498"/>
    <tag k="handrail" v="yes"/>
    <tag k="highway" v="steps"/>
    <tag k="incline" v="down"/>
    <tag k="lit" v="yes"/>
    <tag k="ramp" v="no"/>
    <tag k="step_count" v="12"/>
    <tag k="surface" v="metal"/>
  </way>
  <way id="347369178">
    <nd ref="9524816691"/>
    <nd ref="3537025324"/>
    <tag k="highway" v="service"/>
    <tag k="tunnel" v="building_passage"/>
  </way>
  <way id="347369180">
    <nd ref="2758058498"/>
    <nd ref="2438865443"/>
    <tag k="highway" v="footway"/>
    <tag k="lit" v="yes"/>
    <tag k="surface" v="asphalt"/>
  </way>
  <way id="347369181">
    <nd ref="3537025706"/>
    <nd ref="4969053734"/>
    <tag k="highway" v="steps"/>
    <tag k="incline" v="down"/>
    <tag k="step_count" v="2"/>
  </way>
  <way id="347369182">
    <nd ref="3537025363"/>
    <nd ref="4969053736"/>
    <tag k="handrail" v="no"/>
    <tag k="highway" v="steps"/>
    <tag k="incline" v="down"/>
    <tag k="ramp" v="no"/>
    <tag k="step_count" v="5"/>
    <tag k="surface" v="paving_stones"/>
  </way>
  <way id="347369183">
    <nd ref="3537025317"/>
    <nd ref="3537025315"/>
    <tag k="highway" v="footway"/>
    <tag k="surface" v="paving_stones"/>
  </way>
  <way id="347369184">
    <nd ref="8045589153"/>
    <nd ref="6570460357"/>
    <nd ref="9516743648"/>
    <tag k="crossing" v="uncontrolled"/>
    <tag k="crossing:island" v="no"/>
    <tag k="crossing:markings" v="zebra"/>
    <tag k="footway" v="crossing"/>
    <tag k="highway" v="footway"/>
    <tag k="surface" v="asphalt"/>
  </way>
  <way id="347369185">
    <nd ref="8045589160"/>
    <nd ref="2683070584"/>
    <nd ref="8045589153"/>
    <tag k="foot" v="private"/>
    <tag k="footway" v="sidewalk"/>
    <tag k="highway" v="footway"/>
    <tag k="surface" v="paving_stones"/>
  </way>
  <way id="347369186">
    <nd ref="3537025383"/>
    <nd ref="2438865443"/>
    <nd ref="2758058501"/>
    <tag k="highway" v="footway"/>
    <tag k="surface" v="asphalt"/>
  </way>
  <way id="347369188">
    <nd ref="12486994227"/>
    <nd ref="12486994226"/>
    <tag k="covered" v="yes"/>
    <tag k="footway" v="sidewalk"/>
    <tag k="highway" v="footway"/>
    <tag k="surface" v="wood"/>
  </way>
  <way id="347369189">
    <nd ref="3537025324"/>
    <nd ref="9524816690"/>
    <nd ref="9524816688"/>
    <nd ref="3537025320"/>
    <tag k="highway" v="service"/>
    <tag k="surface" v="asphalt"/>
  </way>
  <way id="347369190">
    <nd ref="3537025390"/>
    <nd ref="3537025362"/>
    <nd ref="3537025344"/>
    <nd ref="5151983587"/>
    <tag k="highway" v="service"/>
    <tag k="maxspeed" v="20"/>
    <tag k="surface" v="asphalt"/>
  </way>
  <way id="347369191">
    <nd ref="3537025322"/>
    <nd ref="3537025325"/>
    <nd ref="2683070584"/>
    <nd ref="3537025330"/>
    <tag k="highway" v="service"/>
    <tag k="service" v="driveway"/>
    <tag k="surface" v="paving_stones"/>
  </way>
  <way id="347369192">
    <nd ref="2758058501"/>
    <nd ref="2758058503"/>
    <nd ref="2438865442"/>
    <nd ref="3537025351"/>
    <nd ref="3537025344"/>
    <tag k="highway" v="service"/>
    <tag k="maxspeed" v="20"/>
    <tag k="surface" v="asphalt"/>
  </way>
  <way id="347369193">
    <nd ref="2438865436"/>
    <nd ref="2438865434"/>
    <nd ref="11630416988"/>
    <nd ref="2438865432"/>
    <tag k="highway" v="service"/>
    <tag k="lit" v="no"/>
    <tag k="motor_vehicle" v="private"/>
    <tag k="service" v="parking_aisle"/>
    <tag k="surface" v="asphalt"/>
  </way>
  <way id="347764134">
    <nd ref="9524819904"/>
    <nd ref="9524816698"/>
    <nd ref="9524816693"/>
    <nd ref="9524816696"/>
    <nd ref="3540212097"/>
    <nd ref="9524816694"/>
    <tag k="highway" v="service"/>
  </way>
  <way id="347764135">
    <nd ref="9524819904"/>
    <nd ref="3540212101"/>
    <tag k="highway" v="service"/>
    <tag k="tunnel" v="building_passage"/>
  </way>
  <way id="347764136">
    <nd ref="3540209657"/>
    <nd ref="9524816634"/>
    <tag k="handrail" v="yes"/>
    <tag k="highway" v="steps"/>
    <tag k="incline" v="down"/>
    <tag k="ramp" v="yes"/>
    <tag k="ramp:stroller" v="yes"/>
    <tag k="step_count" v="9"/>
    <tag k="surface" v="paving_stones"/>
  </way>
  <way id="347764137">
    <nd ref="3540209668"/>
    <nd ref="9524816633"/>
    <tag k="handrail" v="yes"/>
    <tag k="highway" v="steps"/>
    <tag k="incline" v="down"/>
    <tag k="ramp" v="yes"/>
    <tag k="ramp:stroller" v="yes"/>
    <tag k="step_count" v="9"/>
    <tag k="surface" v="paving_stones"/>
  </way>
  <way id="347764138">
    <nd ref="3540212095"/>
    <nd ref="3540212094"/>
    <tag k="handrail" v="no"/>
    <tag k="highway" v="steps"/>
    <tag k="incline" v="down"/>
    <tag k="ramp" v="no"/>
    <tag k="step_count" v="5"/>
    <tag k="surface" v="paving_stones"/>
  </way>
  <way id="347764139">
    <nd ref="9524816689"/>
    <nd ref="3540212119"/>
    <tag k="highway" v="service"/>
  </way>
  <way id="347764140">
    <nd ref="599620106"/>
    <nd ref="4969053730"/>
    <tag k="highway" v="footway"/>
  </way>
  <way id="347764141">
    <nd ref="1314422055"/>
    <nd ref="7653225992"/>
    <tag k="highway" v="steps"/>
    <tag k="incline" v="down"/>
    <tag k="step_count" v="3"/>
  </way>
  <way id="347764142">
    <nd ref="3540212125"/>
    <nd ref="9524816689"/>
    <tag k="highway" v="service"/>
    <tag k="tunnel" v="building_passage"/>
  </way>
  <way id="347764143">
    <nd ref="3540212129"/>
    <nd ref="9524819843"/>
    <nd ref="9524819846"/>
    <nd ref="3540212125"/>
    <tag k="highway" v="service"/>
  </way>
  <way id="347764144">
    <nd ref="3540209666"/>
    <nd ref="3540209661"/>
    <nd ref="3540209660"/>
    <tag k="highway" v="footway"/>
    <tag k="lit" v="no"/>
    <tag k="surface" v="asphalt"/>
  </way>
  <way id="347764145">
    <nd ref="3540209690"/>
    <nd ref="3540209674"/>
    <nd ref="3540209661"/>
    <tag k="highway" v="footway"/>
    <tag k="lit" v="no"/>
    <tag k="surface" v="asphalt"/>
  </way>
  <way id="347764146">
    <nd ref="3540212167"/>
    <nd ref="3540212161"/>
    <nd ref="4430908183"/>
    <nd ref="11227243106"/>
    <nd ref="3540212160"/>
    <tag k="highway" v="service"/>
    <tag k="surface" v="asphalt"/>
  </way>
  <way id="347764147">
    <nd ref="3540212107"/>
    <nd ref="9524819894"/>
    <nd ref="9524819848"/>
    <nd ref="3540212106"/>
    <nd ref="3540212101"/>
    <tag k="highway" v="service"/>
    <tag k="surface" v="paving_stones"/>
  </way>
  <way id="347764148">
    <nd ref="3540209681"/>
    <nd ref="9524819842"/>
    <nd ref="9524819845"/>
    <nd ref="3540209679"/>
    <nd ref="3540209677"/>
    <tag k="highway" v="service"/>
    <tag k="surface" v="asphalt"/>
  </way>
  <way id="347764149">
    <nd ref="3540209680"/>
    <nd ref="3540209676"/>
    <nd ref="3540209674"/>
    <nd ref="3540209672"/>
    <nd ref="11227243115"/>
    <nd ref="3540209671"/>
    <tag k="highway" v="service"/>
    <tag k="service" v="driveway"/>
    <tag k="surface" v="asphalt"/>
  </way>
  <way id="347942663">
    <nd ref="1662636989"/>
    <nd ref="1005420921"/>
    <tag k="highway" v="footway"/>
  </way>
  <way id="347942664">
    <nd ref="9520508618"/>
    <nd ref="9520508617"/>
    <tag k="highway" v="footway"/>
    <tag k="surface" v="paving_stones"/>
  </way>
  <way id="347942665">
    <nd ref="9520508797"/>
    <nd ref="9520508796"/>
    <tag k="check_date:ramp" v="2021-01-30"/>
    <tag k="foot" v="yes"/>
    <tag k="handrail" v="yes"/>
    <tag k="highway" v="steps"/>
    <tag k="incline" v="up"/>
    <tag k="lit" v="yes"/>
    <tag k="ramp" v="no"/>
    <tag k="step_count" v="5"/>
    <tag k="surface" v="paving_stones"/>
  </way>
  <way id="347942666">
    <nd ref="9520508794"/>
    <nd ref="9520508795"/>
    <tag k="foot" v="yes"/>
    <tag k="handrail" v="yes"/>
    <tag k="highway" v="steps"/>
    <tag k="incline" v="down"/>
    <tag k="lit" v="yes"/>
    <tag k="ramp" v="yes"/>
    <tag k="ramp:stroller" v="yes"/>
    <tag k="step_count" v="3"/>
    <tag k="surface" v="paving_stones"/>
  </way>
  <way id="347942667">
    <nd ref="9520508799"/>
    <nd ref="9520508798"/>
    <tag k="check_date:ramp" v="2021-01-30"/>
    <tag k="foot" v="yes"/>
    <tag k="handrail" v="yes"/>
    <tag k="highway" v="steps"/>
    <tag k="incline" v="up"/>
    <tag k="lit" v="yes"/>
    <tag k="ramp" v="no"/>
    <tag k="step_count" v="6"/>
    <tag k="surface" v="paving_stones"/>
  </way>
  <way id="347942668">
    <nd ref="3541551451"/>
    <nd ref="3541551454"/>
    <tag k="highway" v="footway"/>
    <tag k="lit" v="yes"/>
    <tag k="surface" v="paving_stones"/>
  </way>
  <way id="347942669">
    <nd ref="3541551427"/>
    <nd ref="3541551428"/>
    <tag k="highway" v="service"/>
    <tag k="maxspeed" v="20"/>
    <tag k="oneway" v="no"/>
    <tag k="surface" v="asphalt"/>
    <tag k="tunnel" v="building_passage"/>
  </way>
  <way id="347942670">
    <nd ref="9520508798"/>
    <nd ref="9520508797"/>
    <tag k="highway" v="footway"/>
    <tag k="lit" v="yes"/>
    <tag k="surface" v="paving_stones"/>
  </way>
  <way id="347942671">
    <nd ref="3541551427"/>
    <nd ref="3734767538"/>
    <nd ref="3733176289"/>
    <tag k="highway" v="service"/>
    <tag k="maxspeed" v="20"/>
    <tag k="surface" v="paving_stones"/>
  </way>
  <way id="347942672">
    <nd ref="9520508618"/>
    <nd ref="9520508619"/>
    <tag k="handrail" v="no"/>
    <tag k="highway" v="steps"/>
    <tag k="incline" v="down"/>
    <tag k="lit" v="no"/>
    <tag k="ramp" v="no"/>
    <tag k="step_count" v="8"/>
    <tag k="surface" v="paving_stones"/>
  </way>
  <way id="347942673">
    <nd ref="9520508712"/>
    <nd ref="9520508711"/>
    <tag k="handrail" v="no"/>
    <tag k="highway" v="steps"/>
    <tag k="incline" v="down"/>
    <tag k="lit" v="yes"/>
    <tag k="ramp" v="no"/>
    <tag k="step_count" v="15"/>
    <tag k="surface" v="paving_stones"/>
  </way>
  <way id="347942674">
    <nd ref="9520505709"/>
    <nd ref="9520505710"/>
    <tag k="highway" v="footway"/>
    <tag k="lit" v="yes"/>
    <tag k="surface" v="paving_stones"/>
  </way>
  <way id="347942675">
    <nd ref="9520505651"/>
    <nd ref="9520505711"/>
    <tag k="handrail" v="no"/>
    <tag k="highway" v="steps"/>
    <tag k="incline" v="down"/>
    <tag k="ramp" v="no"/>
    <tag k="step_count" v="12"/>
  </way>
  <way id="347942676">
    <nd ref="9520508796"/>
    <nd ref="9520508714"/>
    <nd ref="3541551469"/>
    <nd ref="9520508621"/>
    <tag k="foot" v="yes"/>
    <tag k="highway" v="footway"/>
    <tag k="lit" v="yes"/>
    <tag k="surface" v="paving_stones"/>
  </way>
  <way id="347942677">
    <nd ref="9520505648"/>
    <nd ref="2432806464"/>
    <nd ref="9520505716"/>
    <nd ref="9520505713"/>
    <tag k="check_date" v="2025-05-12"/>
    <tag k="crossing" v="uncontrolled"/>
    <tag k="crossing:island" v="no"/>
    <tag k="crossing:markings" v="zebra"/>
    <tag k="foot" v="yes"/>
    <tag k="footway" v="crossing"/>
    <tag k="highway" v="footway"/>
    <tag k="lit" v="yes"/>
    <tag k="smoothness" v="excellent"/>
    <tag k="surface" v="asphalt"/>
  </way>
  <way id="347942679">
    <nd ref="3541551453"/>
    <nd ref="3541551455"/>
    <nd ref="3541551454"/>
    <nd ref="3541551452"/>
    <nd ref="1005420968"/>
    <tag k="highway" v="footway"/>
    <tag k="lit" v="yes"/>
    <tag k="surface" v="paving_stones"/>
  </way>
  <way id="347942680">
    <nd ref="1005420968"/>
    <nd ref="1662636991"/>
    <nd ref="4987317138"/>
    <nd ref="1005420970"/>
    <nd ref="1662636987"/>
    <nd ref="1662636989"/>
    <tag k="covered" v="yes"/>
    <tag k="highway" v="footway"/>
    <tag k="indoor" v="yes"/>
    <tag k="layer" v="-1"/>
    <tag k="tunnel" v="yes"/>
  </way>
  <way id="370160926">
    <nd ref="3738855683"/>
    <nd ref="3738855685"/>
    <nd ref="4864705897"/>
    <nd ref="4206960280"/>
    <nd ref="3738855684"/>
    <nd ref="4864706023"/>
    <nd ref="5199095005"/>
    <nd ref="5199095004"/>
    <nd ref="4887639676"/>
    <tag k="highway" v="service"/>
  </way>
  <way id="380570433">
    <nd ref="1475420950"/>
    <nd ref="8045589110"/>
    <nd ref="6533784618"/>
    <nd ref="1475421040"/>
    <nd ref="3506121773"/>
    <tag k="foot" v="permit"/>
    <tag k="footway" v="sidewalk"/>
    <tag k="highway" v="footway"/>
    <tag k="surface" v="paving_stones"/>
  </way>
  <way id="380570439">
    <nd ref="6259308920"/>
    <nd ref="6259308921"/>
    <nd ref="11446466118"/>
    <nd ref="6259308922"/>
    <nd ref="6259308919"/>
    <nd ref="8323026141"/>
    <nd ref="6259308923"/>
    <nd ref="6259308924"/>
    <nd ref="6259308925"/>
    <nd ref="8057391353"/>
    <nd ref="6259308926"/>
    <nd ref="3838936956"/>
    <nd ref="6259308927"/>
    <nd ref="3838936952"/>
    <nd ref="6259308928"/>
    <nd ref="3838936947"/>
    <nd ref="8057391352"/>
    <nd ref="3838936941"/>
    <nd ref="3838936937"/>
    <nd ref="1751045570"/>
    <tag k="footway" v="sidewalk"/>
    <tag k="highway" v="footway"/>
    <tag k="lit" v="yes"/>
    <tag k="surface" v="paving_stones"/>
  </way>
  <way id="419549156">
    <nd ref="3838936934"/>
    <nd ref="7895990952"/>
    <nd ref="1751045570"/>
    <tag k="footway" v="crossing"/>
    <tag k="highway" v="footway"/>
    <tag k="lit" v="yes"/>
    <tag k="surface" v="paving_stones"/>
  </way>
  <way id="420783187">
    <nd ref="4206960279"/>
    <nd ref="4864705915"/>
    <nd ref="4206960280"/>
    <tag k="highway" v="footway"/>
  </way>
  <way id="428607124">
    <nd ref="10989070052"/>
    <nd ref="10989070053"/>
    <tag k="highway" v="service"/>
    <tag k="surface" v="asphalt"/>
    <tag k="tunnel" v="building_passage"/>
  </way>
  <way id="428607125">
    <nd ref="2401343212"/>
    <nd ref="4276917963"/>
    <tag k="highway" v="footway"/>
  </way>
  <way id="428607126">
    <nd ref="4276917963"/>
    <nd ref="4276917964"/>
    <tag k="highway" v="steps"/>
  </way>
  <way id="428607127">
    <nd ref="4276917964"/>
    <nd ref="4799108920"/>
    <tag k="highway" v="footway"/>
  </way>
  <way id="429078830">
    <nd ref="4281982231"/>
    <nd ref="4337420195"/>
    <nd ref="4281982233"/>
    <nd ref="4281982234"/>
    <tag k="highway" v="service"/>
    <tag k="service" v="parking_aisle"/>
  </way>
  <way id="433025324">
    <nd ref="7657588655"/>
    <nd ref="7657588656"/>
    <nd ref="6096160443"/>
    <nd ref="7657588628"/>
    <nd ref="1529446807"/>
    <nd ref="11273736197"/>
    <nd ref="445354533"/>
    <tag k="highway" v="service"/>
  </way>
  <way id="433025325">
    <nd ref="4319468477"/>
    <nd ref="4319468478"/>
    <nd ref="4319468479"/>
    <nd ref="4319468480"/>
    <nd ref="4319468481"/>
    <nd ref="4319468482"/>
    <nd ref="4319468483"/>
    <nd ref="4319468484"/>
    <nd ref="4319468485"/>
    <nd ref="7657588645"/>
    <nd ref="7657588644"/>
    <nd ref="7657588655"/>
    <tag k="highway" v="path"/>
  </way>
  <way id="433823493">
    <nd ref="4323161062"/>
    <nd ref="4323161063"/>
    <nd ref="4323161066"/>
    <nd ref="4323161073"/>
    <nd ref="4323161078"/>
    <nd ref="4323161079"/>
    <nd ref="4323161081"/>
    <nd ref="4323161087"/>
    <nd ref="4323161088"/>
    <nd ref="8051564629"/>
    <nd ref="3506121935"/>
    <tag k="highway" v="footway"/>
  </way>
  <way id="433823494">
    <nd ref="4323161000"/>
    <nd ref="4323160996"/>
    <nd ref="4323160993"/>
    <nd ref="4323160992"/>
    <nd ref="4323160994"/>
    <nd ref="4323161001"/>
    <nd ref="4323161006"/>
    <nd ref="4323161033"/>
    <nd ref="4323161042"/>
    <nd ref="4323161031"/>
    <nd ref="4323161017"/>
    <nd ref="4323161019"/>
    <nd ref="2318844176"/>
    <tag k="highway" v="footway"/>
  </way>
  <way id="433823495">
    <nd ref="4323161042"/>
    <nd ref="8051568377"/>
    <nd ref="3506121917"/>
    <tag k="highway" v="footway"/>
  </way>
  <way id="434363106">
    <nd ref="4325208015"/>
    <nd ref="4337826526"/>
    <tag k="highway" v="service"/>
    <tag k="surface" v="asphalt"/>
  </way>
  <way id="435849434">
    <nd ref="4337420194"/>
    <nd ref="4337420193"/>
    <tag k="highway" v="service"/>
    <tag k="tunnel" v="building_passage"/>
  </way>
  <way id="435849438">
    <nd ref="4337420193"/>
    <nd ref="1529446000"/>
    <nd ref="11117009283"/>
    <nd ref="445414659"/>
    <tag k="highway" v="service"/>
  </way>
  <way id="436282156">
    <nd ref="4341564996"/>
    <nd ref="4341564995"/>
    <nd ref="4341564994"/>
    <tag k="highway" v="service"/>
  </way>
  <way id="464574701">
    <nd ref="4596698897"/>
    <nd ref="4596698896"/>
    <nd ref="7239000591"/>
    <nd ref="4864706032"/>
    <nd ref="4596698895"/>
    <tag k="highway" v="footway"/>
  </way>
  <way id="464574702">
    <nd ref="4596698902"/>
    <nd ref="4596698901"/>
    <nd ref="10297367869"/>
    <nd ref="10297367868"/>
    <nd ref="12546080345"/>
    <nd ref="4596698900"/>
    <nd ref="4596698899"/>
    <nd ref="4596698898"/>
    <nd ref="4596698897"/>
    <tag k="highway" v="service"/>
    <tag k="surface" v="asphalt"/>
  </way>
  <way id="477867073">
    <nd ref="4711603572"/>
    <nd ref="4711603573"/>
    <tag k="highway" v="service"/>
  </way>
  <way id="477867075">
    <nd ref="4711603580"/>
    <nd ref="4887639697"/>
    <nd ref="4711603581"/>
    <tag k="footway" v="sidewalk"/>
    <tag k="highway" v="footway"/>
    <tag k="surface" v="asphalt"/>
  </way>
  <way id="477867076">
    <nd ref="4711603581"/>
    <nd ref="4711603582"/>
    <tag k="handrail" v="yes"/>
    <tag k="highway" v="steps"/>
    <tag k="incline" v="up"/>
    <tag k="ramp" v="yes"/>
    <tag k="ramp:wheelchair" v="yes"/>
  </way>
  <way id="477867077">
    <nd ref="4711603583"/>
    <nd ref="11227231771"/>
    <nd ref="4758133880"/>
    <nd ref="4711603584"/>
    <tag k="highway" v="service"/>
    <tag k="service" v="parking_aisle"/>
    <tag k="surface" v="asphalt"/>
  </way>
  <way id="477867078">
    <nd ref="4711603585"/>
    <nd ref="4758133894"/>
    <nd ref="4711603586"/>
    <tag k="highway" v="service"/>
    <tag k="surface" v="asphalt"/>
  </way>
  <way id="477868055">
    <nd ref="1005420945"/>
    <nd ref="8658749458"/>
    <nd ref="4711609904"/>
    <nd ref="8658749457"/>
    <nd ref="4711609908"/>
    <nd ref="4711609905"/>
    <nd ref="9048230260"/>
    <nd ref="4711609906"/>
    <nd ref="1302422687"/>
    <tag k="highway" v="footway"/>
    <tag k="lit" v="yes"/>
  </way>
  <way id="478823080">
    <nd ref="428418583"/>
    <nd ref="4758133879"/>
    <nd ref="12154929872"/>
    <nd ref="4720138288"/>
    <tag k="highway" v="service"/>
    <tag k="service" v="driveway"/>
    <tag k="surface" v="asphalt"/>
  </way>
  <way id="478823081">
    <nd ref="4720138288"/>
    <nd ref="3537025353"/>
    <nd ref="4720139190"/>
    <nd ref="11630416982"/>
    <nd ref="11630416983"/>
    <tag k="highway" v="service"/>
    <tag k="service" v="driveway"/>
    <tag k="surface" v="asphalt"/>
  </way>
  <way id="478823084">
    <nd ref="4720139203"/>
    <nd ref="4758133881"/>
    <nd ref="4720139204"/>
    <nd ref="8849065945"/>
    <tag k="highway" v="service"/>
    <tag k="surface" v="asphalt"/>
  </way>
  <way id="478823085">
    <nd ref="4720139207"/>
    <nd ref="12850819698"/>
    <tag k="highway" v="service"/>
    <tag k="layer" v="-1"/>
    <tag k="maxheight" v="2"/>
    <tag k="maxspeed" v="10"/>
    <tag k="service" v="parking_aisle"/>
    <tag k="surface" v="paving_stones"/>
    <tag k="tunnel" v="yes"/>
  </way>
  <way id="478823086">
    <nd ref="4720139209"/>
    <nd ref="4758133886"/>
    <nd ref="384741772"/>
    <tag k="highway" v="service"/>
    <tag k="surface" v="asphalt"/>
  </way>
  <way id="479834277">
    <nd ref="12546080345"/>
    <nd ref="4206960277"/>
    <nd ref="4206960279"/>
    <nd ref="4206960278"/>
    <tag k="highway" v="service"/>
  </way>
  <way id="482552136">
    <nd ref="26303203"/>
    <nd ref="6570460357"/>
    <nd ref="9516743642"/>
    <tag k="access" v="permit"/>
    <tag k="cycleway:both" v="no"/>
    <tag k="highway" v="residential"/>
    <tag k="lanes" v="1"/>
    <tag k="maxspeed" v="20"/>
    <tag k="maxweight" v="3.5"/>
    <tag k="name" v="Малопідвальна вулиця"/>
    <tag k="name:de" v="Malopidwalna-Straße"/>
    <tag k="name:en" v="Malopidvalna Street"/>
    <tag k="name:es" v="Calle Malopidvalna"/>
    <tag k="name:fr" v="Rue Malopidvalna"/>
    <tag k="name:it" v="Via Malopidval'na"/>
    <tag k="name:uk" v="Малопідвальна вулиця"/>
    <tag k="name:uk-Latn" v="Malopidvalna vulytsia"/>
    <tag k="oneway" v="no"/>
    <tag k="surface" v="asphalt"/>
    <tag k="wikidata" v="Q4278399"/>
    <tag k="wikipedia" v="uk:Малопідвальна вулиця"/>
  </way>
  <way id="482552138">
    <nd ref="4711603571"/>
    <nd ref="4786794456"/>
    <nd ref="4711603572"/>
    <tag k="highway" v="service"/>
  </way>
  <way id="482552152">
    <nd ref="3540212168"/>
    <nd ref="3540212167"/>
    <tag k="highway" v="service"/>
    <tag k="surface" v="asphalt"/>
  </way>
  <way id="482552153">
    <nd ref="3421744175"/>
    <nd ref="384751110"/>
    <nd ref="6020712039"/>
    <nd ref="4872931405"/>
    <nd ref="13115347118"/>
    <nd ref="384751111"/>
    <tag k="foot" v="yes"/>
    <tag k="highway" v="service"/>
    <tag k="surface" v="asphalt"/>
  </way>
  <way id="482552156">
    <nd ref="3421744162"/>
    <nd ref="2688507245"/>
    <nd ref="2688507240"/>
    <tag k="access" v="permissive"/>
    <tag k="bicycle" v="permissive"/>
    <tag k="foot" v="permissive"/>
    <tag k="highway" v="service"/>
    <tag k="motor_vehicle" v="private"/>
    <tag k="service" v="driveway"/>
  </way>
  <way id="482552157">
    <nd ref="3342628895"/>
    <nd ref="1005420903"/>
    <nd ref="6506866320"/>
    <tag k="check_date" v="2025-05-17"/>
    <tag k="highway" v="service"/>
    <tag k="maxspeed" v="20"/>
    <tag k="service" v="driveway"/>
    <tag k="smoothness" v="excellent"/>
    <tag k="surface" v="asphalt"/>
  </way>
  <way id="482552168">
    <nd ref="4799108914"/>
    <nd ref="4799108915"/>
    <nd ref="445354532"/>
    <nd ref="2401343211"/>
    <nd ref="4799108919"/>
    <nd ref="2401343216"/>
    <nd ref="4799108913"/>
    <nd ref="4319468486"/>
    <tag k="highway" v="service"/>
    <tag k="living_street" v="yes"/>
  </way>
  <way id="482552169">
    <nd ref="2401346479"/>
    <nd ref="4799108833"/>
    <nd ref="2401346481"/>
    <nd ref="4799108870"/>
    <nd ref="2401346482"/>
    <nd ref="4799108869"/>
    <nd ref="7438883278"/>
    <nd ref="2401346477"/>
    <nd ref="11227246011"/>
    <nd ref="2401346480"/>
    <tag k="highway" v="service"/>
    <tag k="living_street" v="yes"/>
  </way>
  <way id="482552171">
    <nd ref="7657590752"/>
    <nd ref="2401343197"/>
    <tag k="highway" v="service"/>
    <tag k="living_street" v="yes"/>
    <tag k="service" v="driveway"/>
  </way>
  <way id="483056896">
    <nd ref="3421744175"/>
    <nd ref="12647785863"/>
    <tag k="highway" v="footway"/>
    <tag k="surface" v="asphalt"/>
  </way>
  <way id="483056897">
    <nd ref="4720138288"/>
    <nd ref="4720139189"/>
    <tag k="highway" v="service"/>
    <tag k="service" v="driveway"/>
    <tag k="surface" v="asphalt"/>
  </way>
  <way id="487457613">
    <nd ref="4799108860"/>
    <nd ref="4799108859"/>
    <tag k="highway" v="service"/>
    <tag k="living_street" v="yes"/>
    <tag k="tunnel" v="building_passage"/>
  </way>
  <way id="487457614">
    <nd ref="4799108866"/>
    <nd ref="4799108865"/>
    <nd ref="4799108864"/>
    <nd ref="7438883273"/>
    <nd ref="4799108863"/>
    <nd ref="4799108860"/>
    <tag k="highway" v="service"/>
    <tag k="living_street" v="yes"/>
  </way>
  <way id="487457615">
    <nd ref="4799108828"/>
    <nd ref="4799108827"/>
    <nd ref="7992689702"/>
    <tag k="highway" v="footway"/>
  </way>
  <way id="487457616">
    <nd ref="5902854211"/>
    <nd ref="5902854212"/>
    <nd ref="5902854213"/>
    <nd ref="12631440922"/>
    <nd ref="5902854214"/>
    <nd ref="5902854215"/>
    <nd ref="5902854210"/>
    <nd ref="5902854216"/>
    <nd ref="5902854217"/>
    <nd ref="5902854218"/>
    <nd ref="5902854219"/>
    <nd ref="5902854220"/>
    <nd ref="5902854221"/>
    <nd ref="7992689591"/>
    <nd ref="7992689592"/>
    <nd ref="8208679425"/>
    <nd ref="3139635819"/>
    <nd ref="7431910322"/>
    <nd ref="8323007444"/>
    <nd ref="3139635815"/>
    <nd ref="7992689708"/>
    <nd ref="4799108829"/>
    <nd ref="7992689707"/>
    <nd ref="7992689706"/>
    <nd ref="4799108831"/>
    <nd ref="7992689703"/>
    <nd ref="7992689704"/>
    <nd ref="4799108830"/>
    <tag k="highway" v="footway"/>
  </way>
  <way id="487457617">
    <nd ref="4799108833"/>
    <nd ref="4799108863"/>
    <tag k="highway" v="steps"/>
    <tag k="incline" v="down"/>
  </way>
  <way id="487457618">
    <nd ref="4799108837"/>
    <nd ref="4799108836"/>
    <nd ref="4799108835"/>
    <nd ref="4799108834"/>
    <tag k="highway" v="service"/>
    <tag k="living_street" v="yes"/>
    <tag k="surface" v="paving_stones"/>
  </way>
  <way id="487457619">
    <nd ref="4799108838"/>
    <nd ref="4799108837"/>
    <tag k="highway" v="service"/>
    <tag k="living_street" v="yes"/>
    <tag k="tunnel" v="building_passage"/>
  </way>
  <way id="487457620">
    <nd ref="4799108867"/>
    <nd ref="4799108866"/>
    <tag k="highway" v="service"/>
    <tag k="living_street" v="yes"/>
    <tag k="tunnel" v="building_passage"/>
  </way>
  <way id="487457621">
    <nd ref="4799108869"/>
    <nd ref="4799108868"/>
    <nd ref="4799108867"/>
    <tag k="highway" v="service"/>
    <tag k="living_street" v="yes"/>
  </way>
  <way id="487457622">
    <nd ref="4799108859"/>
    <nd ref="4799108858"/>
    <nd ref="4799108857"/>
    <nd ref="4799108856"/>
    <nd ref="4799108855"/>
    <nd ref="4799108854"/>
    <nd ref="4799108853"/>
    <nd ref="4799108852"/>
    <nd ref="4799108851"/>
    <nd ref="4799108850"/>
    <nd ref="4799108849"/>
    <nd ref="4799108848"/>
    <nd ref="4799108847"/>
    <nd ref="4799108846"/>
    <nd ref="4799108845"/>
    <nd ref="4799108844"/>
    <nd ref="4799108843"/>
    <nd ref="4799108842"/>
    <nd ref="4799108838"/>
    <tag k="highway" v="service"/>
    <tag k="living_street" v="yes"/>
    <tag k="surface" v="asphalt"/>
  </way>
  <way id="487457623">
    <nd ref="2401343198"/>
    <nd ref="10297367866"/>
    <nd ref="4799108893"/>
    <nd ref="4799108874"/>
    <nd ref="4799108892"/>
    <nd ref="4799108891"/>
    <nd ref="4799108890"/>
    <nd ref="4799108889"/>
    <nd ref="4799108888"/>
    <nd ref="4799108887"/>
    <nd ref="4799108886"/>
    <nd ref="4799108885"/>
    <nd ref="4799108884"/>
    <nd ref="4799108883"/>
    <nd ref="4799108882"/>
    <nd ref="4799108881"/>
    <nd ref="4799108880"/>
    <nd ref="4799108879"/>
    <nd ref="4799108878"/>
    <nd ref="4799108877"/>
    <nd ref="4799108876"/>
    <nd ref="4799108875"/>
    <nd ref="4799108874"/>
    <tag k="highway" v="service"/>
    <tag k="living_street" v="yes"/>
  </way>
  <way id="487457625">
    <nd ref="4799108919"/>
    <nd ref="4799108918"/>
    <nd ref="4799108917"/>
    <nd ref="4799108916"/>
    <nd ref="4799108920"/>
    <nd ref="8043352888"/>
    <nd ref="8043352887"/>
    <nd ref="8043352886"/>
    <nd ref="4276917967"/>
    <nd ref="4276917965"/>
    <nd ref="4276917966"/>
    <nd ref="8043352895"/>
    <nd ref="2401343197"/>
    <tag k="highway" v="service"/>
    <tag k="service" v="driveway"/>
  </way>
  <way id="489833061">
    <nd ref="4820416660"/>
    <nd ref="4820416659"/>
    <nd ref="3540212168"/>
    <tag k="highway" v="footway"/>
    <tag k="source" v="Bing"/>
  </way>
  <way id="494730187">
    <nd ref="12406837116"/>
    <nd ref="4864705919"/>
    <tag k="highway" v="service"/>
    <tag k="tunnel" v="building_passage"/>
  </way>
  <way id="494730188">
    <nd ref="4864705863"/>
    <nd ref="4864705908"/>
    <tag k="check_date:surface" v="2026-02-07"/>
    <tag k="highway" v="footway"/>
    <tag k="surface" v="asphalt"/>
  </way>
  <way id="494730192">
    <nd ref="4864706022"/>
    <nd ref="6337439614"/>
    <tag k="highway" v="service"/>
    <tag k="surface" v="asphalt"/>
  </way>
  <way id="494730193">
    <nd ref="4864706034"/>
    <nd ref="5630944007"/>
    <nd ref="4864705878"/>
    <tag k="highway" v="service"/>
    <tag k="surface" v="asphalt"/>
  </way>
  <way id="494730195">
    <nd ref="4864705874"/>
    <nd ref="6337439615"/>
    <tag k="highway" v="footway"/>
    <tag k="surface" v="asphalt"/>
  </way>
  <way id="494730197">
    <nd ref="4864705883"/>
    <nd ref="4929155349"/>
    <nd ref="12453769814"/>
    <nd ref="1005421032"/>
    <nd ref="11273736198"/>
    <nd ref="1529446922"/>
    <tag k="highway" v="service"/>
    <tag k="layer" v="1"/>
    <tag k="service" v="parking_aisle"/>
    <tag k="surface" v="asphalt"/>
  </way>
  <way id="497154574">
    <nd ref="4887615095"/>
    <nd ref="4887615104"/>
    <nd ref="4887615098"/>
    <nd ref="4887615096"/>
    <nd ref="4887639677"/>
    <nd ref="4887615097"/>
    <nd ref="4887615099"/>
    <nd ref="5076270557"/>
    <nd ref="5766577037"/>
    <nd ref="4887615100"/>
    <nd ref="4887615101"/>
    <tag k="highway" v="service"/>
    <tag k="surface" v="asphalt"/>
  </way>
  <way id="497154575">
    <nd ref="4887615095"/>
    <nd ref="4887615102"/>
    <nd ref="4887615103"/>
    <nd ref="4887615105"/>
    <tag k="highway" v="path"/>
    <tag k="surface" v="dirt"/>
  </way>
  <way id="497157180">
    <nd ref="4887639682"/>
    <nd ref="11227246010"/>
    <nd ref="5728801364"/>
    <nd ref="7724489949"/>
    <nd ref="4887639683"/>
    <nd ref="4887639686"/>
    <nd ref="7724489950"/>
    <nd ref="4887639684"/>
    <tag k="highway" v="service"/>
    <tag k="surface" v="asphalt"/>
  </way>
  <way id="497157181">
    <nd ref="4887639687"/>
    <nd ref="4887639685"/>
    <nd ref="9041336363"/>
    <tag k="highway" v="service"/>
    <tag k="surface" v="paving_stones"/>
  </way>
  <way id="497157182">
    <nd ref="4887639688"/>
    <nd ref="4887639690"/>
    <nd ref="4887639707"/>
    <nd ref="4887639691"/>
    <nd ref="13322214350"/>
    <nd ref="12230404332"/>
    <tag k="highway" v="path"/>
  </way>
  <way id="497157183">
    <nd ref="12176085502"/>
    <nd ref="12176085503"/>
    <nd ref="4887639694"/>
    <nd ref="4887639702"/>
    <nd ref="4887639696"/>
    <nd ref="4887639695"/>
    <nd ref="4887639701"/>
    <nd ref="4887639698"/>
    <nd ref="4887639705"/>
    <nd ref="4887639699"/>
    <nd ref="4887639700"/>
    <nd ref="4887639702"/>
    <tag k="bicycle" v="yes"/>
    <tag k="highway" v="living_street"/>
    <tag k="lanes" v="1"/>
    <tag k="maxspeed" v="20"/>
    <tag k="motor_vehicle" v="yes"/>
  </way>
  <way id="497157184">
    <nd ref="12520486490"/>
    <nd ref="12520486491"/>
    <tag k="highway" v="footway"/>
    <tag k="tunnel" v="building_passage"/>
  </way>
  <way id="497157185">
    <nd ref="8208679436"/>
    <nd ref="8208679432"/>
    <nd ref="8208679431"/>
    <nd ref="8208679430"/>
    <nd ref="8208679429"/>
    <nd ref="8208679426"/>
    <nd ref="8208679428"/>
    <nd ref="8208679427"/>
    <nd ref="7431910320"/>
    <nd ref="8208679423"/>
    <nd ref="8208679424"/>
    <nd ref="8208679425"/>
    <tag k="highway" v="footway"/>
  </way>
  <way id="497157187">
    <nd ref="2763492824"/>
    <nd ref="4887639678"/>
    <nd ref="4887639680"/>
    <nd ref="7239000584"/>
    <nd ref="4887639676"/>
    <tag k="highway" v="service"/>
    <tag k="surface" v="asphalt"/>
  </way>
  <way id="498836079">
    <nd ref="4901689106"/>
    <nd ref="4901689107"/>
    <nd ref="4901689108"/>
    <nd ref="4901689109"/>
    <nd ref="4901689110"/>
    <nd ref="4901689107"/>
    <tag k="highway" v="footway"/>
    <tag k="surface" v="paving_stones"/>
  </way>
  <way id="498836080">
    <nd ref="4901689109"/>
    <nd ref="4901689111"/>
    <tag k="highway" v="footway"/>
    <tag k="surface" v="paving_stones"/>
  </way>
  <way id="507390229">
    <nd ref="4969053632"/>
    <nd ref="4969053633"/>
    <nd ref="13328438594"/>
    <nd ref="6020712043"/>
    <nd ref="4969053634"/>
    <nd ref="4087908549"/>
    <nd ref="3734767543"/>
    <nd ref="12493071670"/>
    <tag k="footway" v="sidewalk"/>
    <tag k="highway" v="footway"/>
    <tag k="surface" v="paving_stones"/>
    <tag k="width" v="2"/>
  </way>
  <way id="507390235">
    <nd ref="8045589148"/>
    <nd ref="13523880842"/>
    <nd ref="4969053716"/>
    <nd ref="13523880848"/>
    <nd ref="8045589153"/>
    <tag k="foot" v="permit"/>
    <tag k="footway" v="sidewalk"/>
    <tag k="highway" v="footway"/>
    <tag k="surface" v="asphalt"/>
  </way>
  <way id="507390236">
    <nd ref="2683070567"/>
    <nd ref="9516743620"/>
    <nd ref="9516743648"/>
    <tag k="bicycle" v="permit"/>
    <tag k="foot" v="permit"/>
    <tag k="footway" v="sidewalk"/>
    <tag k="highway" v="footway"/>
    <tag k="surface" v="asphalt"/>
  </way>
  <way id="507390238">
    <nd ref="9524816627"/>
    <nd ref="4969053738"/>
    <nd ref="8045589138"/>
    <tag k="check_date" v="2025-05-12"/>
    <tag k="crossing" v="uncontrolled"/>
    <tag k="crossing:island" v="no"/>
    <tag k="crossing:markings" v="zebra"/>
    <tag k="footway" v="crossing"/>
    <tag k="highway" v="footway"/>
    <tag k="smoothness" v="intermediate"/>
    <tag k="surface" v="sett"/>
  </way>
  <way id="507390239">
    <nd ref="9524816678"/>
    <nd ref="9524816685"/>
    <nd ref="1590033957"/>
    <nd ref="11227243113"/>
    <nd ref="9524816632"/>
    <tag k="check_date" v="2025-05-12"/>
    <tag k="crossing" v="uncontrolled"/>
    <tag k="crossing:island" v="no"/>
    <tag k="crossing:markings" v="zebra"/>
    <tag k="foot" v="yes"/>
    <tag k="footway" v="crossing"/>
    <tag k="highway" v="footway"/>
    <tag k="lit" v="yes"/>
    <tag k="smoothness" v="excellent"/>
    <tag k="surface" v="asphalt"/>
  </way>
  <way id="507390240">
    <nd ref="9524816677"/>
    <nd ref="9520505639"/>
    <tag k="footway" v="sidewalk"/>
    <tag k="highway" v="footway"/>
    <tag k="lit" v="yes"/>
    <tag k="surface" v="paving_stones"/>
  </way>
  <way id="507390241">
    <nd ref="9520505706"/>
    <nd ref="305558373"/>
    <nd ref="9520505704"/>
    <nd ref="9520508621"/>
    <nd ref="9520505714"/>
    <nd ref="9520508620"/>
    <nd ref="9520505708"/>
    <nd ref="9520505713"/>
    <nd ref="9520505709"/>
    <nd ref="9520508622"/>
    <tag k="foot" v="yes"/>
    <tag k="footway" v="sidewalk"/>
    <tag k="highway" v="footway"/>
    <tag k="surface" v="paving_stones"/>
  </way>
  <way id="509508879">
    <nd ref="3384027157"/>
    <nd ref="4987317139"/>
    <nd ref="4987317138"/>
    <tag k="conveying" v="yes"/>
    <tag k="highway" v="steps"/>
    <tag k="incline" v="up"/>
    <tag k="lanes" v="3"/>
    <tag k="layer" v="-2"/>
    <tag k="tunnel" v="yes"/>
  </way>
  <way id="514816781">
    <nd ref="5028803427"/>
    <nd ref="5028802919"/>
    <nd ref="5028803421"/>
    <nd ref="5028802920"/>
    <tag k="highway" v="service"/>
    <tag k="service" v="driveway"/>
  </way>
  <way id="514816782">
    <nd ref="5028803424"/>
    <nd ref="5028803423"/>
    <tag k="highway" v="service"/>
    <tag k="maxheight" v="5"/>
    <tag k="service" v="driveway"/>
    <tag k="surface" v="asphalt"/>
    <tag k="tunnel" v="yes"/>
  </way>
  <way id="514816783">
    <nd ref="5028803428"/>
    <nd ref="5028803422"/>
    <nd ref="5028803424"/>
    <tag k="highway" v="service"/>
    <tag k="service" v="driveway"/>
    <tag k="surface" v="asphalt"/>
  </way>
  <way id="514816784">
    <nd ref="5028803423"/>
    <nd ref="5028803427"/>
    <nd ref="5028803426"/>
    <nd ref="5028803425"/>
    <tag k="highway" v="service"/>
    <tag k="service" v="driveway"/>
  </way>
  <way id="514816785">
    <nd ref="5028803432"/>
    <nd ref="5028803431"/>
    <nd ref="5028803430"/>
    <tag k="access" v="private"/>
    <tag k="highway" v="service"/>
    <tag k="service" v="driveway"/>
  </way>
  <way id="514816786">
    <nd ref="5028803433"/>
    <nd ref="5028803432"/>
    <tag k="access" v="private"/>
    <tag k="highway" v="service"/>
    <tag k="service" v="driveway"/>
    <tag k="surface" v="asphalt"/>
    <tag k="tunnel" v="yes"/>
  </way>
  <way id="514816787">
    <nd ref="5028803429"/>
    <nd ref="11630416987"/>
    <nd ref="5028803434"/>
    <nd ref="5028803433"/>
    <tag k="access" v="private"/>
    <tag k="highway" v="service"/>
    <tag k="service" v="driveway"/>
    <tag k="surface" v="asphalt"/>
  </way>
  <way id="514816788">
    <nd ref="5028803429"/>
    <nd ref="11630416975"/>
    <nd ref="2438865432"/>
    <nd ref="3296802897"/>
    <tag k="highway" v="service"/>
    <tag k="service" v="driveway"/>
    <tag k="surface" v="asphalt"/>
  </way>
  <way id="520912188">
    <nd ref="5076269616"/>
    <nd ref="5630949093"/>
    <nd ref="5076270556"/>
    <nd ref="5076269615"/>
    <nd ref="5076269614"/>
    <nd ref="5076269613"/>
    <nd ref="5076269612"/>
    <nd ref="5076269611"/>
    <nd ref="5076269610"/>
    <nd ref="5076269617"/>
    <nd ref="5630949097"/>
    <nd ref="5630949096"/>
    <nd ref="5630949095"/>
    <nd ref="5076269614"/>
    <tag k="highway" v="service"/>
    <tag k="lit" v="yes"/>
    <tag k="surface" v="asphalt"/>
  </way>
  <way id="524631976">
    <nd ref="5105118135"/>
    <nd ref="11227246009"/>
    <nd ref="5728801363"/>
    <nd ref="7438883264"/>
    <nd ref="7438883235"/>
    <nd ref="5105118136"/>
    <tag k="highway" v="service"/>
    <tag k="surface" v="asphalt"/>
  </way>
  <way id="525699166">
    <nd ref="5113645553"/>
    <nd ref="5113645552"/>
    <nd ref="5113645551"/>
    <nd ref="5113645549"/>
    <nd ref="5113645554"/>
    <nd ref="5113645550"/>
    <tag k="highway" v="service"/>
    <tag k="surface" v="asphalt"/>
  </way>
  <way id="530578986">
    <nd ref="5151983571"/>
    <nd ref="5151983572"/>
    <nd ref="5151983573"/>
    <tag k="highway" v="service"/>
    <tag k="surface" v="asphalt"/>
  </way>
  <way id="533584742">
    <nd ref="5176404748"/>
    <nd ref="5728800811"/>
    <nd ref="5176404749"/>
    <tag k="highway" v="service"/>
  </way>
  <way id="533584743">
    <nd ref="5176404749"/>
    <nd ref="5176404750"/>
    <tag k="highway" v="service"/>
    <tag k="layer" v="-1"/>
    <tag k="tunnel" v="yes"/>
  </way>
  <way id="533584744">
    <nd ref="5176404750"/>
    <nd ref="5176404754"/>
    <nd ref="5176404751"/>
    <tag k="highway" v="service"/>
  </way>
  <way id="533584745">
    <nd ref="5176404751"/>
    <nd ref="5176404752"/>
    <nd ref="5176404753"/>
    <tag k="highway" v="service"/>
    <tag k="layer" v="-1"/>
    <tag k="tunnel" v="yes"/>
  </way>
  <way id="533584747">
    <nd ref="5176404754"/>
    <nd ref="5176404755"/>
    <tag k="highway" v="service"/>
  </way>
  <way id="533584748">
    <nd ref="5176404753"/>
    <nd ref="5176404756"/>
    <nd ref="5176404757"/>
    <tag k="highway" v="service"/>
  </way>
  <way id="533584756">
    <nd ref="5176404777"/>
    <nd ref="5728800415"/>
    <nd ref="5176404778"/>
    <tag k="highway" v="service"/>
  </way>
  <way id="533584758">
    <nd ref="5176404778"/>
    <nd ref="5176404779"/>
    <tag k="highway" v="service"/>
    <tag k="layer" v="-1"/>
    <tag k="tunnel" v="yes"/>
  </way>
  <way id="533584760">
    <nd ref="5176404779"/>
    <nd ref="5176404780"/>
    <nd ref="5176404781"/>
    <tag k="highway" v="service"/>
  </way>
  <way id="625173049">
    <nd ref="5902854210"/>
    <nd ref="5902854209"/>
    <tag k="handrail" v="no"/>
    <tag k="highway" v="steps"/>
    <tag k="incline" v="down"/>
    <tag k="ramp" v="yes"/>
    <tag k="ramp:stroller" v="yes"/>
  </way>
  <way id="628753376">
    <nd ref="5936247867"/>
    <nd ref="5936247865"/>
    <nd ref="5936247864"/>
    <nd ref="5943020745"/>
    <nd ref="3421744177"/>
    <tag k="highway" v="service"/>
    <tag k="service" v="driveway"/>
  </way>
  <way id="628753377">
    <nd ref="5936247867"/>
    <nd ref="5936247868"/>
    <tag k="highway" v="service"/>
    <tag k="surface" v="asphalt"/>
    <tag k="tunnel" v="building_passage"/>
    <tag k="width" v="3"/>
  </way>
  <way id="628753378">
    <nd ref="5936247868"/>
    <nd ref="4969053635"/>
    <nd ref="9183500120"/>
    <nd ref="3421744178"/>
    <tag k="highway" v="service"/>
    <tag k="surface" v="asphalt"/>
  </way>
  <way id="629508982">
    <nd ref="5936247867"/>
    <nd ref="5936247853"/>
    <nd ref="5936247860"/>
    <nd ref="5943020745"/>
    <tag k="highway" v="footway"/>
  </way>
  <way id="631318821">
    <nd ref="9516743642"/>
    <nd ref="9516743620"/>
    <nd ref="5961799595"/>
    <tag k="highway" v="service"/>
    <tag k="service" v="driveway"/>
  </way>
  <way id="638872838">
    <nd ref="6020712023"/>
    <nd ref="6020712022"/>
    <tag k="highway" v="steps"/>
    <tag k="incline" v="down"/>
    <tag k="ramp" v="no"/>
  </way>
  <way id="638872841">
    <nd ref="1614315049"/>
    <nd ref="6020712023"/>
    <tag k="highway" v="footway"/>
  </way>
  <way id="638872869">
    <nd ref="6020712037"/>
    <nd ref="10991621714"/>
    <tag k="highway" v="footway"/>
    <tag k="surface" v="paving_stones"/>
    <tag k="tunnel" v="building_passage"/>
  </way>
  <way id="638872872">
    <nd ref="6020712038"/>
    <nd ref="6020712036"/>
    <tag k="highway" v="footway"/>
    <tag k="tunnel" v="building_passage"/>
  </way>
  <way id="638872875">
    <nd ref="259160198"/>
    <nd ref="6020712035"/>
    <nd ref="6020712038"/>
    <tag k="highway" v="footway"/>
  </way>
  <way id="649304372">
    <nd ref="4799108890"/>
    <nd ref="6093953262"/>
    <nd ref="6093953263"/>
    <nd ref="6093953264"/>
    <nd ref="6093953265"/>
    <nd ref="10297367867"/>
    <nd ref="6093953266"/>
    <tag k="highway" v="service"/>
  </way>
  <way id="649304373">
    <nd ref="6093953266"/>
    <nd ref="6093953267"/>
    <tag k="highway" v="service"/>
    <tag k="layer" v="-1"/>
    <tag k="maxheight" v="2"/>
    <tag k="surface" v="paving_stones"/>
    <tag k="tunnel" v="yes"/>
  </way>
  <way id="649304374">
    <nd ref="6093953267"/>
    <nd ref="6093953268"/>
    <nd ref="6093953269"/>
    <tag k="highway" v="service"/>
  </way>
  <way id="649305005">
    <nd ref="3143539929"/>
    <nd ref="6093964584"/>
    <nd ref="6093966485"/>
    <nd ref="6093966486"/>
    <nd ref="6093966487"/>
    <nd ref="6093966488"/>
    <nd ref="6093966489"/>
    <tag k="highway" v="service"/>
  </way>
  <way id="649305006">
    <nd ref="6093964584"/>
    <nd ref="4799108886"/>
    <tag k="highway" v="steps"/>
  </way>
  <way id="649627439">
    <nd ref="4799108914"/>
    <nd ref="6096160444"/>
    <nd ref="8043352894"/>
    <nd ref="2401343197"/>
    <tag k="highway" v="service"/>
    <tag k="service" v="driveway"/>
  </way>
  <way id="668406907">
    <nd ref="1329743307"/>
    <nd ref="6259308917"/>
    <nd ref="8057391351"/>
    <nd ref="8057391350"/>
    <nd ref="8057391349"/>
    <nd ref="8057391348"/>
    <nd ref="6259308924"/>
    <nd ref="1751045587"/>
    <tag k="highway" v="footway"/>
    <tag k="lit" v="yes"/>
    <tag k="source" v="Bing"/>
    <tag k="surface" v="paving_stones"/>
  </way>
  <way id="668406908">
    <nd ref="6259308919"/>
    <nd ref="6259308918"/>
    <nd ref="6259308917"/>
    <nd ref="1751045570"/>
    <tag k="highway" v="footway"/>
    <tag k="lit" v="yes"/>
  </way>
  <way id="676760817">
    <nd ref="6337439609"/>
    <nd ref="6337439610"/>
    <nd ref="6337439611"/>
    <tag k="highway" v="service"/>
    <tag k="surface" v="paving_stones"/>
  </way>
  <way id="676760818">
    <nd ref="6337439608"/>
    <nd ref="6337439609"/>
    <tag k="highway" v="service"/>
    <tag k="maxheight" v="2"/>
    <tag k="surface" v="paving_stones"/>
    <tag k="tunnel" v="building_passage"/>
  </way>
  <way id="676760819">
    <nd ref="6337439614"/>
    <nd ref="4864706030"/>
    <tag k="highway" v="service"/>
    <tag k="surface" v="asphalt"/>
    <tag k="tunnel" v="building_passage"/>
  </way>
  <way id="676760820">
    <nd ref="4864706030"/>
    <nd ref="5630942684"/>
    <nd ref="4864705899"/>
    <tag k="highway" v="service"/>
    <tag k="surface" v="asphalt"/>
  </way>
  <way id="676760821">
    <nd ref="6337439615"/>
    <nd ref="4864705863"/>
    <tag k="highway" v="footway"/>
    <tag k="surface" v="asphalt"/>
    <tag k="tunnel" v="building_passage"/>
  </way>
  <way id="682078068">
    <nd ref="6387437767"/>
    <nd ref="6387437769"/>
    <nd ref="12899715563"/>
    <nd ref="6387437765"/>
    <tag k="highway" v="service"/>
    <tag k="service" v="alley"/>
  </way>
  <way id="686283511">
    <nd ref="6432533097"/>
    <nd ref="6432533096"/>
    <tag k="highway" v="footway"/>
    <tag k="surface" v="asphalt"/>
  </way>
  <way id="686283512">
    <nd ref="6432533096"/>
    <nd ref="6432533095"/>
    <tag k="highway" v="footway"/>
    <tag k="tunnel" v="building_passage"/>
  </way>
  <way id="686283513">
    <nd ref="6432533095"/>
    <nd ref="6432533094"/>
    <tag k="highway" v="footway"/>
  </way>
  <way id="688316615">
    <nd ref="6454154101"/>
    <nd ref="6454154102"/>
    <tag k="highway" v="service"/>
    <tag k="maxspeed" v="20"/>
    <tag k="oneway" v="no"/>
    <tag k="service" v="alley"/>
    <tag k="surface" v="asphalt"/>
    <tag k="tunnel" v="building_passage"/>
  </way>
  <way id="693011414">
    <nd ref="1662636979"/>
    <nd ref="1662636976"/>
    <nd ref="12458903403"/>
    <nd ref="445413679"/>
    <tag k="foot" v="yes"/>
    <tag k="highway" v="service"/>
    <tag k="surface" v="asphalt"/>
  </way>
  <way id="693011415">
    <nd ref="1662636984"/>
    <nd ref="1662636979"/>
    <tag k="foot" v="yes"/>
    <tag k="highway" v="service"/>
    <tag k="surface" v="asphalt"/>
    <tag k="tunnel" v="building_passage"/>
  </way>
  <way id="693077959">
    <nd ref="6506866320"/>
    <nd ref="6506866319"/>
    <tag k="check_date" v="2025-05-17"/>
    <tag k="highway" v="service"/>
    <tag k="maxspeed" v="20"/>
    <tag k="service" v="driveway"/>
    <tag k="smoothness" v="excellent"/>
    <tag k="surface" v="asphalt"/>
    <tag k="tunnel" v="building_passage"/>
  </way>
  <way id="693077960">
    <nd ref="6506866319"/>
    <nd ref="11980254397"/>
    <nd ref="3342628896"/>
    <tag k="access" v="permit"/>
    <tag k="bicycle" v="permit"/>
    <tag k="check_date" v="2025-05-17"/>
    <tag k="foot" v="permit"/>
    <tag k="highway" v="service"/>
    <tag k="horse" v="no"/>
    <tag k="living_street" v="yes"/>
    <tag k="maxspeed" v="20"/>
    <tag k="motor_vehicle" v="permit"/>
    <tag k="oneway" v="no"/>
    <tag k="service" v="driveway"/>
    <tag k="smoothness" v="excellent"/>
    <tag k="surface" v="asphalt"/>
  </way>
  <way id="705704511">
    <nd ref="445413679"/>
    <nd ref="12916025326"/>
    <nd ref="1502836697"/>
    <nd ref="26546136"/>
    <tag k="cycleway:both" v="no"/>
    <tag k="highway" v="tertiary"/>
    <tag k="lanes" v="2"/>
    <tag k="maxspeed" v="50"/>
    <tag k="name" v="вулиця Богдана Хмельницького"/>
    <tag k="name:en" v="Bohdana Khmelnytskoho Street"/>
    <tag k="name:es" v="Calle de Bogdán Jmelnitski"/>
    <tag k="name:etymology" v="Богдан Хмельницький"/>
    <tag k="name:etymology:wikidata" v="Q203808"/>
    <tag k="name:etymology:wikipedia" v="uk:Богдан Хмельницький"/>
    <tag k="name:pl" v="ulica Bohdana Chmielnickiego"/>
    <tag k="name:uk" v="вулиця Богдана Хмельницького"/>
    <tag k="name:uk-Latn" v="vulytsia Bohdana Khmelnytskoho"/>
    <tag k="oneway" v="no"/>
    <tag k="surface" v="sett"/>
    <tag k="wikidata" v="Q3406840"/>
    <tag k="wikipedia" v="uk:Вулиця Богдана Хмельницького (Київ, Шевченківський район)"/>
  </way>
  <way id="705704512">
    <nd ref="26546136"/>
    <nd ref="12458854994"/>
    <nd ref="6888722152"/>
    <tag k="bicycle" v="use_sidepath"/>
    <tag k="cycleway:both" v="no"/>
    <tag k="highway" v="tertiary"/>
    <tag k="lanes" v="2"/>
    <tag k="lit" v="yes"/>
    <tag k="maxspeed" v="50"/>
    <tag k="name" v="вулиця Богдана Хмельницького"/>
    <tag k="name:en" v="Bohdana Khmelnytskoho Street"/>
    <tag k="name:es" v="Calle de Bogdán Jmelnitski"/>
    <tag k="name:etymology" v="Богдан Хмельницький"/>
    <tag k="name:etymology:wikidata" v="Q203808"/>
    <tag k="name:etymology:wikipedia" v="uk:Богдан Хмельницький"/>
    <tag k="name:pl" v="ulica Bohdana Chmielnickiego"/>
    <tag k="name:uk" v="вулиця Богдана Хмельницького"/>
    <tag k="name:uk-Latn" v="vulytsia Bohdana Khmelnytskoho"/>
    <tag k="oneway" v="no"/>
    <tag k="surface" v="sett"/>
    <tag k="trolley_wire" v="yes"/>
    <tag k="wikidata" v="Q3406840"/>
    <tag k="wikipedia" v="uk:Вулиця Богдана Хмельницького (Київ, Шевченківський район)"/>
  </way>
  <way id="713343851">
    <nd ref="3506121785"/>
    <nd ref="3506121777"/>
    <nd ref="11227243085"/>
    <nd ref="26201279"/>
    <tag k="highway" v="secondary"/>
    <tag k="lanes" v="4"/>
    <tag k="maxspeed" v="50"/>
    <tag k="name" v="Володимирська вулиця"/>
    <tag k="name:de" v="Wolodymyr-Straße"/>
    <tag k="name:en" v="Volodymyrska Street"/>
    <tag k="name:es" v="Calle Volodymyrska"/>
    <tag k="name:etymology" v="Володимир Великий"/>
    <tag k="name:etymology:wikidata" v="Q14974"/>
    <tag k="name:etymology:wikipedia" v="uk:Володимир Святославич"/>
    <tag k="name:fr" v="Rue Volodymyrska"/>
    <tag k="name:it" v="Via Volodymyrs'ka"/>
    <tag k="name:pl" v="ulica Włodzimierska"/>
    <tag k="name:ru" v="Владимирская улица"/>
    <tag k="name:uk" v="Володимирська вулиця"/>
    <tag k="name:uk-Latn" v="Volodymyrska vulytsia"/>
    <tag k="old_name:de" v="Wladimirskaja-Straße"/>
    <tag k="surface" v="sett"/>
    <tag k="wikidata" v="Q3400240"/>
    <tag k="wikipedia" v="uk:Володимирська вулиця (Київ)"/>
  </way>
  <way id="713343852">
    <nd ref="26201279"/>
    <nd ref="3537025330"/>
    <tag k="cycleway:both" v="no"/>
    <tag k="highway" v="secondary"/>
    <tag k="lanes" v="4"/>
    <tag k="lit" v="yes"/>
    <tag k="maxspeed" v="50"/>
    <tag k="name" v="Володимирська вулиця"/>
    <tag k="name:de" v="Wolodymyr-Straße"/>
    <tag k="name:en" v="Volodymyrska Street"/>
    <tag k="name:es" v="Calle Volodymyrska"/>
    <tag k="name:etymology" v="Володимир Великий"/>
    <tag k="name:etymology:wikidata" v="Q14974"/>
    <tag k="name:etymology:wikipedia" v="uk:Володимир Святославич"/>
    <tag k="name:fr" v="Rue Volodymyrska"/>
    <tag k="name:it" v="Via Volodymyrs'ka"/>
    <tag k="name:pl" v="ulica Włodzimierska"/>
    <tag k="name:ru" v="Владимирская улица"/>
    <tag k="name:uk" v="Володимирська вулиця"/>
    <tag k="name:uk-Latn" v="Volodymyrska vulytsia"/>
    <tag k="old_name:de" v="Wladimirskaja-Straße"/>
    <tag k="sidewalk" v="separate"/>
    <tag k="surface" v="sett"/>
    <tag k="wikidata" v="Q3400240"/>
    <tag k="wikipedia" v="uk:Володимирська вулиця (Київ)"/>
  </way>
  <way id="713343853">
    <nd ref="3537025330"/>
    <nd ref="3537025320"/>
    <tag k="cycleway:both" v="no"/>
    <tag k="highway" v="secondary"/>
    <tag k="lanes" v="4"/>
    <tag k="lit" v="yes"/>
    <tag k="maxspeed" v="50"/>
    <tag k="name" v="Володимирська вулиця"/>
    <tag k="name:de" v="Wolodymyr-Straße"/>
    <tag k="name:en" v="Volodymyrska Street"/>
    <tag k="name:es" v="Calle Volodymyrska"/>
    <tag k="name:etymology" v="Володимир Великий"/>
    <tag k="name:etymology:wikidata" v="Q14974"/>
    <tag k="name:etymology:wikipedia" v="uk:Володимир Святославич"/>
    <tag k="name:fr" v="Rue Volodymyrska"/>
    <tag k="name:it" v="Via Volodymyrs'ka"/>
    <tag k="name:pl" v="ulica Włodzimierska"/>
    <tag k="name:ru" v="Владимирская улица"/>
    <tag k="name:uk" v="Володимирська вулиця"/>
    <tag k="name:uk-Latn" v="Volodymyrska vulytsia"/>
    <tag k="old_name:de" v="Wladimirskaja-Straße"/>
    <tag k="surface" v="sett"/>
    <tag k="wikidata" v="Q3400240"/>
    <tag k="wikipedia" v="uk:Володимирська вулиця (Київ)"/>
  </way>
  <way id="713343854">
    <nd ref="3537025320"/>
    <nd ref="26303203"/>
    <tag k="cycleway:both" v="no"/>
    <tag k="highway" v="secondary"/>
    <tag k="lanes" v="4"/>
    <tag k="lit" v="yes"/>
    <tag k="maxspeed" v="50"/>
    <tag k="name" v="Володимирська вулиця"/>
    <tag k="name:de" v="Wolodymyr-Straße"/>
    <tag k="name:en" v="Volodymyrska Street"/>
    <tag k="name:es" v="Calle Volodymyrska"/>
    <tag k="name:etymology" v="Володимир Великий"/>
    <tag k="name:etymology:wikidata" v="Q14974"/>
    <tag k="name:etymology:wikipedia" v="uk:Володимир Святославич"/>
    <tag k="name:fr" v="Rue Volodymyrska"/>
    <tag k="name:it" v="Via Volodymyrs'ka"/>
    <tag k="name:pl" v="ulica Włodzimierska"/>
    <tag k="name:ru" v="Владимирская улица"/>
    <tag k="name:uk" v="Володимирська вулиця"/>
    <tag k="name:uk-Latn" v="Volodymyrska vulytsia"/>
    <tag k="old_name:de" v="Wladimirskaja-Straße"/>
    <tag k="surface" v="sett"/>
    <tag k="wikidata" v="Q3400240"/>
    <tag k="wikipedia" v="uk:Володимирська вулиця (Київ)"/>
  </way>
  <way id="713343855">
    <nd ref="26303203"/>
    <nd ref="4969053738"/>
    <tag k="cycleway:both" v="no"/>
    <tag k="highway" v="secondary"/>
    <tag k="lanes" v="4"/>
    <tag k="lit" v="yes"/>
    <tag k="maxspeed" v="50"/>
    <tag k="name" v="Володимирська вулиця"/>
    <tag k="name:de" v="Wolodymyr-Straße"/>
    <tag k="name:en" v="Volodymyrska Street"/>
    <tag k="name:es" v="Calle Volodymyrska"/>
    <tag k="name:etymology" v="Володимир Великий"/>
    <tag k="name:etymology:wikidata" v="Q14974"/>
    <tag k="name:etymology:wikipedia" v="uk:Володимир Святославич"/>
    <tag k="name:fr" v="Rue Volodymyrska"/>
    <tag k="name:it" v="Via Volodymyrs'ka"/>
    <tag k="name:pl" v="ulica Włodzimierska"/>
    <tag k="name:ru" v="Владимирская улица"/>
    <tag k="name:uk" v="Володимирська вулиця"/>
    <tag k="name:uk-Latn" v="Volodymyrska vulytsia"/>
    <tag k="old_name:de" v="Wladimirskaja-Straße"/>
    <tag k="surface" v="sett"/>
    <tag k="wikidata" v="Q3400240"/>
    <tag k="wikipedia" v="uk:Володимирська вулиця (Київ)"/>
  </way>
  <way id="713343856">
    <nd ref="3506121893"/>
    <nd ref="3506121785"/>
    <tag k="highway" v="secondary"/>
    <tag k="lanes" v="4"/>
    <tag k="lit" v="yes"/>
    <tag k="maxspeed" v="50"/>
    <tag k="name" v="Володимирська вулиця"/>
    <tag k="name:de" v="Wolodymyr-Straße"/>
    <tag k="name:en" v="Volodymyrska Street"/>
    <tag k="name:es" v="Calle Volodymyrska"/>
    <tag k="name:etymology" v="Володимир Великий"/>
    <tag k="name:etymology:wikidata" v="Q14974"/>
    <tag k="name:etymology:wikipedia" v="uk:Володимир Святославич"/>
    <tag k="name:fr" v="Rue Volodymyrska"/>
    <tag k="name:it" v="Via Volodymyrs'ka"/>
    <tag k="name:pl" v="ulica Włodzimierska"/>
    <tag k="name:ru" v="Владимирская улица"/>
    <tag k="name:uk" v="Володимирська вулиця"/>
    <tag k="name:uk-Latn" v="Volodymyrska vulytsia"/>
    <tag k="old_name:de" v="Wladimirskaja-Straße"/>
    <tag k="surface" v="sett"/>
    <tag k="wikidata" v="Q3400240"/>
    <tag k="wikipedia" v="uk:Володимирська вулиця (Київ)"/>
  </way>
  <way id="713343857">
    <nd ref="3506121894"/>
    <nd ref="3506121893"/>
    <tag k="highway" v="secondary"/>
    <tag k="lanes" v="4"/>
    <tag k="lit" v="yes"/>
    <tag k="maxspeed" v="50"/>
    <tag k="name" v="Володимирська вулиця"/>
    <tag k="name:de" v="Wolodymyr-Straße"/>
    <tag k="name:en" v="Volodymyrska Street"/>
    <tag k="name:es" v="Calle Volodymyrska"/>
    <tag k="name:etymology" v="Володимир Великий"/>
    <tag k="name:etymology:wikidata" v="Q14974"/>
    <tag k="name:etymology:wikipedia" v="uk:Володимир Святославич"/>
    <tag k="name:fr" v="Rue Volodymyrska"/>
    <tag k="name:it" v="Via Volodymyrs'ka"/>
    <tag k="name:pl" v="ulica Włodzimierska"/>
    <tag k="name:ru" v="Владимирская улица"/>
    <tag k="name:uk" v="Володимирська вулиця"/>
    <tag k="name:uk-Latn" v="Volodymyrska vulytsia"/>
    <tag k="old_name:de" v="Wladimirskaja-Straße"/>
    <tag k="surface" v="sett"/>
    <tag k="wikidata" v="Q3400240"/>
    <tag k="wikipedia" v="uk:Володимирська вулиця (Київ)"/>
  </way>
  <way id="713343858">
    <nd ref="3506121907"/>
    <nd ref="3506121894"/>
    <tag k="highway" v="secondary"/>
    <tag k="lanes" v="4"/>
    <tag k="lit" v="yes"/>
    <tag k="maxspeed" v="50"/>
    <tag k="name" v="Володимирська вулиця"/>
    <tag k="name:de" v="Wolodymyr-Straße"/>
    <tag k="name:en" v="Volodymyrska Street"/>
    <tag k="name:es" v="Calle Volodymyrska"/>
    <tag k="name:etymology" v="Володимир Великий"/>
    <tag k="name:etymology:wikidata" v="Q14974"/>
    <tag k="name:etymology:wikipedia" v="uk:Володимир Святославич"/>
    <tag k="name:fr" v="Rue Volodymyrska"/>
    <tag k="name:it" v="Via Volodymyrs'ka"/>
    <tag k="name:pl" v="ulica Włodzimierska"/>
    <tag k="name:ru" v="Владимирская улица"/>
    <tag k="name:uk" v="Володимирська вулиця"/>
    <tag k="name:uk-Latn" v="Volodymyrska vulytsia"/>
    <tag k="old_name:de" v="Wladimirskaja-Straße"/>
    <tag k="surface" v="sett"/>
    <tag k="wikidata" v="Q3400240"/>
    <tag k="wikipedia" v="uk:Володимирська вулиця (Київ)"/>
  </way>
  <way id="713343870">
    <nd ref="3421744178"/>
    <nd ref="3150078731"/>
    <tag k="cycleway:both" v="no"/>
    <tag k="highway" v="secondary"/>
    <tag k="lane_markings" v="yes"/>
    <tag k="lanes" v="6"/>
    <tag k="lanes:backward" v="3"/>
    <tag k="lanes:forward" v="3"/>
    <tag k="lit" v="yes"/>
    <tag k="maxspeed" v="50"/>
    <tag k="name" v="Володимирська вулиця"/>
    <tag k="name:de" v="Wolodymyr-Straße"/>
    <tag k="name:en" v="Volodymyrska Street"/>
    <tag k="name:es" v="Calle Volodymyrska"/>
    <tag k="name:etymology" v="Володимир Великий"/>
    <tag k="name:etymology:wikidata" v="Q14974"/>
    <tag k="name:etymology:wikipedia" v="uk:Володимир Святославич"/>
    <tag k="name:fr" v="Rue Volodymyrska"/>
    <tag k="name:it" v="Via Volodymyrs'ka"/>
    <tag k="name:pl" v="ulica Włodzimierska"/>
    <tag k="name:uk" v="Володимирська вулиця"/>
    <tag k="name:uk-Latn" v="Volodymyrska vulytsia"/>
    <tag k="old_name:de" v="Wladimirsskaja-Straße"/>
    <tag k="parking:left" v="no"/>
    <tag k="parking:right" v="on_kerb"/>
    <tag k="parking:right:orientation" v="diagonal"/>
    <tag k="surface" v="sett"/>
    <tag k="wikidata" v="Q3400240"/>
    <tag k="wikipedia" v="uk:Володимирська вулиця (Київ)"/>
  </way>
  <way id="720920721">
    <nd ref="2758058518"/>
    <nd ref="7131571067"/>
    <nd ref="7131571068"/>
    <nd ref="6764109281"/>
    <tag k="highway" v="footway"/>
    <tag k="surface" v="asphalt"/>
  </way>
  <way id="720920722">
    <nd ref="6764109284"/>
    <nd ref="6764109282"/>
    <nd ref="7111896182"/>
    <tag k="highway" v="service"/>
  </way>
  <way id="735476352">
    <nd ref="6888722125"/>
    <nd ref="6888722150"/>
    <nd ref="6888722157"/>
    <nd ref="12458903406"/>
    <nd ref="6888722169"/>
    <tag k="highway" v="service"/>
    <tag k="surface" v="paving_stones"/>
  </way>
  <way id="735476355">
    <nd ref="6888722167"/>
    <nd ref="6888722125"/>
    <tag k="highway" v="service"/>
    <tag k="surface" v="paving_stones"/>
    <tag k="tunnel" v="building_passage"/>
  </way>
  <way id="735476359">
    <nd ref="12398542105"/>
    <nd ref="12398542104"/>
    <nd ref="6888722159"/>
    <nd ref="6888722137"/>
    <nd ref="6888722141"/>
    <nd ref="6888722167"/>
    <tag k="highway" v="service"/>
    <tag k="living_street" v="yes"/>
    <tag k="surface" v="paving_stones"/>
  </way>
  <way id="735476360">
    <nd ref="6888722138"/>
    <nd ref="6888722148"/>
    <tag k="highway" v="service"/>
    <tag k="living_street" v="yes"/>
    <tag k="surface" v="asphalt"/>
    <tag k="tunnel" v="building_passage"/>
  </way>
  <way id="735476365">
    <nd ref="6888722148"/>
    <nd ref="6888722146"/>
    <nd ref="12458903405"/>
    <nd ref="6888722152"/>
    <tag k="highway" v="service"/>
    <tag k="surface" v="asphalt"/>
  </way>
  <way id="735476368">
    <nd ref="6888722128"/>
    <nd ref="6888722138"/>
    <tag k="highway" v="service"/>
    <tag k="living_street" v="yes"/>
    <tag k="surface" v="asphalt"/>
  </way>
  <way id="740704403">
    <nd ref="1469571180"/>
    <nd ref="1469571178"/>
    <nd ref="1469571177"/>
    <tag k="footway" v="crossing"/>
    <tag k="highway" v="footway"/>
    <tag k="lit" v="yes"/>
    <tag k="surface" v="asphalt"/>
  </way>
  <way id="740704405">
    <nd ref="6934807696"/>
    <nd ref="12899715561"/>
    <nd ref="4430909092"/>
    <nd ref="4430909090"/>
    <tag k="footway" v="sidewalk"/>
    <tag k="highway" v="footway"/>
  </way>
  <way id="740704406">
    <nd ref="4430909090"/>
    <nd ref="4430909089"/>
    <nd ref="1568021884"/>
    <tag k="footway" v="crossing"/>
    <tag k="highway" v="footway"/>
    <tag k="lit" v="yes"/>
    <tag k="surface" v="asphalt"/>
  </way>
  <way id="740704408">
    <nd ref="4430908186"/>
    <nd ref="12167817640"/>
    <nd ref="4430909093"/>
    <nd ref="6934807707"/>
    <tag k="footway" v="sidewalk"/>
    <tag k="highway" v="footway"/>
  </way>
  <way id="740704409">
    <nd ref="6934807703"/>
    <nd ref="4430908182"/>
    <nd ref="4430908181"/>
    <nd ref="6934807704"/>
    <tag k="footway" v="sidewalk"/>
    <tag k="highway" v="footway"/>
    <tag k="surface" v="paving_stones"/>
  </way>
  <way id="740704411">
    <nd ref="6934807695"/>
    <nd ref="12486819811"/>
    <nd ref="4430909103"/>
    <nd ref="5373269357"/>
    <nd ref="4430909105"/>
    <nd ref="12900279713"/>
    <nd ref="4430909118"/>
    <nd ref="4430909119"/>
    <nd ref="6259308920"/>
    <nd ref="4430909122"/>
    <tag k="footway" v="sidewalk"/>
    <tag k="highway" v="footway"/>
    <tag k="surface" v="paving_stones"/>
  </way>
  <way id="740704412">
    <nd ref="6934807707"/>
    <nd ref="4430909095"/>
    <nd ref="6934807695"/>
    <tag k="footway" v="crossing"/>
    <tag k="highway" v="footway"/>
  </way>
  <way id="740704413">
    <nd ref="6934807704"/>
    <nd ref="4430908183"/>
    <nd ref="6934807698"/>
    <tag k="footway" v="crossing"/>
    <tag k="highway" v="footway"/>
    <tag k="lit" v="no"/>
    <tag k="surface" v="asphalt"/>
  </way>
  <way id="740704414">
    <nd ref="6934807709"/>
    <nd ref="12899715587"/>
    <nd ref="4430909098"/>
    <nd ref="12899715573"/>
    <nd ref="12167817649"/>
    <nd ref="6934807697"/>
    <tag k="footway" v="sidewalk"/>
    <tag k="highway" v="footway"/>
    <tag k="surface" v="paving_stones"/>
  </way>
  <way id="740704415">
    <nd ref="6934807699"/>
    <nd ref="4430909099"/>
    <nd ref="11227245969"/>
    <nd ref="1469571180"/>
    <tag k="footway" v="crossing"/>
    <tag k="highway" v="footway"/>
    <tag k="lit" v="yes"/>
    <tag k="surface" v="asphalt"/>
  </way>
  <way id="740704416">
    <nd ref="6934807698"/>
    <nd ref="4820416660"/>
    <nd ref="4430908184"/>
    <nd ref="6934807706"/>
    <nd ref="4430908186"/>
    <tag k="footway" v="sidewalk"/>
    <tag k="highway" v="footway"/>
    <tag k="surface" v="asphalt"/>
  </way>
  <way id="740704417">
    <nd ref="4430909090"/>
    <nd ref="12803540470"/>
    <nd ref="4430909097"/>
    <nd ref="6934807699"/>
    <tag k="footway" v="sidewalk"/>
    <tag k="highway" v="footway"/>
    <tag k="surface" v="paving_stones"/>
  </way>
  <way id="740704420">
    <nd ref="4430908186"/>
    <nd ref="4430908188"/>
    <nd ref="4430909090"/>
    <tag k="footway" v="crossing"/>
    <tag k="highway" v="footway"/>
    <tag k="lit" v="yes"/>
    <tag k="surface" v="asphalt"/>
  </way>
  <way id="740704424">
    <nd ref="6934807697"/>
    <nd ref="6387437769"/>
    <nd ref="6934807696"/>
    <tag k="footway" v="crossing"/>
    <tag k="highway" v="footway"/>
  </way>
  <way id="754891679">
    <nd ref="2299822116"/>
    <nd ref="2299819979"/>
    <tag k="cycleway:both" v="no"/>
    <tag k="hgv" v="no"/>
    <tag k="highway" v="tertiary"/>
    <tag k="lanes" v="3"/>
    <tag k="lanes:backward" v="1"/>
    <tag k="lanes:forward" v="2"/>
    <tag k="maxspeed" v="50"/>
    <tag k="motorcycle" v="no"/>
    <tag k="name" v="Прорізна вулиця"/>
    <tag k="name:de" v="Prorisna-Straße"/>
    <tag k="name:en" v="Prorizna Street"/>
    <tag k="name:es" v="Calle Prorizná"/>
    <tag k="name:fr" v="Rue Prorizna"/>
    <tag k="name:hr" v="Prorizna ulica"/>
    <tag k="name:it" v="Via Prorizna"/>
    <tag k="name:ru" v="Прорезная улица"/>
    <tag k="name:uk" v="Прорізна вулиця"/>
    <tag k="sidewalk:both" v="separate"/>
    <tag k="surface" v="sett"/>
    <tag k="tourist_bus" v="no"/>
  </way>
  <way id="761208668">
    <nd ref="7111896181"/>
    <nd ref="6764109281"/>
    <nd ref="6764109283"/>
    <tag k="highway" v="service"/>
  </way>
  <way id="761208669">
    <nd ref="7111896182"/>
    <nd ref="7111896181"/>
    <tag k="highway" v="service"/>
    <tag k="tunnel" v="building_passage"/>
  </way>
  <way id="763181160">
    <nd ref="7131571070"/>
    <nd ref="7132746950"/>
    <tag k="highway" v="path"/>
  </way>
  <way id="775960987">
    <nd ref="7239000578"/>
    <nd ref="11227246013"/>
    <nd ref="8057448117"/>
    <nd ref="8057448116"/>
    <nd ref="8057448115"/>
    <tag k="highway" v="service"/>
    <tag k="service" v="parking_aisle"/>
  </way>
  <way id="775960989">
    <nd ref="7239000582"/>
    <nd ref="7239000583"/>
    <tag k="footway" v="sidewalk"/>
    <tag k="highway" v="footway"/>
  </way>
  <way id="775960990">
    <nd ref="4276917956"/>
    <nd ref="7239000584"/>
    <tag k="highway" v="service"/>
    <tag k="surface" v="asphalt"/>
  </way>
  <way id="775960991">
    <nd ref="7239000585"/>
    <nd ref="7239000586"/>
    <nd ref="7239000587"/>
    <tag k="highway" v="service"/>
    <tag k="surface" v="asphalt"/>
  </way>
  <way id="775960992">
    <nd ref="7239000587"/>
    <nd ref="7239000588"/>
    <tag k="highway" v="service"/>
    <tag k="layer" v="-1"/>
    <tag k="maxheight" v="default"/>
    <tag k="surface" v="paving_stones"/>
    <tag k="tunnel" v="yes"/>
  </way>
  <way id="775960993">
    <nd ref="7239000588"/>
    <nd ref="7239000593"/>
    <nd ref="7239000589"/>
    <tag k="highway" v="service"/>
    <tag k="surface" v="paving_stones"/>
  </way>
  <way id="775960994">
    <nd ref="7239000589"/>
    <nd ref="7239000590"/>
    <tag k="highway" v="service"/>
    <tag k="layer" v="-1"/>
    <tag k="maxheight" v="below_default"/>
    <tag k="tunnel" v="yes"/>
  </way>
  <way id="775960995">
    <nd ref="7239000590"/>
    <nd ref="7239000591"/>
    <tag k="highway" v="service"/>
    <tag k="surface" v="asphalt"/>
  </way>
  <way id="775960996">
    <nd ref="7239000593"/>
    <nd ref="7239000594"/>
    <tag k="highway" v="service"/>
    <tag k="surface" v="paving_stones"/>
  </way>
  <way id="794590342">
    <nd ref="7431910317"/>
    <nd ref="7992689590"/>
    <nd ref="7992689589"/>
    <nd ref="7992689586"/>
    <nd ref="7431910318"/>
    <nd ref="7992689588"/>
    <nd ref="5902854221"/>
    <nd ref="7431910319"/>
    <nd ref="7431910320"/>
    <nd ref="7431851642"/>
    <nd ref="4968512998"/>
    <nd ref="7992682773"/>
    <nd ref="7431910322"/>
    <nd ref="7992682760"/>
    <nd ref="7431910317"/>
    <tag k="area" v="yes"/>
    <tag k="highway" v="pedestrian"/>
    <tag k="type" v="multipolygon"/>
  </way>
  <way id="795334492">
    <nd ref="7438883247"/>
    <nd ref="7656751903"/>
    <nd ref="7656751904"/>
    <nd ref="7438883240"/>
    <nd ref="7438883241"/>
    <nd ref="7438883242"/>
    <nd ref="7438883243"/>
    <nd ref="7438883244"/>
    <nd ref="7438883245"/>
    <nd ref="7438883246"/>
    <nd ref="7438883247"/>
    <nd ref="7438883238"/>
    <tag k="highway" v="service"/>
    <tag k="service" v="parking_aisle"/>
  </way>
  <way id="795334493">
    <nd ref="7438883236"/>
    <nd ref="7438883248"/>
    <nd ref="7438883249"/>
    <nd ref="7438883250"/>
    <nd ref="7438883251"/>
    <tag k="highway" v="service"/>
    <tag k="service" v="parking_aisle"/>
  </way>
  <way id="795334495">
    <nd ref="7438883251"/>
    <nd ref="7438883255"/>
    <nd ref="7438883256"/>
    <nd ref="7438883257"/>
    <nd ref="7438883258"/>
    <tag k="highway" v="path"/>
  </way>
  <way id="795334496">
    <nd ref="7438883258"/>
    <nd ref="7438883259"/>
    <tag k="highway" v="steps"/>
  </way>
  <way id="795334497">
    <nd ref="7438883259"/>
    <nd ref="7438883238"/>
    <tag k="footway" v="sidewalk"/>
    <tag k="highway" v="footway"/>
  </way>
  <way id="795334498">
    <nd ref="7438883237"/>
    <nd ref="7438883261"/>
    <nd ref="7438883262"/>
    <nd ref="7438883263"/>
    <nd ref="7438883264"/>
    <tag k="footway" v="sidewalk"/>
    <tag k="highway" v="footway"/>
  </way>
  <way id="795334501">
    <nd ref="7438883273"/>
    <nd ref="7438883274"/>
    <nd ref="7438883275"/>
    <nd ref="7438883276"/>
    <nd ref="7438883277"/>
    <tag k="highway" v="service"/>
    <tag k="service" v="parking_aisle"/>
  </way>
  <way id="795334503">
    <nd ref="7438883278"/>
    <nd ref="7438883279"/>
    <tag k="highway" v="service"/>
    <tag k="service" v="parking_aisle"/>
  </way>
  <way id="795334504">
    <nd ref="7438883280"/>
    <nd ref="10978899420"/>
    <tag k="footway" v="sidewalk"/>
    <tag k="highway" v="steps"/>
  </way>
  <way id="815523418">
    <nd ref="384741772"/>
    <nd ref="7616543045"/>
    <tag k="highway" v="service"/>
    <tag k="tunnel" v="building_passage"/>
  </way>
  <way id="815523419">
    <nd ref="7616543045"/>
    <nd ref="7616543046"/>
    <tag k="highway" v="service"/>
  </way>
  <way id="816322972">
    <nd ref="2763492920"/>
    <nd ref="12987267858"/>
    <nd ref="8013961100"/>
    <nd ref="3331633600"/>
    <nd ref="7990326552"/>
    <nd ref="7990326551"/>
    <nd ref="7990326550"/>
    <nd ref="3331633602"/>
    <nd ref="7990326527"/>
    <nd ref="1469571166"/>
    <tag k="bicycle" v="yes"/>
    <tag k="footway" v="sidewalk"/>
    <tag k="highway" v="footway"/>
  </way>
  <way id="816322973">
    <nd ref="4337826526"/>
    <nd ref="4325208016"/>
    <nd ref="7624016131"/>
    <nd ref="4325208017"/>
    <nd ref="7624016118"/>
    <tag k="highway" v="service"/>
    <tag k="surface" v="asphalt"/>
  </way>
  <way id="819528449">
    <nd ref="7653191380"/>
    <nd ref="7653191379"/>
    <tag k="highway" v="footway"/>
  </way>
  <way id="819528450">
    <nd ref="7653217987"/>
    <nd ref="7653217986"/>
    <tag k="highway" v="footway"/>
  </way>
  <way id="819529336">
    <nd ref="7653225993"/>
    <nd ref="7653225994"/>
    <nd ref="7653225995"/>
    <nd ref="7653225996"/>
    <nd ref="7653225997"/>
    <nd ref="7653225998"/>
    <nd ref="7653209884"/>
    <nd ref="7653225985"/>
    <nd ref="7653225986"/>
    <nd ref="9524816639"/>
    <nd ref="7653225987"/>
    <nd ref="7653225988"/>
    <nd ref="7653225989"/>
    <nd ref="7653225991"/>
    <nd ref="7653225990"/>
    <nd ref="7653225992"/>
    <nd ref="7653225993"/>
    <tag k="highway" v="footway"/>
  </way>
  <way id="819914295">
    <nd ref="7438883235"/>
    <nd ref="7438883236"/>
    <nd ref="7438883237"/>
    <nd ref="7438883238"/>
    <tag k="highway" v="service"/>
    <tag k="service" v="parking_aisle"/>
  </way>
  <way id="820009965">
    <nd ref="7657588621"/>
    <nd ref="7657588649"/>
    <tag k="highway" v="footway"/>
  </way>
  <way id="820009966">
    <nd ref="7657588628"/>
    <nd ref="7657588627"/>
    <nd ref="7657588626"/>
    <nd ref="7657588625"/>
    <nd ref="7657588624"/>
    <nd ref="7657588623"/>
    <nd ref="7657588622"/>
    <tag k="highway" v="service"/>
  </way>
  <way id="820009969">
    <nd ref="7657588650"/>
    <nd ref="7657588649"/>
    <tag k="handrail" v="yes"/>
    <tag k="highway" v="steps"/>
    <tag k="incline" v="up"/>
    <tag k="ramp" v="no"/>
    <tag k="surface" v="concrete"/>
  </way>
  <way id="820009977">
    <nd ref="4799108914"/>
    <nd ref="7657590757"/>
    <nd ref="7657590756"/>
    <nd ref="7657590755"/>
    <nd ref="7657590754"/>
    <nd ref="7657590753"/>
    <nd ref="7657590752"/>
    <tag k="highway" v="service"/>
  </way>
  <way id="820013736">
    <nd ref="7657595698"/>
    <nd ref="7657595703"/>
    <tag k="highway" v="footway"/>
    <tag k="surface" v="asphalt"/>
  </way>
  <way id="820013737">
    <nd ref="7657595699"/>
    <nd ref="7657595704"/>
    <tag k="highway" v="footway"/>
    <tag k="surface" v="asphalt"/>
  </way>
  <way id="820013738">
    <nd ref="7657595700"/>
    <nd ref="7657595701"/>
    <tag k="highway" v="footway"/>
    <tag k="surface" v="asphalt"/>
  </way>
  <way id="820013739">
    <nd ref="7657595702"/>
    <nd ref="7657595701"/>
    <tag k="highway" v="footway"/>
    <tag k="surface" v="asphalt"/>
    <tag k="tunnel" v="building_passage"/>
  </way>
  <way id="820013740">
    <nd ref="7657595704"/>
    <nd ref="7657595703"/>
    <tag k="highway" v="footway"/>
    <tag k="surface" v="asphalt"/>
    <tag k="tunnel" v="building_passage"/>
  </way>
  <way id="820013741">
    <nd ref="7657595713"/>
    <nd ref="7657595712"/>
    <nd ref="7657595711"/>
    <nd ref="7657595710"/>
    <nd ref="7657595709"/>
    <nd ref="7657595699"/>
    <nd ref="7657595708"/>
    <nd ref="7657595707"/>
    <nd ref="7657595706"/>
    <nd ref="7657595705"/>
    <nd ref="7657595702"/>
    <tag k="highway" v="footway"/>
  </way>
  <way id="821254976">
    <nd ref="7653191383"/>
    <nd ref="7653191382"/>
    <tag k="highway" v="footway"/>
  </way>
  <way id="827255793">
    <nd ref="2763492800"/>
    <nd ref="7723302100"/>
    <nd ref="7723302101"/>
    <tag k="highway" v="footway"/>
  </way>
  <way id="827383719">
    <nd ref="7724489950"/>
    <nd ref="7724489951"/>
    <nd ref="7724489952"/>
    <tag k="highway" v="service"/>
  </way>
  <way id="827746282">
    <nd ref="428418583"/>
    <nd ref="11227243118"/>
    <nd ref="428418580"/>
    <tag k="cycleway:oneway" v="yes"/>
    <tag k="cycleway:right" v="track"/>
    <tag k="highway" v="residential"/>
    <tag k="lanes" v="1"/>
    <tag k="lit" v="no"/>
    <tag k="maxspeed" v="50"/>
    <tag k="name" v="Рейтарська вулиця"/>
    <tag k="name:de" v="Rejtarsska-Straße"/>
    <tag k="name:en" v="Reitarska Street"/>
    <tag k="name:es" v="Calle Reitarska"/>
    <tag k="name:etymology" v="рейтари"/>
    <tag k="name:etymology:wikidata" v="Q1151636"/>
    <tag k="name:etymology:wikipedia" v="uk:Рейтари"/>
    <tag k="name:fr" v="Rue Reïtarska"/>
    <tag k="name:it" v="Via Rejtars'ka"/>
    <tag k="name:uk" v="Рейтарська вулиця"/>
    <tag k="name:uk-Latn" v="Reitarska vulytsia"/>
    <tag k="oneway" v="yes"/>
    <tag k="parking:left" v="no"/>
    <tag k="parking:right" v="shoulder"/>
    <tag k="parking:right:orientation" v="perpendicular"/>
    <tag k="surface" v="asphalt"/>
    <tag k="wikidata" v="Q4392718"/>
    <tag k="wikipedia" v="uk:Рейтарська вулиця (Київ)"/>
  </way>
  <way id="839981739">
    <nd ref="7838287998"/>
    <nd ref="7838287999"/>
    <nd ref="8323007443"/>
    <nd ref="3331633602"/>
    <tag k="crossing" v="marked"/>
    <tag k="crossing:markings" v="yes"/>
    <tag k="footway" v="crossing"/>
    <tag k="highway" v="footway"/>
    <tag k="surface" v="asphalt"/>
  </way>
  <way id="839981740">
    <nd ref="1529446824"/>
    <nd ref="1529446831"/>
    <nd ref="5728801363"/>
    <nd ref="7438883280"/>
    <nd ref="5728801364"/>
    <nd ref="7884726352"/>
    <nd ref="2401346477"/>
    <nd ref="4276917968"/>
    <nd ref="6093953268"/>
    <nd ref="12546080342"/>
    <nd ref="8057448117"/>
    <nd ref="3143539934"/>
    <nd ref="3143539936"/>
    <nd ref="1529446960"/>
    <nd ref="13673837962"/>
    <nd ref="1529446963"/>
    <nd ref="1529446967"/>
    <tag k="footway" v="sidewalk"/>
    <tag k="highway" v="footway"/>
    <tag k="lit" v="yes"/>
    <tag k="surface" v="paving_stones"/>
  </way>
  <way id="839981741">
    <nd ref="1529446650"/>
    <nd ref="1529446607"/>
    <nd ref="7990326554"/>
    <nd ref="7990326550"/>
    <tag k="crossing" v="marked"/>
    <tag k="crossing:markings" v="yes"/>
    <tag k="footway" v="crossing"/>
    <tag k="highway" v="footway"/>
  </way>
  <way id="841346151">
    <nd ref="7850081073"/>
    <nd ref="7850081074"/>
    <tag k="handrail" v="no"/>
    <tag k="highway" v="steps"/>
    <tag k="incline" v="down"/>
    <tag k="ramp" v="no"/>
    <tag k="step_count" v="3"/>
    <tag k="surface" v="paving_stones"/>
  </way>
  <way id="841346152">
    <nd ref="7850081075"/>
    <nd ref="7850081076"/>
    <tag k="highway" v="footway"/>
  </way>
  <way id="841346153">
    <nd ref="7850081077"/>
    <nd ref="7850081078"/>
    <tag k="highway" v="footway"/>
    <tag k="surface" v="asphalt"/>
  </way>
  <way id="841346154">
    <nd ref="7850081078"/>
    <nd ref="7850081079"/>
    <tag k="highway" v="footway"/>
    <tag k="surface" v="asphalt"/>
    <tag k="tunnel" v="building_passage"/>
  </way>
  <way id="841346155">
    <nd ref="7850081080"/>
    <nd ref="7850081081"/>
    <nd ref="7850081082"/>
    <tag k="highway" v="service"/>
    <tag k="service" v="driveway"/>
  </way>
  <way id="841346156">
    <nd ref="7850081082"/>
    <nd ref="7850081083"/>
    <tag k="highway" v="service"/>
    <tag k="service" v="driveway"/>
    <tag k="tunnel" v="building_passage"/>
  </way>
  <way id="841346157">
    <nd ref="7850081084"/>
    <nd ref="7850092385"/>
    <tag k="handrail" v="yes"/>
    <tag k="highway" v="steps"/>
    <tag k="incline" v="up"/>
    <tag k="ramp" v="no"/>
    <tag k="step_count" v="5"/>
    <tag k="surface" v="paving_stones"/>
  </way>
  <way id="841346158">
    <nd ref="7850092386"/>
    <nd ref="7850092387"/>
    <nd ref="7850092388"/>
    <tag k="highway" v="service"/>
    <tag k="service" v="driveway"/>
  </way>
  <way id="841346159">
    <nd ref="7850092390"/>
    <nd ref="7850092391"/>
    <tag k="handrail" v="no"/>
    <tag k="highway" v="steps"/>
    <tag k="incline" v="up"/>
    <tag k="ramp" v="no"/>
    <tag k="step_count" v="2"/>
    <tag k="surface" v="paving_stones"/>
  </way>
  <way id="841346160">
    <nd ref="7850092388"/>
    <nd ref="7850092389"/>
    <tag k="highway" v="service"/>
    <tag k="service" v="driveway"/>
    <tag k="tunnel" v="building_passage"/>
  </way>
  <way id="841346161">
    <nd ref="7850092392"/>
    <nd ref="7850092393"/>
    <tag k="highway" v="footway"/>
  </way>
  <way id="841346162">
    <nd ref="7850092394"/>
    <nd ref="7850092395"/>
    <nd ref="7850092396"/>
    <nd ref="7850092397"/>
    <tag k="highway" v="service"/>
    <tag k="service" v="driveway"/>
  </way>
  <way id="841346165">
    <nd ref="7850092399"/>
    <nd ref="7850092400"/>
    <tag k="highway" v="footway"/>
    <tag k="surface" v="asphalt"/>
  </way>
  <way id="845139388">
    <nd ref="7884726343"/>
    <nd ref="7884726346"/>
    <tag k="highway" v="footway"/>
    <tag k="surface" v="paving_stones"/>
    <tag k="tunnel" v="building_passage"/>
  </way>
  <way id="845139390">
    <nd ref="7884726352"/>
    <nd ref="7884726343"/>
    <tag k="highway" v="footway"/>
    <tag k="surface" v="paving_stones"/>
  </way>
  <way id="857267669">
    <nd ref="7992682761"/>
    <nd ref="7992682768"/>
    <tag k="highway" v="steps"/>
  </way>
  <way id="857267670">
    <nd ref="7992682769"/>
    <nd ref="8323007445"/>
    <nd ref="7992682761"/>
    <tag k="highway" v="footway"/>
  </way>
  <way id="857267671">
    <nd ref="7992682763"/>
    <nd ref="8013961099"/>
    <nd ref="4799108828"/>
    <tag k="highway" v="steps"/>
  </way>
  <way id="857267672">
    <nd ref="7992682768"/>
    <nd ref="7992682767"/>
    <nd ref="7992682766"/>
    <nd ref="7992682763"/>
    <nd ref="7992682765"/>
    <nd ref="13737307012"/>
    <nd ref="7992682764"/>
    <nd ref="1529446315"/>
    <tag k="highway" v="footway"/>
  </way>
  <way id="857267676">
    <nd ref="7992689587"/>
    <nd ref="7992689586"/>
    <nd ref="7992689591"/>
    <tag k="highway" v="footway"/>
  </way>
  <way id="857267683">
    <nd ref="7992689702"/>
    <nd ref="4799108826"/>
    <tag k="highway" v="steps"/>
  </way>
  <way id="857267684">
    <nd ref="4799108826"/>
    <nd ref="1529446596"/>
    <tag k="highway" v="footway"/>
  </way>
  <way id="857267685">
    <nd ref="4799108830"/>
    <nd ref="4799108826"/>
    <tag k="highway" v="steps"/>
  </way>
  <way id="863432005">
    <nd ref="7699883265"/>
    <nd ref="4799108888"/>
    <tag k="highway" v="footway"/>
  </way>
  <way id="863432013">
    <nd ref="8043352894"/>
    <nd ref="8043352893"/>
    <tag k="highway" v="footway"/>
  </way>
  <way id="864272274">
    <nd ref="2318844175"/>
    <nd ref="2318844176"/>
    <nd ref="8051568411"/>
    <nd ref="8051568381"/>
    <nd ref="8051568380"/>
    <nd ref="8051568379"/>
    <nd ref="8051568378"/>
    <tag k="highway" v="footway"/>
    <tag k="source" v="Bing"/>
  </way>
  <way id="864284041">
    <nd ref="2318844180"/>
    <nd ref="8323026135"/>
    <nd ref="2318844184"/>
    <nd ref="3506121942"/>
    <nd ref="2318844193"/>
    <tag k="highway" v="footway"/>
    <tag k="source" v="Bing"/>
  </way>
  <way id="864507355">
    <nd ref="4216023712"/>
    <nd ref="7657590752"/>
    <tag k="highway" v="service"/>
    <tag k="living_street" v="yes"/>
  </way>
  <way id="872948297">
    <nd ref="8128999460"/>
    <nd ref="8128999448"/>
    <nd ref="11813831319"/>
    <nd ref="8128999463"/>
    <nd ref="8128999478"/>
    <nd ref="8128999451"/>
    <nd ref="8128999465"/>
    <tag k="highway" v="service"/>
  </way>
  <way id="882669331">
    <nd ref="8208679419"/>
    <nd ref="8208679436"/>
    <tag k="highway" v="footway"/>
    <tag k="tunnel" v="building_passage"/>
  </way>
  <way id="882669332">
    <nd ref="8208679435"/>
    <nd ref="8208679419"/>
    <tag k="highway" v="steps"/>
    <tag k="tunnel" v="building_passage"/>
  </way>
  <way id="882669333">
    <nd ref="8208679421"/>
    <nd ref="8208679422"/>
    <nd ref="8208679417"/>
    <nd ref="8208679434"/>
    <nd ref="8208679435"/>
    <tag k="highway" v="footway"/>
  </way>
  <way id="882669334">
    <nd ref="8208679434"/>
    <nd ref="8208679433"/>
    <nd ref="445413686"/>
    <tag k="highway" v="footway"/>
  </way>
  <way id="915423757">
    <nd ref="8208679433"/>
    <nd ref="8208679455"/>
    <tag k="highway" v="footway"/>
  </way>
  <way id="915423758">
    <nd ref="8208679455"/>
    <nd ref="8503183910"/>
    <tag k="highway" v="footway"/>
    <tag k="tunnel" v="building_passage"/>
  </way>
  <way id="915423759">
    <nd ref="8503183910"/>
    <nd ref="8503183911"/>
    <tag k="highway" v="footway"/>
    <tag k="tunnel" v="building_passage"/>
  </way>
  <way id="915423760">
    <nd ref="8503183910"/>
    <nd ref="8503183912"/>
    <nd ref="8503183913"/>
    <tag k="highway" v="footway"/>
    <tag k="tunnel" v="yes"/>
  </way>
  <way id="915423761">
    <nd ref="8503183913"/>
    <nd ref="8503183914"/>
    <nd ref="8503183915"/>
    <nd ref="8503183916"/>
    <nd ref="8503230417"/>
    <nd ref="8503230418"/>
    <nd ref="8503230419"/>
    <tag k="highway" v="footway"/>
  </way>
  <way id="915423762">
    <nd ref="8503183911"/>
    <nd ref="8503230420"/>
    <nd ref="8503230421"/>
    <nd ref="8208679432"/>
    <tag k="highway" v="footway"/>
  </way>
  <way id="915423763">
    <nd ref="8503230420"/>
    <nd ref="8503230422"/>
    <nd ref="8503230423"/>
    <nd ref="8503230424"/>
    <nd ref="8503230425"/>
    <nd ref="8503230426"/>
    <nd ref="8503230427"/>
    <nd ref="8503230428"/>
    <nd ref="8503230429"/>
    <nd ref="5902854211"/>
    <tag k="highway" v="footway"/>
  </way>
  <way id="928274374">
    <nd ref="6934807699"/>
    <nd ref="8611058325"/>
    <nd ref="1568021936"/>
    <tag k="footway" v="crossing"/>
    <tag k="highway" v="footway"/>
    <tag k="surface" v="asphalt"/>
  </way>
  <way id="928274375">
    <nd ref="6934807699"/>
    <nd ref="8611058326"/>
    <nd ref="8611058327"/>
    <tag k="footway" v="sidewalk"/>
    <tag k="highway" v="footway"/>
    <tag k="surface" v="asphalt"/>
  </way>
  <way id="948410306">
    <nd ref="1456800295"/>
    <nd ref="11227246015"/>
    <nd ref="1529446960"/>
    <nd ref="8778814214"/>
    <nd ref="8778830433"/>
    <nd ref="8778814197"/>
    <tag k="highway" v="service"/>
  </way>
  <way id="952220860">
    <nd ref="11773273060"/>
    <nd ref="12297462009"/>
    <nd ref="8813556055"/>
    <tag k="highway" v="service"/>
    <tag k="surface" v="paving_stones"/>
  </way>
  <way id="952220861">
    <nd ref="11773273061"/>
    <nd ref="11773273043"/>
    <nd ref="11773273057"/>
    <nd ref="11773273058"/>
    <nd ref="11773273056"/>
    <tag k="highway" v="service"/>
    <tag k="surface" v="paving_stones"/>
  </way>
  <way id="956135334">
    <nd ref="8849065945"/>
    <nd ref="4720139205"/>
    <nd ref="6337439608"/>
    <tag k="highway" v="service"/>
    <tag k="surface" v="paving_stones"/>
  </way>
  <way id="956135436">
    <nd ref="1568021810"/>
    <nd ref="2438865453"/>
    <nd ref="1568021859"/>
    <nd ref="1568021860"/>
    <nd ref="1568021861"/>
    <nd ref="12917814714"/>
    <nd ref="12803540480"/>
    <nd ref="2438865450"/>
    <nd ref="8849056750"/>
    <tag k="footway" v="sidewalk"/>
    <tag k="highway" v="footway"/>
    <tag k="surface" v="paving_stones"/>
  </way>
  <way id="956402664">
    <nd ref="8851265771"/>
    <nd ref="8851265772"/>
    <nd ref="8851265778"/>
    <tag k="highway" v="footway"/>
    <tag k="layer" v="-1"/>
  </way>
  <way id="956402665">
    <nd ref="4887639706"/>
    <nd ref="8851265770"/>
    <nd ref="8851265774"/>
    <tag k="highway" v="footway"/>
    <tag k="layer" v="-1"/>
  </way>
  <way id="956402666">
    <nd ref="8851265774"/>
    <nd ref="8851265771"/>
    <tag k="highway" v="steps"/>
    <tag k="layer" v="-1"/>
  </way>
  <way id="956402667">
    <nd ref="8747342542"/>
    <nd ref="8851265773"/>
    <nd ref="12522510459"/>
    <nd ref="12522510457"/>
    <nd ref="9041336378"/>
    <tag k="highway" v="service"/>
    <tag k="layer" v="0"/>
    <tag k="surface" v="paving_stones"/>
  </way>
  <way id="956402668">
    <nd ref="8851265779"/>
    <nd ref="8851265786"/>
    <nd ref="8851265780"/>
    <nd ref="8851265781"/>
    <tag k="highway" v="service"/>
    <tag k="service" v="parking_aisle"/>
  </way>
  <way id="956687204">
    <nd ref="12522510450"/>
    <nd ref="8853910254"/>
    <tag k="highway" v="footway"/>
    <tag k="tunnel" v="building_passage"/>
  </way>
  <way id="956688432">
    <nd ref="8853918693"/>
    <nd ref="1529446532"/>
    <nd ref="8853918694"/>
    <tag k="crossing" v="uncontrolled"/>
    <tag k="crossing:island" v="no"/>
    <tag k="crossing:markings" v="zebra"/>
    <tag k="footway" v="crossing"/>
    <tag k="highway" v="footway"/>
    <tag k="surface" v="asphalt"/>
    <tag k="tactile_paving" v="no"/>
  </way>
  <way id="956688541">
    <nd ref="1529446549"/>
    <nd ref="8853896653"/>
    <nd ref="8853896652"/>
    <tag k="crossing" v="uncontrolled"/>
    <tag k="crossing:island" v="no"/>
    <tag k="crossing:markings" v="zebra"/>
    <tag k="footway" v="crossing"/>
    <tag k="highway" v="footway"/>
    <tag k="surface" v="asphalt"/>
    <tag k="tactile_paving" v="no"/>
  </way>
  <way id="960839878">
    <nd ref="8888526010"/>
    <nd ref="3298087224"/>
    <tag k="highway" v="service"/>
    <tag k="maxspeed" v="20"/>
    <tag k="surface" v="sett"/>
    <tag k="tunnel" v="building_passage"/>
  </way>
  <way id="976643653">
    <nd ref="8208679422"/>
    <nd ref="9037669813"/>
    <tag k="highway" v="footway"/>
  </way>
  <way id="976643654">
    <nd ref="9037669814"/>
    <nd ref="12398564250"/>
    <nd ref="12398564251"/>
    <nd ref="12398564252"/>
    <nd ref="12398564253"/>
    <nd ref="9037669813"/>
    <tag k="highway" v="steps"/>
  </way>
  <way id="976643655">
    <nd ref="9037669814"/>
    <nd ref="9037669815"/>
    <nd ref="12987267850"/>
    <tag k="highway" v="service"/>
  </way>
  <way id="977027975">
    <nd ref="9041336378"/>
    <nd ref="9041336370"/>
    <tag k="highway" v="service"/>
    <tag k="surface" v="paving_stones"/>
    <tag k="tunnel" v="building_passage"/>
  </way>
  <way id="977027976">
    <nd ref="9041336376"/>
    <nd ref="4887639688"/>
    <nd ref="4887639689"/>
    <nd ref="4887639706"/>
    <tag k="highway" v="service"/>
  </way>
  <way id="977027977">
    <nd ref="9041336370"/>
    <nd ref="8851265779"/>
    <nd ref="8851265776"/>
    <nd ref="8851265778"/>
    <nd ref="8851265777"/>
    <tag k="highway" v="service"/>
    <tag k="layer" v="-1"/>
    <tag k="surface" v="paving_stones"/>
  </way>
  <way id="977027978">
    <nd ref="9041336363"/>
    <nd ref="9041336376"/>
    <tag k="highway" v="service"/>
    <tag k="tunnel" v="building_passage"/>
  </way>
  <way id="977866925">
    <nd ref="9048230259"/>
    <nd ref="9048230262"/>
    <nd ref="9048230261"/>
    <nd ref="9048230260"/>
    <tag k="highway" v="footway"/>
  </way>
  <way id="980514451">
    <nd ref="4711603582"/>
    <nd ref="12520486487"/>
    <nd ref="12520486468"/>
    <nd ref="12195542505"/>
    <nd ref="12195491194"/>
    <nd ref="1529446000"/>
    <nd ref="11117009280"/>
    <nd ref="1005409298"/>
    <tag k="footway" v="sidewalk"/>
    <tag k="highway" v="footway"/>
    <tag k="surface" v="paving_stones"/>
  </way>
  <way id="1007493332">
    <nd ref="8853918694"/>
    <nd ref="11227231769"/>
    <nd ref="1005421092"/>
    <tag k="footway" v="sidewalk"/>
    <tag k="highway" v="footway"/>
    <tag k="surface" v="asphalt"/>
  </way>
  <way id="1019091220">
    <nd ref="9399805054"/>
    <nd ref="1529446681"/>
    <nd ref="1529446658"/>
    <nd ref="1648540570"/>
    <nd ref="4887639692"/>
    <nd ref="4758133894"/>
    <nd ref="4711603580"/>
    <nd ref="4758133880"/>
    <tag k="footway" v="sidewalk"/>
    <tag k="highway" v="footway"/>
    <tag k="surface" v="asphalt"/>
  </way>
  <way id="1025790062">
    <nd ref="1456800480"/>
    <nd ref="1456800467"/>
    <nd ref="1469571185"/>
    <nd ref="4758133884"/>
    <nd ref="5630944046"/>
    <nd ref="5630944045"/>
    <nd ref="3738855685"/>
    <nd ref="4864705898"/>
    <nd ref="1456800315"/>
    <nd ref="1456800314"/>
    <tag k="footway" v="sidewalk"/>
    <tag k="highway" v="footway"/>
    <tag k="lit" v="yes"/>
    <tag k="surface" v="paving_stones"/>
  </way>
  <way id="1031713864">
    <nd ref="4887639687"/>
    <nd ref="1529446746"/>
    <nd ref="1529446761"/>
    <nd ref="445354533"/>
    <nd ref="1529446922"/>
    <nd ref="1529446931"/>
    <nd ref="26546036"/>
    <tag k="bicycle" v="yes"/>
    <tag k="cycleway:both" v="no"/>
    <tag k="foot" v="yes"/>
    <tag k="highway" v="residential"/>
    <tag k="incline" v="up"/>
    <tag k="lit" v="yes"/>
    <tag k="motor_vehicle" v="destination"/>
    <tag k="name" v="вулиця Івана Франка"/>
    <tag k="name:de" v="Iwan-Franko-Straße"/>
    <tag k="name:en" v="Ivana Franka Street"/>
    <tag k="name:es" v="Calle de Iván Frankó"/>
    <tag k="name:etymology" v="Іван Якович Франко"/>
    <tag k="name:etymology:wikidata" v="Q332462"/>
    <tag k="name:etymology:wikipedia" v="uk:Франко Іван Якович"/>
    <tag k="name:fr" v="Rue Ivana Franka"/>
    <tag k="name:it" v="Via Ivana Franka"/>
    <tag k="name:pl" v="ulica Iwana Franki"/>
    <tag k="name:uk" v="вулиця Івана Франка"/>
    <tag k="name:uk-Latn" v="vulytsia Ivana Franka"/>
    <tag k="surface" v="asphalt"/>
  </way>
  <way id="1032928978">
    <nd ref="2683070551"/>
    <nd ref="9197196090"/>
    <tag k="footway" v="crossing"/>
    <tag k="highway" v="footway"/>
    <tag k="surface" v="sett"/>
  </way>
  <way id="1032928979">
    <nd ref="11576189501"/>
    <nd ref="9516743619"/>
    <nd ref="2683070541"/>
    <tag k="footway" v="sidewalk"/>
    <tag k="highway" v="footway"/>
    <tag k="surface" v="asphalt"/>
    <tag k="width" v="3"/>
  </way>
  <way id="1032928982">
    <nd ref="9516743639"/>
    <nd ref="9516743619"/>
    <nd ref="9197196091"/>
    <nd ref="2299822116"/>
    <tag k="highway" v="service"/>
    <tag k="surface" v="asphalt"/>
  </way>
  <way id="1032928983">
    <nd ref="9516743638"/>
    <nd ref="9516743639"/>
    <tag k="covered" v="yes"/>
    <tag k="highway" v="service"/>
    <tag k="surface" v="asphalt"/>
  </way>
  <way id="1032928984">
    <nd ref="5961799595"/>
    <nd ref="9516743644"/>
    <tag k="highway" v="service"/>
    <tag k="service" v="driveway"/>
    <tag k="tunnel" v="building_passage"/>
  </way>
  <way id="1032928985">
    <nd ref="9516743644"/>
    <nd ref="9516743643"/>
    <tag k="highway" v="service"/>
    <tag k="service" v="driveway"/>
  </way>
  <way id="1033341092">
    <nd ref="9520508704"/>
    <nd ref="9520505641"/>
    <nd ref="4969053749"/>
    <tag k="highway" v="footway"/>
    <tag k="surface" v="asphalt"/>
  </way>
  <way id="1033341093">
    <nd ref="9520508693"/>
    <nd ref="9520505640"/>
    <nd ref="4969053748"/>
    <tag k="highway" v="footway"/>
    <tag k="surface" v="paving_stones"/>
  </way>
  <way id="1033341095">
    <nd ref="9520508712"/>
    <nd ref="9520508713"/>
    <tag k="highway" v="footway"/>
    <tag k="surface" v="paving_stones"/>
  </way>
  <way id="1033341096">
    <nd ref="9520505650"/>
    <nd ref="9520505649"/>
    <tag k="highway" v="footway"/>
  </way>
  <way id="1033341097">
    <nd ref="9520505651"/>
    <nd ref="9520508734"/>
    <tag k="highway" v="footway"/>
  </way>
  <way id="1033341099">
    <nd ref="9520505678"/>
    <nd ref="9520505677"/>
    <tag k="highway" v="footway"/>
    <tag k="surface" v="paving_stones"/>
  </way>
  <way id="1033341102">
    <nd ref="9520505701"/>
    <nd ref="9520508774"/>
    <tag k="highway" v="footway"/>
    <tag k="surface" v="paving_stones"/>
  </way>
  <way id="1033341103">
    <nd ref="9520505703"/>
    <nd ref="9520505700"/>
    <tag k="highway" v="footway"/>
    <tag k="surface" v="paving_stones"/>
  </way>
  <way id="1033341104">
    <nd ref="9520508631"/>
    <nd ref="9520505712"/>
    <tag k="highway" v="footway"/>
    <tag k="surface" v="paving_stones"/>
  </way>
  <way id="1033341105">
    <nd ref="305558430"/>
    <nd ref="9520508629"/>
    <nd ref="9520508631"/>
    <nd ref="9520508630"/>
    <tag k="highway" v="footway"/>
    <tag k="lit" v="yes"/>
    <tag k="surface" v="paving_stones"/>
  </way>
  <way id="1033341117">
    <nd ref="9520508705"/>
    <nd ref="9520508706"/>
    <tag k="highway" v="footway"/>
    <tag k="surface" v="paving_stones"/>
  </way>
  <way id="1033341118">
    <nd ref="9520508620"/>
    <nd ref="9520508619"/>
    <tag k="highway" v="footway"/>
    <tag k="surface" v="paving_stones"/>
  </way>
  <way id="1033341119">
    <nd ref="9520508714"/>
    <nd ref="9520508711"/>
    <tag k="highway" v="footway"/>
    <tag k="surface" v="paving_stones"/>
  </way>
  <way id="1033341120">
    <nd ref="9520508743"/>
    <nd ref="9520508741"/>
    <nd ref="9520508740"/>
    <nd ref="9520508739"/>
    <nd ref="9520508738"/>
    <nd ref="9520508737"/>
    <nd ref="9520508742"/>
    <nd ref="9520508736"/>
    <nd ref="9520508735"/>
    <nd ref="9520508734"/>
    <nd ref="9520508733"/>
    <nd ref="9520508732"/>
    <nd ref="9520508743"/>
    <tag k="highway" v="footway"/>
    <tag k="surface" v="paving_stones"/>
  </way>
  <way id="1033341121">
    <nd ref="9520508775"/>
    <nd ref="9520508790"/>
    <tag k="highway" v="footway"/>
    <tag k="surface" v="paving_stones"/>
  </way>
  <way id="1033341122">
    <nd ref="9520508793"/>
    <nd ref="9520508773"/>
    <tag k="highway" v="footway"/>
    <tag k="surface" v="paving_stones"/>
  </way>
  <way id="1033341124">
    <nd ref="9520508790"/>
    <nd ref="9520508789"/>
    <tag k="handrail" v="no"/>
    <tag k="highway" v="steps"/>
    <tag k="incline" v="down"/>
    <tag k="ramp" v="no"/>
    <tag k="step_count" v="8"/>
    <tag k="surface" v="paving_stones"/>
  </way>
  <way id="1033341125">
    <nd ref="9520508792"/>
    <nd ref="9520508791"/>
    <tag k="highway" v="footway"/>
    <tag k="lit" v="yes"/>
    <tag k="surface" v="paving_stones"/>
  </way>
  <way id="1033882069">
    <nd ref="9524816710"/>
    <nd ref="9524816708"/>
    <nd ref="9524816687"/>
    <nd ref="9524816626"/>
    <tag k="highway" v="service"/>
    <tag k="service" v="driveway"/>
  </way>
  <way id="1033882070">
    <nd ref="9524816709"/>
    <nd ref="9524816710"/>
    <tag k="highway" v="service"/>
    <tag k="service" v="driveway"/>
    <tag k="tunnel" v="building_passage"/>
  </way>
  <way id="1033882071">
    <nd ref="4969053725"/>
    <nd ref="9524816634"/>
    <tag k="highway" v="footway"/>
    <tag k="surface" v="asphalt"/>
  </way>
  <way id="1033882072">
    <nd ref="4969053726"/>
    <nd ref="9524816633"/>
    <tag k="highway" v="footway"/>
    <tag k="surface" v="asphalt"/>
  </way>
  <way id="1033882073">
    <nd ref="9524819890"/>
    <nd ref="9524819889"/>
    <tag k="highway" v="service"/>
    <tag k="service" v="driveway"/>
  </way>
  <way id="1033882074">
    <nd ref="9524819891"/>
    <nd ref="9524819890"/>
    <tag k="highway" v="service"/>
    <tag k="service" v="driveway"/>
    <tag k="tunnel" v="building_passage"/>
  </way>
  <way id="1033882075">
    <nd ref="3540212162"/>
    <nd ref="9524816692"/>
    <tag k="highway" v="service"/>
    <tag k="service" v="driveway"/>
    <tag k="tunnel" v="building_passage"/>
  </way>
  <way id="1033882076">
    <nd ref="9524816630"/>
    <nd ref="9524819851"/>
    <nd ref="3540212162"/>
    <tag k="highway" v="service"/>
    <tag k="service" v="driveway"/>
  </way>
  <way id="1033882077">
    <nd ref="9197196090"/>
    <nd ref="1284382940"/>
    <nd ref="2079994033"/>
    <tag k="button_operated" v="no"/>
    <tag k="check_date" v="2025-05-11"/>
    <tag k="crossing" v="traffic_signals"/>
    <tag k="crossing:island" v="no"/>
    <tag k="crossing:markings" v="zebra"/>
    <tag k="footway" v="crossing"/>
    <tag k="highway" v="footway"/>
    <tag k="smoothness" v="intermediate"/>
    <tag k="surface" v="sett"/>
    <tag k="tactile_paving" v="no"/>
    <tag k="traffic_signals:sound" v="no"/>
    <tag k="traffic_signals:vibration" v="no"/>
  </way>
  <way id="1033882078">
    <nd ref="9524819900"/>
    <nd ref="9524819893"/>
    <tag k="highway" v="service"/>
    <tag k="surface" v="asphalt"/>
    <tag k="tunnel" v="building_passage"/>
  </way>
  <way id="1033882079">
    <nd ref="9524819828"/>
    <nd ref="9524819900"/>
    <tag k="highway" v="service"/>
    <tag k="service" v="alley"/>
    <tag k="surface" v="asphalt"/>
  </way>
  <way id="1033882080">
    <nd ref="9524819825"/>
    <nd ref="9524819824"/>
    <nd ref="9524819821"/>
    <nd ref="9524819822"/>
    <nd ref="9524819819"/>
    <nd ref="9524819820"/>
    <nd ref="9524819823"/>
    <tag k="highway" v="service"/>
    <tag k="surface" v="asphalt"/>
  </way>
  <way id="1033882081">
    <nd ref="9524819825"/>
    <nd ref="3540209677"/>
    <tag k="highway" v="service"/>
    <tag k="surface" v="asphalt"/>
    <tag k="tunnel" v="building_passage"/>
  </way>
  <way id="1033882083">
    <nd ref="9524816711"/>
    <nd ref="9524816712"/>
    <nd ref="9524816705"/>
    <nd ref="9524816707"/>
    <nd ref="9524816706"/>
    <nd ref="9524816700"/>
    <nd ref="9524816713"/>
    <nd ref="9524816701"/>
    <nd ref="9524816702"/>
    <nd ref="9524816703"/>
    <nd ref="9524816704"/>
    <nd ref="9524816709"/>
    <tag k="highway" v="service"/>
    <tag k="service" v="driveway"/>
  </way>
  <way id="1033882084">
    <nd ref="9524819826"/>
    <nd ref="9524819828"/>
    <nd ref="9524819827"/>
    <nd ref="9524816716"/>
    <nd ref="9524816714"/>
    <nd ref="9524816715"/>
    <nd ref="9524819817"/>
    <nd ref="9524819818"/>
    <tag k="highway" v="service"/>
    <tag k="service" v="alley"/>
    <tag k="surface" v="asphalt"/>
  </way>
  <way id="1033882098">
    <nd ref="9524816692"/>
    <nd ref="9524816674"/>
    <nd ref="9524816673"/>
    <nd ref="9524816671"/>
    <nd ref="9524816672"/>
    <nd ref="9524816670"/>
    <nd ref="9524816675"/>
    <tag k="highway" v="service"/>
    <tag k="service" v="driveway"/>
  </way>
  <way id="1033882099">
    <nd ref="9524816631"/>
    <nd ref="9524819844"/>
    <nd ref="9524819847"/>
    <nd ref="9524819891"/>
    <tag k="highway" v="service"/>
    <tag k="service" v="driveway"/>
  </way>
  <way id="1033882100">
    <nd ref="9524819893"/>
    <nd ref="9524819850"/>
    <nd ref="9524819892"/>
    <nd ref="9524816641"/>
    <tag k="highway" v="service"/>
    <tag k="surface" v="asphalt"/>
  </way>
  <way id="1088803094">
    <nd ref="9974815371"/>
    <nd ref="9974815370"/>
    <nd ref="9974815369"/>
    <tag k="highway" v="footway"/>
  </way>
  <way id="1088803095">
    <nd ref="9974815369"/>
    <nd ref="9974815368"/>
    <tag k="highway" v="steps"/>
  </way>
  <way id="1133562248">
    <nd ref="11773273042"/>
    <nd ref="8813556055"/>
    <tag k="highway" v="service"/>
    <tag k="surface" v="paving_stones"/>
  </way>
  <way id="1154359807">
    <nd ref="7992689720"/>
    <nd ref="7992689737"/>
    <nd ref="10735774522"/>
    <nd ref="7992137524"/>
    <nd ref="2763492920"/>
    <tag k="crossing" v="marked"/>
    <tag k="crossing:markings" v="yes"/>
    <tag k="footway" v="crossing"/>
    <tag k="highway" v="footway"/>
  </way>
  <way id="1163014077">
    <nd ref="10816172279"/>
    <nd ref="10816172284"/>
    <nd ref="10816172283"/>
    <nd ref="10816172280"/>
    <nd ref="10816172281"/>
    <nd ref="10816172282"/>
    <nd ref="10816172283"/>
    <tag k="highway" v="service"/>
  </way>
  <way id="1163014078">
    <nd ref="10816172285"/>
    <nd ref="10816172286"/>
    <tag k="highway" v="service"/>
    <tag k="surface" v="asphalt"/>
  </way>
  <way id="1169672524">
    <nd ref="10816172279"/>
    <nd ref="10876031392"/>
    <tag k="highway" v="service"/>
    <tag k="surface" v="asphalt"/>
  </way>
  <way id="1169672525">
    <nd ref="10816172285"/>
    <nd ref="10876031393"/>
    <tag k="highway" v="service"/>
    <tag k="surface" v="paving_stones"/>
  </way>
  <way id="1169672869">
    <nd ref="10816172286"/>
    <nd ref="10816172287"/>
    <tag k="highway" v="service"/>
    <tag k="tunnel" v="yes"/>
  </way>
  <way id="1169672870">
    <nd ref="10816172287"/>
    <nd ref="10876037391"/>
    <nd ref="10876037392"/>
    <tag k="highway" v="service"/>
  </way>
  <way id="1169793257">
    <nd ref="1469571180"/>
    <nd ref="1469571179"/>
    <nd ref="12488589712"/>
    <nd ref="6764175978"/>
    <nd ref="1469571202"/>
    <nd ref="1469571201"/>
    <tag k="footway" v="sidewalk"/>
    <tag k="highway" v="footway"/>
  </way>
  <way id="1169793259">
    <nd ref="1469571201"/>
    <nd ref="1469571200"/>
    <nd ref="1469571177"/>
    <tag k="footway" v="sidewalk"/>
    <tag k="highway" v="footway"/>
    <tag k="lit" v="yes"/>
    <tag k="surface" v="paving_stones"/>
  </way>
  <way id="1172395524">
    <nd ref="3143539934"/>
    <nd ref="3143539932"/>
    <tag k="highway" v="service"/>
    <tag k="surface" v="asphalt"/>
  </way>
  <way id="1172395525">
    <nd ref="10893127305"/>
    <nd ref="1568021816"/>
    <nd ref="1568021857"/>
    <nd ref="5630942684"/>
    <nd ref="1568021912"/>
    <nd ref="1568021918"/>
    <nd ref="1568021921"/>
    <tag k="footway" v="sidewalk"/>
    <tag k="highway" v="footway"/>
    <tag k="surface" v="paving_stones"/>
  </way>
  <way id="1182251085">
    <nd ref="10978899420"/>
    <nd ref="7438883281"/>
    <tag k="footway" v="sidewalk"/>
    <tag k="highway" v="footway"/>
    <tag k="surface" v="paving_stones"/>
  </way>
  <way id="1183352010">
    <nd ref="10989060958"/>
    <nd ref="10989060959"/>
    <nd ref="10989060960"/>
    <tag k="highway" v="service"/>
    <tag k="surface" v="asphalt"/>
  </way>
  <way id="1183352011">
    <nd ref="10989060955"/>
    <nd ref="10989060956"/>
    <nd ref="10989060957"/>
    <tag k="highway" v="service"/>
    <tag k="surface" v="paving_stones"/>
  </way>
  <way id="1183352012">
    <nd ref="10989060957"/>
    <nd ref="10989060958"/>
    <tag k="highway" v="service"/>
    <tag k="tunnel" v="building_passage"/>
  </way>
  <way id="1183353225">
    <nd ref="4276917961"/>
    <nd ref="10989070050"/>
    <tag k="highway" v="service"/>
    <tag k="surface" v="asphalt"/>
  </way>
  <way id="1183353226">
    <nd ref="10989070050"/>
    <nd ref="10989070051"/>
    <tag k="highway" v="service"/>
    <tag k="surface" v="asphalt"/>
    <tag k="tunnel" v="building_passage"/>
  </way>
  <way id="1183353227">
    <nd ref="10989070051"/>
    <nd ref="10989070052"/>
    <tag k="highway" v="service"/>
    <tag k="surface" v="asphalt"/>
  </way>
  <way id="1183353228">
    <nd ref="10989070053"/>
    <nd ref="4276917962"/>
    <nd ref="10989070054"/>
    <tag k="highway" v="service"/>
    <tag k="surface" v="asphalt"/>
  </way>
  <way id="1183624643">
    <nd ref="10991580361"/>
    <nd ref="4969053638"/>
    <tag k="highway" v="footway"/>
    <tag k="surface" v="paving_stones"/>
  </way>
  <way id="1183624647">
    <nd ref="10991621714"/>
    <nd ref="10991621715"/>
    <tag k="handrail" v="no"/>
    <tag k="highway" v="steps"/>
    <tag k="incline" v="down"/>
    <tag k="ramp" v="no"/>
    <tag k="step_count" v="4"/>
    <tag k="surface" v="paving_stones"/>
    <tag k="tunnel" v="building_passage"/>
  </way>
  <way id="1183624648">
    <nd ref="10991621715"/>
    <nd ref="3384027169"/>
    <tag k="highway" v="footway"/>
    <tag k="surface" v="paving_stones"/>
    <tag k="tunnel" v="building_passage"/>
  </way>
  <way id="1195586200">
    <nd ref="26546241"/>
    <nd ref="1568021814"/>
    <nd ref="4720139206"/>
    <nd ref="6337439611"/>
    <nd ref="12703546999"/>
    <nd ref="4720139203"/>
    <nd ref="1568021866"/>
    <nd ref="26546021"/>
    <tag k="check_date" v="2025-04-24"/>
    <tag k="cycleway:left" v="lane"/>
    <tag k="highway" v="residential"/>
    <tag k="lane_markings" v="yes"/>
    <tag k="lanes" v="2"/>
    <tag k="lit" v="yes"/>
    <tag k="maxspeed" v="50"/>
    <tag k="name" v="Стрілецька вулиця"/>
    <tag k="name:de" v="Strilezka-Straße"/>
    <tag k="name:en" v="Striletska Street"/>
    <tag k="name:es" v="Calle Striletska"/>
    <tag k="name:fr" v="Rue Striletska"/>
    <tag k="name:uk" v="Стрілецька вулиця"/>
    <tag k="name:uk-Latn" v="Striletska vulytsia"/>
    <tag k="oneway" v="yes"/>
    <tag k="oneway:bicycle" v="yes"/>
    <tag k="parking:both" v="no"/>
    <tag k="surface" v="asphalt"/>
    <tag k="wikidata" v="Q4443627"/>
    <tag k="wikipedia" v="uk:Стрілецька вулиця (Київ)"/>
  </way>
  <way id="1200764918">
    <nd ref="7657588650"/>
    <nd ref="1529446807"/>
    <tag k="handrail" v="yes"/>
    <tag k="highway" v="steps"/>
    <tag k="incline" v="down"/>
    <tag k="ramp" v="no"/>
    <tag k="ramp:stroller" v="no"/>
    <tag k="surface" v="asphalt"/>
  </way>
  <way id="1200764919">
    <nd ref="1529446807"/>
    <nd ref="1529446758"/>
    <nd ref="1005421035"/>
    <tag k="handrail" v="yes"/>
    <tag k="highway" v="steps"/>
    <tag k="incline" v="down"/>
    <tag k="ramp" v="no"/>
    <tag k="ramp:stroller" v="no"/>
    <tag k="step_count" v="38"/>
    <tag k="surface" v="paving_stones"/>
  </way>
  <way id="1200764932">
    <nd ref="11133592537"/>
    <nd ref="7657595698"/>
    <nd ref="7657595700"/>
    <nd ref="11133536191"/>
    <tag k="footway" v="sidewalk"/>
    <tag k="highway" v="footway"/>
    <tag k="surface" v="asphalt"/>
  </way>
  <way id="1200764935">
    <nd ref="1529446549"/>
    <nd ref="11133592537"/>
    <tag k="footway" v="sidewalk"/>
    <tag k="highway" v="footway"/>
    <tag k="surface" v="paving_stones"/>
  </way>
  <way id="1200764970">
    <nd ref="4758133880"/>
    <nd ref="1005421092"/>
    <tag k="footway" v="sidewalk"/>
    <tag k="highway" v="footway"/>
    <tag k="surface" v="asphalt"/>
  </way>
  <way id="1200764973">
    <nd ref="1005421092"/>
    <nd ref="11133574116"/>
    <tag k="footway" v="sidewalk"/>
    <tag k="handrail" v="no"/>
    <tag k="highway" v="steps"/>
    <tag k="incline" v="up"/>
    <tag k="ramp" v="yes"/>
    <tag k="ramp:wheelchair" v="yes"/>
    <tag k="step_count" v="11"/>
    <tag k="surface" v="paving_stones"/>
  </way>
  <way id="1200764974">
    <nd ref="11133574116"/>
    <nd ref="4711603582"/>
    <tag k="footway" v="sidewalk"/>
    <tag k="highway" v="footway"/>
    <tag k="surface" v="paving_stones"/>
  </way>
  <way id="1202788378">
    <nd ref="10989060959"/>
    <nd ref="11150204447"/>
    <nd ref="11150204448"/>
    <nd ref="11150204449"/>
    <nd ref="11150204450"/>
    <nd ref="11150204451"/>
    <nd ref="11150204452"/>
    <nd ref="4799108852"/>
    <tag k="highway" v="service"/>
  </way>
  <way id="1211836763">
    <nd ref="11227243085"/>
    <nd ref="11227243109"/>
    <nd ref="11227243086"/>
    <nd ref="11227243087"/>
    <nd ref="11227243088"/>
    <nd ref="11227243108"/>
    <nd ref="11227243089"/>
    <nd ref="11227243090"/>
    <nd ref="11227243110"/>
    <tag k="highway" v="cycleway"/>
    <tag k="oneway" v="no"/>
  </way>
  <way id="1211836764">
    <nd ref="11227243110"/>
    <nd ref="11227243119"/>
    <nd ref="11227243118"/>
    <nd ref="11227243117"/>
    <nd ref="11227243116"/>
    <nd ref="11227243115"/>
    <nd ref="11227243114"/>
    <nd ref="11227243113"/>
    <nd ref="26546084"/>
    <tag k="check_date" v="2025-05-12"/>
    <tag k="highway" v="cycleway"/>
    <tag k="oneway" v="no"/>
    <tag k="smoothness" v="excellent"/>
    <tag k="surface" v="asphalt"/>
  </way>
  <way id="1211836768">
    <nd ref="12186375296"/>
    <nd ref="12186375295"/>
    <nd ref="12186375294"/>
    <nd ref="11234203268"/>
    <nd ref="11234203269"/>
    <nd ref="12115272817"/>
    <nd ref="12115272812"/>
    <nd ref="11234203270"/>
    <nd ref="11227245983"/>
    <nd ref="11227245984"/>
    <nd ref="11227245985"/>
    <nd ref="11227245986"/>
    <nd ref="13362388820"/>
    <tag k="highway" v="cycleway"/>
    <tag k="oneway" v="yes"/>
    <tag k="smoothness" v="excellent"/>
    <tag k="surface" v="asphalt"/>
  </way>
  <way id="1216704500">
    <nd ref="1529446967"/>
    <nd ref="1529446965"/>
    <nd ref="4758133886"/>
    <nd ref="2401343194"/>
    <nd ref="1568021837"/>
    <nd ref="1005421043"/>
    <nd ref="1005421029"/>
    <tag k="footway" v="sidewalk"/>
    <tag k="highway" v="footway"/>
    <tag k="lit" v="yes"/>
  </way>
  <way id="1216704501">
    <nd ref="1529446627"/>
    <nd ref="10735774521"/>
    <nd ref="1529446650"/>
    <nd ref="7838287998"/>
    <nd ref="1529446813"/>
    <nd ref="1529446824"/>
    <tag k="footway" v="sidewalk"/>
    <tag k="highway" v="footway"/>
    <tag k="lit" v="yes"/>
  </way>
  <way id="1216709690">
    <nd ref="11117009278"/>
    <nd ref="11117009279"/>
    <nd ref="11117009280"/>
    <nd ref="11117009281"/>
    <nd ref="11117009283"/>
    <nd ref="12195491193"/>
    <nd ref="12195542506"/>
    <nd ref="12520486467"/>
    <nd ref="12520486486"/>
    <nd ref="11227231770"/>
    <nd ref="12458903410"/>
    <nd ref="11227231751"/>
    <nd ref="11227231769"/>
    <nd ref="11227231752"/>
    <nd ref="11227231771"/>
    <nd ref="11273736189"/>
    <nd ref="11227231753"/>
    <tag k="highway" v="cycleway"/>
    <tag k="surface" v="asphalt"/>
    <tag k="width" v="1"/>
  </way>
  <way id="1245217043">
    <nd ref="9197196090"/>
    <nd ref="11630405562"/>
    <nd ref="11576189501"/>
    <tag k="covered" v="yes"/>
    <tag k="footway" v="sidewalk"/>
    <tag k="highway" v="footway"/>
    <tag k="surface" v="wood"/>
    <tag k="width" v="1"/>
  </way>
  <way id="1249502440">
    <nd ref="9974815368"/>
    <nd ref="3981406714"/>
    <tag k="highway" v="footway"/>
  </way>
  <way id="1251159051">
    <nd ref="11630405566"/>
    <nd ref="11630405562"/>
    <nd ref="11630405564"/>
    <tag k="highway" v="service"/>
    <tag k="surface" v="unhewn_cobblestone"/>
  </way>
  <way id="1251159052">
    <nd ref="11630405566"/>
    <nd ref="11630405565"/>
    <tag k="highway" v="service"/>
    <tag k="tunnel" v="building_passage"/>
  </way>
  <way id="1251159054">
    <nd ref="11630416974"/>
    <nd ref="11630416975"/>
    <tag k="highway" v="steps"/>
    <tag k="incline" v="down"/>
  </way>
  <way id="1251159055">
    <nd ref="11630416976"/>
    <nd ref="11630416974"/>
    <tag k="highway" v="footway"/>
    <tag k="surface" v="asphalt"/>
  </way>
  <way id="1251159057">
    <nd ref="2438865441"/>
    <nd ref="2438865439"/>
    <nd ref="2438865436"/>
    <tag k="highway" v="footway"/>
    <tag k="lit" v="no"/>
    <tag k="surface" v="asphalt"/>
  </way>
  <way id="1251596320">
    <nd ref="2438865436"/>
    <nd ref="11634386893"/>
    <tag k="highway" v="footway"/>
    <tag k="surface" v="asphalt"/>
  </way>
  <way id="1264465574">
    <nd ref="5151983570"/>
    <nd ref="5151983571"/>
    <tag k="highway" v="service"/>
    <tag k="surface" v="paving_stones"/>
  </way>
  <way id="1267646993">
    <nd ref="7723302101"/>
    <nd ref="11773273046"/>
    <tag k="highway" v="steps"/>
  </way>
  <way id="1267646994">
    <nd ref="11773273043"/>
    <nd ref="11773273047"/>
    <nd ref="11773273046"/>
    <tag k="highway" v="footway"/>
    <tag k="surface" v="paving_stones"/>
  </way>
  <way id="1267646999">
    <nd ref="11773273062"/>
    <nd ref="11773273061"/>
    <tag k="highway" v="service"/>
    <tag k="layer" v="-1"/>
    <tag k="tunnel" v="yes"/>
  </way>
  <way id="1267647000">
    <nd ref="8813556055"/>
    <nd ref="11773273062"/>
    <tag k="highway" v="service"/>
    <tag k="surface" v="paving_stones"/>
  </way>
  <way id="1272220088">
    <nd ref="9520508789"/>
    <nd ref="9520505705"/>
    <tag k="highway" v="footway"/>
    <tag k="surface" v="paving_stones"/>
  </way>
  <way id="1272220089">
    <nd ref="11813831319"/>
    <nd ref="11813831326"/>
    <nd ref="11813831320"/>
    <tag k="highway" v="footway"/>
  </way>
  <way id="1272220090">
    <nd ref="11813831321"/>
    <nd ref="11813831320"/>
    <nd ref="11813831322"/>
    <nd ref="11813831323"/>
    <nd ref="11813831324"/>
    <nd ref="11813831325"/>
    <tag k="highway" v="footway"/>
  </way>
  <way id="1272220091">
    <nd ref="11813831326"/>
    <nd ref="11813831327"/>
    <tag k="highway" v="footway"/>
  </way>
  <way id="1272221602">
    <nd ref="11813856929"/>
    <nd ref="11813856930"/>
    <nd ref="3331633600"/>
    <tag k="highway" v="path"/>
  </way>
  <way id="1292292190">
    <nd ref="11980254397"/>
    <nd ref="11980254398"/>
    <tag k="access" v="permissive"/>
    <tag k="bicycle" v="permissive"/>
    <tag k="check_date" v="2025-05-17"/>
    <tag k="foot" v="permissive"/>
    <tag k="highway" v="service"/>
    <tag k="horse" v="no"/>
    <tag k="living_street" v="yes"/>
    <tag k="maxspeed" v="20"/>
    <tag k="motor_vehicle" v="permit"/>
    <tag k="oneway" v="no"/>
    <tag k="service" v="driveway"/>
    <tag k="smoothness" v="excellent"/>
    <tag k="surface" v="asphalt"/>
  </way>
  <way id="1292292191">
    <nd ref="11980254397"/>
    <nd ref="12107816801"/>
    <nd ref="12107800097"/>
    <nd ref="11980254399"/>
    <tag k="access" v="permissive"/>
    <tag k="bicycle" v="permissive"/>
    <tag k="check_date" v="2025-05-17"/>
    <tag k="foot" v="permissive"/>
    <tag k="highway" v="service"/>
    <tag k="horse" v="no"/>
    <tag k="living_street" v="yes"/>
    <tag k="maxspeed" v="20"/>
    <tag k="motor_vehicle" v="permit"/>
    <tag k="oneway" v="no"/>
    <tag k="service" v="driveway"/>
    <tag k="smoothness" v="excellent"/>
    <tag k="surface" v="asphalt"/>
  </way>
  <way id="1292381866">
    <nd ref="12035354766"/>
    <nd ref="3342628902"/>
    <nd ref="12107800099"/>
    <nd ref="11980927979"/>
    <tag k="access" v="permit"/>
    <tag k="bicycle" v="permit"/>
    <tag k="check_date" v="2025-05-17"/>
    <tag k="foot" v="permit"/>
    <tag k="highway" v="service"/>
    <tag k="horse" v="no"/>
    <tag k="living_street" v="yes"/>
    <tag k="maxspeed" v="20"/>
    <tag k="motor_vehicle" v="permit"/>
    <tag k="oneway" v="no"/>
    <tag k="service" v="driveway"/>
    <tag k="smoothness" v="excellent"/>
    <tag k="surface" v="asphalt"/>
  </way>
  <way id="1297289357">
    <nd ref="12019755653"/>
    <nd ref="12027586592"/>
    <tag k="access" v="permit"/>
    <tag k="highway" v="service"/>
    <tag k="maxspeed" v="20"/>
    <tag k="oneway" v="no"/>
    <tag k="service" v="driveway"/>
    <tag k="surface" v="asphalt"/>
  </way>
  <way id="1297289358">
    <nd ref="12019755654"/>
    <nd ref="259159998"/>
    <tag k="check_date" v="2025-05-16"/>
    <tag k="cycleway:right" v="no"/>
    <tag k="foot" v="no"/>
    <tag k="highway" v="residential"/>
    <tag k="lane_markings" v="yes"/>
    <tag k="lanes" v="2"/>
    <tag k="lit" v="yes"/>
    <tag k="maxspeed" v="50"/>
    <tag k="maxweight" v="3.5"/>
    <tag k="name" v="вулиця Лисенка"/>
    <tag k="name:de" v="Lyssenka-Straße"/>
    <tag k="name:en" v="Lysenka Street"/>
    <tag k="name:es" v="Calle de Lísenko"/>
    <tag k="name:etymology" v="Микола Віталійович Лисенко"/>
    <tag k="name:etymology:wikidata" v="Q172425"/>
    <tag k="name:etymology:wikipedia" v="uk:Лисенко Микола Віталійович"/>
    <tag k="name:fr" v="Rue Lyssenka"/>
    <tag k="name:it" v="Via Lysenko"/>
    <tag k="name:uk" v="вулиця Лисенка"/>
    <tag k="name:uk-Latn" v="vulytsia Lysenka"/>
    <tag k="oneway" v="no"/>
    <tag k="parking:both" v="no"/>
    <tag k="smoothness" v="excellent"/>
    <tag k="surface" v="asphalt"/>
    <tag k="wikidata" v="Q4472950"/>
    <tag k="wikipedia" v="uk:Вулиця Лисенка (Київ)"/>
  </way>
  <way id="1297289359">
    <nd ref="3342628896"/>
    <nd ref="12019755657"/>
    <tag k="access" v="permissive"/>
    <tag k="bicycle" v="permissive"/>
    <tag k="check_date" v="2025-05-17"/>
    <tag k="foot" v="permissive"/>
    <tag k="highway" v="service"/>
    <tag k="horse" v="no"/>
    <tag k="living_street" v="yes"/>
    <tag k="maxspeed" v="20"/>
    <tag k="motor_vehicle" v="permit"/>
    <tag k="oneway" v="no"/>
    <tag k="service" v="driveway"/>
    <tag k="smoothness" v="excellent"/>
    <tag k="surface" v="asphalt"/>
  </way>
  <way id="1299224533">
    <nd ref="12035354765"/>
    <nd ref="12035354767"/>
    <tag k="access" v="permit"/>
    <tag k="bicycle" v="permit"/>
    <tag k="bridge" v="yes"/>
    <tag k="foot" v="permit"/>
    <tag k="highway" v="footway"/>
    <tag k="horse" v="no"/>
    <tag k="layer" v="1"/>
    <tag k="motor_vehicle" v="permit"/>
    <tag k="surface" v="asphalt"/>
  </way>
  <way id="1299224534">
    <nd ref="12035354767"/>
    <nd ref="12035354766"/>
    <tag k="access" v="permit"/>
    <tag k="bicycle" v="permit"/>
    <tag k="check_date" v="2025-05-17"/>
    <tag k="foot" v="permit"/>
    <tag k="highway" v="footway"/>
    <tag k="horse" v="no"/>
    <tag k="lit" v="yes"/>
    <tag k="motor_vehicle" v="permit"/>
    <tag k="oneway" v="no"/>
    <tag k="smoothness" v="excellent"/>
    <tag k="stroller" v="yes"/>
    <tag k="surface" v="asphalt"/>
    <tag k="wheelchair" v="yes"/>
  </way>
  <way id="1307434246">
    <nd ref="12107800100"/>
    <nd ref="12107816801"/>
    <tag k="access" v="yes"/>
    <tag k="check_date" v="2025-05-17"/>
    <tag k="covered" v="no"/>
    <tag k="handrail" v="no"/>
    <tag k="highway" v="steps"/>
    <tag k="incline" v="down"/>
    <tag k="indoor" v="no"/>
    <tag k="lit" v="no"/>
    <tag k="step_count" v="5"/>
    <tag k="surface" v="concrete"/>
    <tag k="tactile_paving" v="no"/>
    <tag k="wheelchair" v="no"/>
  </way>
  <way id="1307925728">
    <nd ref="12112236244"/>
    <nd ref="12112236245"/>
    <tag k="access" v="permissive"/>
    <tag k="bicycle" v="permissive"/>
    <tag k="check_date" v="2025-05-17"/>
    <tag k="foot" v="permissive"/>
    <tag k="highway" v="service"/>
    <tag k="horse" v="no"/>
    <tag k="maxspeed" v="20"/>
    <tag k="motor_vehicle" v="permit"/>
    <tag k="oneway" v="no"/>
    <tag k="service" v="parking_aisle"/>
    <tag k="smoothness" v="excellent"/>
    <tag k="surface" v="asphalt"/>
  </way>
  <way id="1308277753">
    <nd ref="12115272810"/>
    <nd ref="12115272812"/>
    <nd ref="13263780390"/>
    <nd ref="12115272814"/>
    <nd ref="12522915592"/>
    <nd ref="12115272811"/>
    <tag k="highway" v="service"/>
    <tag k="service" v="driveway"/>
    <tag k="surface" v="asphalt"/>
  </way>
  <way id="1308277754">
    <nd ref="3541551432"/>
    <nd ref="12115272817"/>
    <nd ref="13263780389"/>
    <nd ref="12115272818"/>
    <nd ref="12115272816"/>
    <tag k="highway" v="service"/>
    <tag k="service" v="driveway"/>
    <tag k="surface" v="asphalt"/>
  </way>
  <way id="1308283667">
    <nd ref="12115289283"/>
    <nd ref="13318988311"/>
    <nd ref="12116548485"/>
    <nd ref="13318952899"/>
    <nd ref="12115289284"/>
    <tag k="highway" v="service"/>
    <tag k="maxspeed" v="20"/>
    <tag k="oneway" v="no"/>
    <tag k="service" v="driveway"/>
    <tag k="smoothness" v="excellent"/>
    <tag k="surface" v="asphalt"/>
  </way>
  <way id="1308283668">
    <nd ref="12115289284"/>
    <nd ref="12115289285"/>
    <tag k="highway" v="service"/>
    <tag k="maxspeed" v="20"/>
    <tag k="oneway" v="no"/>
    <tag k="service" v="driveway"/>
    <tag k="smoothness" v="excellent"/>
    <tag k="surface" v="asphalt"/>
    <tag k="tunnel" v="building_passage"/>
  </way>
  <way id="1308283669">
    <nd ref="12115289286"/>
    <nd ref="12115289287"/>
    <nd ref="12115289285"/>
    <tag k="highway" v="service"/>
    <tag k="maxspeed" v="20"/>
    <tag k="oneway" v="no"/>
    <tag k="service" v="driveway"/>
    <tag k="smoothness" v="excellent"/>
    <tag k="surface" v="asphalt"/>
  </way>
  <way id="1308283671">
    <nd ref="12115289290"/>
    <nd ref="12115289291"/>
    <tag k="highway" v="service"/>
    <tag k="maxspeed" v="20"/>
    <tag k="oneway" v="no"/>
    <tag k="service" v="parking_aisle"/>
    <tag k="surface" v="asphalt"/>
  </way>
  <way id="1308283672">
    <nd ref="12115289291"/>
    <nd ref="12115289292"/>
    <tag k="highway" v="service"/>
    <tag k="maxspeed" v="20"/>
    <tag k="oneway" v="no"/>
    <tag k="service" v="parking_aisle"/>
    <tag k="surface" v="asphalt"/>
    <tag k="tunnel" v="building_passage"/>
  </way>
  <way id="1308283673">
    <nd ref="12115289292"/>
    <nd ref="12115289294"/>
    <nd ref="12115289293"/>
    <tag k="highway" v="service"/>
    <tag k="maxspeed" v="20"/>
    <tag k="oneway" v="no"/>
    <tag k="service" v="parking_aisle"/>
    <tag k="surface" v="asphalt"/>
  </way>
  <way id="1308403587">
    <nd ref="12116556731"/>
    <nd ref="5151983570"/>
    <tag k="highway" v="footway"/>
  </way>
  <way id="1308403588">
    <nd ref="12116556727"/>
    <nd ref="12116556731"/>
    <tag k="highway" v="footway"/>
  </way>
  <way id="1308403590">
    <nd ref="3298087223"/>
    <nd ref="12116556727"/>
    <tag k="highway" v="footway"/>
  </way>
  <way id="1311010282">
    <nd ref="12135470065"/>
    <nd ref="12135470067"/>
    <nd ref="12135470066"/>
    <nd ref="12900279701"/>
    <nd ref="12900279702"/>
    <nd ref="12900279703"/>
    <nd ref="12900279704"/>
    <nd ref="12900279705"/>
    <nd ref="12900279706"/>
    <tag k="access" v="permit"/>
    <tag k="highway" v="service"/>
    <tag k="oneway" v="no"/>
    <tag k="service" v="parking_aisle"/>
  </way>
  <way id="1311080441">
    <nd ref="12136147649"/>
    <nd ref="12136147650"/>
    <nd ref="12136147651"/>
    <tag k="access" v="permissive"/>
    <tag k="bicycle" v="permissive"/>
    <tag k="check_date" v="2025-05-17"/>
    <tag k="foot" v="permissive"/>
    <tag k="highway" v="service"/>
    <tag k="horse" v="no"/>
    <tag k="maxspeed" v="20"/>
    <tag k="motor_vehicle" v="permit"/>
    <tag k="oneway" v="no"/>
    <tag k="service" v="parking_aisle"/>
    <tag k="smoothness" v="excellent"/>
    <tag k="surface" v="gravel"/>
  </way>
  <way id="1311080443">
    <nd ref="12136147663"/>
    <nd ref="12136147664"/>
    <nd ref="12136147665"/>
    <nd ref="12531308182"/>
    <nd ref="12136147666"/>
    <tag k="access" v="permissive"/>
    <tag k="bicycle" v="permissive"/>
    <tag k="check_date" v="2025-05-17"/>
    <tag k="foot" v="permissive"/>
    <tag k="highway" v="service"/>
    <tag k="horse" v="no"/>
    <tag k="maxspeed" v="20"/>
    <tag k="motor_vehicle" v="permit"/>
    <tag k="oneway" v="no"/>
    <tag k="service" v="parking_aisle"/>
    <tag k="surface" v="gravel"/>
  </way>
  <way id="1311219351">
    <nd ref="3143463353"/>
    <nd ref="4969053637"/>
    <tag k="foot" v="yes"/>
    <tag k="highway" v="footway"/>
    <tag k="motor_vehicle" v="no"/>
    <tag k="surface" v="asphalt"/>
  </way>
  <way id="1311320882">
    <nd ref="26546037"/>
    <nd ref="11273736191"/>
    <nd ref="1529446532"/>
    <nd ref="4711603583"/>
    <nd ref="11227231753"/>
    <tag k="foot" v="no"/>
    <tag k="highway" v="residential"/>
    <tag k="maxspeed" v="50"/>
    <tag k="name" v="вулиця Вʼячеслава Липинського"/>
    <tag k="name:en" v="Viacheslava Lypynskoho Street"/>
    <tag k="name:es" v="Calle de Viacheslav Lypynskyi"/>
    <tag k="name:etymology" v="Вʼячеслав Казимирович Липинський"/>
    <tag k="name:etymology:wikidata" v="Q1978120"/>
    <tag k="name:etymology:wikipedia" v="uk:Липинський В'ячеслав Казимирович"/>
    <tag k="name:pl" v="ulica Wiaczesława Lipińskiego"/>
    <tag k="name:uk" v="вулиця Вʼячеслава Липинського"/>
    <tag k="name:uk-Latn" v="vulytsia Viacheslava Lypynskoho"/>
    <tag k="old_name" v="вулиця Чапаєва"/>
    <tag k="old_name:en" v="Chapaieva Street"/>
    <tag k="old_name:uk" v="вулиця Чапаєва"/>
    <tag k="oneway" v="yes"/>
    <tag k="oneway:bicycle" v="yes"/>
    <tag k="surface" v="asphalt"/>
    <tag k="wikidata" v="Q12092587"/>
    <tag k="wikipedia" v="uk:Вулиця В'ячеслава Липинського (Київ)"/>
  </way>
  <way id="1311352052">
    <nd ref="12138559676"/>
    <nd ref="1502836646"/>
    <nd ref="13072030544"/>
    <nd ref="26546136"/>
    <tag k="foot" v="no"/>
    <tag k="highway" v="residential"/>
    <tag k="lanes" v="3"/>
    <tag k="lanes:backward" v="1"/>
    <tag k="lanes:forward" v="2"/>
    <tag k="lit" v="yes"/>
    <tag k="maxspeed" v="50"/>
    <tag k="name" v="вулиця Пирогова"/>
    <tag k="name:en" v="Pyrohova Street"/>
    <tag k="name:es" v="Calle de Pirogov"/>
    <tag k="name:etymology" v="Микола Іванович Пирогов"/>
    <tag k="name:etymology:wikidata" v="Q315266"/>
    <tag k="name:etymology:wikipedia" v="uk:Пирогов Микола Іванович"/>
    <tag k="name:uk" v="вулиця Пирогова"/>
    <tag k="name:uk-Latn" v="vulytsia Pyrohova"/>
    <tag k="surface" v="asphalt"/>
    <tag k="trolley_wire" v="yes"/>
    <tag k="wikidata" v="Q4473578"/>
    <tag k="wikipedia" v="uk:Вулиця Пирогова (Київ)"/>
  </way>
  <way id="1313181898">
    <nd ref="2438865432"/>
    <nd ref="12154929874"/>
    <nd ref="12154929873"/>
    <tag k="highway" v="service"/>
    <tag k="service" v="parking_aisle"/>
  </way>
  <way id="1314602231">
    <nd ref="12167817638"/>
    <nd ref="12167817640"/>
    <nd ref="12167817645"/>
    <nd ref="12167817641"/>
    <nd ref="12167817639"/>
    <tag k="highway" v="service"/>
    <tag k="service" v="parking_aisle"/>
  </way>
  <way id="1314602234">
    <nd ref="12167817646"/>
    <nd ref="12167817647"/>
    <nd ref="12899715571"/>
    <nd ref="12167817648"/>
    <nd ref="1590034098"/>
    <nd ref="12167817649"/>
    <nd ref="26546242"/>
    <tag k="highway" v="service"/>
    <tag k="service" v="parking_aisle"/>
    <tag k="surface" v="asphalt"/>
  </way>
  <way id="1315457755">
    <nd ref="12176060776"/>
    <nd ref="12176060777"/>
    <nd ref="12176060778"/>
    <nd ref="12176060786"/>
    <nd ref="12176060781"/>
    <nd ref="12176060779"/>
    <tag k="access" v="permit"/>
    <tag k="highway" v="service"/>
    <tag k="maxspeed" v="20"/>
    <tag k="service" v="driveway"/>
    <tag k="surface" v="paving_stones"/>
  </way>
  <way id="1315457756">
    <nd ref="12176060782"/>
    <nd ref="12176060785"/>
    <nd ref="12176060787"/>
    <nd ref="12176060783"/>
    <nd ref="12176060784"/>
    <tag k="access" v="permit"/>
    <tag k="highway" v="service"/>
    <tag k="maxspeed" v="20"/>
    <tag k="service" v="driveway"/>
  </way>
  <way id="1315457759">
    <nd ref="4887639692"/>
    <nd ref="12176085501"/>
    <tag k="bicycle" v="yes"/>
    <tag k="highway" v="living_street"/>
    <tag k="lanes" v="1"/>
    <tag k="maxspeed" v="20"/>
    <tag k="motor_vehicle" v="yes"/>
  </way>
  <way id="1315457760">
    <nd ref="12176085501"/>
    <nd ref="12176085502"/>
    <tag k="bicycle" v="yes"/>
    <tag k="highway" v="living_street"/>
    <tag k="lanes" v="1"/>
    <tag k="maxspeed" v="20"/>
    <tag k="motor_vehicle" v="yes"/>
  </way>
  <way id="1315457761">
    <nd ref="4711603571"/>
    <nd ref="6166231609"/>
    <nd ref="1529446601"/>
    <nd ref="11227231765"/>
    <nd ref="26546182"/>
    <tag k="cycleway:left" v="track"/>
    <tag k="foot" v="no"/>
    <tag k="highway" v="residential"/>
    <tag k="lanes" v="2"/>
    <tag k="name" v="вулиця Вʼячеслава Липинського"/>
    <tag k="name:en" v="Viacheslava Lypynskoho Street"/>
    <tag k="name:es" v="Calle de Viacheslav Lypynskyi"/>
    <tag k="name:etymology" v="Вʼячеслав Казимирович Липинський"/>
    <tag k="name:etymology:wikidata" v="Q1978120"/>
    <tag k="name:etymology:wikipedia" v="uk:Липинський В'ячеслав Казимирович"/>
    <tag k="name:pl" v="ulica Wiaczesława Lipińskiego"/>
    <tag k="name:uk" v="вулиця Вʼячеслава Липинського"/>
    <tag k="name:uk-Latn" v="vulytsia Viacheslava Lypynskoho"/>
    <tag k="old_name" v="вулиця Чапаєва"/>
    <tag k="old_name:en" v="Chapaieva Street"/>
    <tag k="old_name:uk" v="вулиця Чапаєва"/>
    <tag k="oneway" v="no"/>
    <tag k="oneway:bicycle" v="yes"/>
    <tag k="surface" v="asphalt"/>
    <tag k="wikidata" v="Q12092587"/>
    <tag k="wikipedia" v="uk:Вулиця В'ячеслава Липинського (Київ)"/>
  </way>
  <way id="1316710622">
    <nd ref="12186394404"/>
    <nd ref="12186394406"/>
    <nd ref="12186394405"/>
    <tag k="highway" v="service"/>
    <tag k="maxheight" v="2"/>
    <tag k="maxspeed" v="20"/>
    <tag k="oneway" v="no"/>
    <tag k="service" v="parking_aisle"/>
    <tag k="surface" v="paving_stones"/>
  </way>
  <way id="1316710623">
    <nd ref="12186394404"/>
    <nd ref="3295633461"/>
    <tag k="cycleway:both" v="no"/>
    <tag k="highway" v="secondary"/>
    <tag k="lane_markings" v="yes"/>
    <tag k="lanes" v="6"/>
    <tag k="lanes:backward" v="3"/>
    <tag k="lanes:forward" v="3"/>
    <tag k="maxspeed" v="50"/>
    <tag k="name" v="Володимирська вулиця"/>
    <tag k="name:de" v="Wolodymyr-Straße"/>
    <tag k="name:en" v="Volodymyrska Street"/>
    <tag k="name:es" v="Calle Volodymyrska"/>
    <tag k="name:etymology" v="Володимир Великий"/>
    <tag k="name:etymology:wikidata" v="Q14974"/>
    <tag k="name:etymology:wikipedia" v="uk:Володимир Святославич"/>
    <tag k="name:fr" v="Rue Volodymyrska"/>
    <tag k="name:it" v="Via Volodymyrs'ka"/>
    <tag k="name:pl" v="ulica Włodzimierska"/>
    <tag k="name:uk" v="Володимирська вулиця"/>
    <tag k="name:uk-Latn" v="Volodymyrska vulytsia"/>
    <tag k="old_name:de" v="Wladimirsskaja-Straße"/>
    <tag k="surface" v="sett"/>
    <tag k="wikidata" v="Q3400240"/>
    <tag k="wikipedia" v="uk:Володимирська вулиця (Київ)"/>
  </way>
  <way id="1316710624">
    <nd ref="12186394405"/>
    <nd ref="12186394407"/>
    <nd ref="12186394408"/>
    <tag k="highway" v="service"/>
    <tag k="layer" v="-1"/>
    <tag k="maxheight" v="2"/>
    <tag k="maxspeed" v="10"/>
    <tag k="service" v="parking_aisle"/>
    <tag k="surface" v="asphalt"/>
  </way>
  <way id="1317699257">
    <nd ref="12195491192"/>
    <nd ref="12195491193"/>
    <nd ref="12195491194"/>
    <nd ref="12195491195"/>
    <nd ref="12195491196"/>
    <nd ref="12195491197"/>
    <nd ref="12195491198"/>
    <tag k="highway" v="service"/>
  </way>
  <way id="1317699258">
    <nd ref="12195491199"/>
    <nd ref="12195491200"/>
    <nd ref="12195542501"/>
    <nd ref="12195542502"/>
    <nd ref="12195542503"/>
    <nd ref="12195542504"/>
    <nd ref="12195542505"/>
    <nd ref="12195542506"/>
    <nd ref="12195542507"/>
    <tag k="highway" v="service"/>
    <tag k="service" v="parking_aisle"/>
  </way>
  <way id="1317699259">
    <nd ref="8208679418"/>
    <nd ref="8208679421"/>
    <tag k="access" v="yes"/>
    <tag k="highway" v="steps"/>
    <tag k="incline" v="down"/>
    <tag k="tactile_paving" v="no"/>
  </way>
  <way id="1317699260">
    <nd ref="12195542510"/>
    <nd ref="13333361483"/>
    <nd ref="4887639703"/>
    <nd ref="12195542511"/>
    <nd ref="12195542520"/>
    <nd ref="12195542515"/>
    <nd ref="8208679418"/>
    <tag k="highway" v="service"/>
    <tag k="surface" v="asphalt"/>
  </way>
  <way id="1317699261">
    <nd ref="12195542510"/>
    <nd ref="5113645550"/>
    <tag k="cycleway:both" v="no"/>
    <tag k="highway" v="tertiary"/>
    <tag k="lanes" v="2"/>
    <tag k="maxspeed" v="50"/>
    <tag k="name" v="вулиця Богдана Хмельницького"/>
    <tag k="name:en" v="Bohdana Khmelnytskoho Street"/>
    <tag k="name:es" v="Calle de Bogdán Jmelnitski"/>
    <tag k="name:etymology" v="Богдан Хмельницький"/>
    <tag k="name:etymology:wikidata" v="Q203808"/>
    <tag k="name:etymology:wikipedia" v="uk:Богдан Хмельницький"/>
    <tag k="name:pl" v="ulica Bohdana Chmielnickiego"/>
    <tag k="name:uk" v="вулиця Богдана Хмельницького"/>
    <tag k="name:uk-Latn" v="vulytsia Bohdana Khmelnytskoho"/>
    <tag k="oneway" v="no"/>
    <tag k="surface" v="sett"/>
    <tag k="wikidata" v="Q3406840"/>
    <tag k="wikipedia" v="uk:Вулиця Богдана Хмельницького (Київ, Шевченківський район)"/>
  </way>
  <way id="1317699262">
    <nd ref="5113645550"/>
    <nd ref="445413688"/>
    <tag k="cycleway:both" v="no"/>
    <tag k="highway" v="tertiary"/>
    <tag k="lanes" v="2"/>
    <tag k="maxspeed" v="50"/>
    <tag k="name" v="вулиця Богдана Хмельницького"/>
    <tag k="name:en" v="Bohdana Khmelnytskoho Street"/>
    <tag k="name:es" v="Calle de Bogdán Jmelnitski"/>
    <tag k="name:etymology" v="Богдан Хмельницький"/>
    <tag k="name:etymology:wikidata" v="Q203808"/>
    <tag k="name:etymology:wikipedia" v="uk:Богдан Хмельницький"/>
    <tag k="name:pl" v="ulica Bohdana Chmielnickiego"/>
    <tag k="name:uk" v="вулиця Богдана Хмельницького"/>
    <tag k="name:uk-Latn" v="vulytsia Bohdana Khmelnytskoho"/>
    <tag k="oneway" v="no"/>
    <tag k="surface" v="sett"/>
    <tag k="wikidata" v="Q3406840"/>
    <tag k="wikipedia" v="uk:Вулиця Богдана Хмельницького (Київ, Шевченківський район)"/>
  </way>
  <way id="1317699264">
    <nd ref="12195542515"/>
    <nd ref="12195542516"/>
    <nd ref="12195542517"/>
    <nd ref="12195542518"/>
    <tag k="access" v="yes"/>
    <tag k="highway" v="steps"/>
    <tag k="surface" v="concrete"/>
    <tag k="tactile_paving" v="no"/>
  </way>
  <way id="1317699265">
    <nd ref="12195542518"/>
    <nd ref="12195542519"/>
    <tag k="highway" v="footway"/>
  </way>
  <way id="1317699266">
    <nd ref="12195542520"/>
    <nd ref="12195542521"/>
    <tag k="highway" v="service"/>
  </way>
  <way id="1318756683">
    <nd ref="12204763962"/>
    <nd ref="12204763964"/>
    <tag k="bicycle" v="no"/>
    <tag k="highway" v="footway"/>
    <tag k="horse" v="no"/>
    <tag k="surface" v="paving_stones"/>
    <tag k="tunnel" v="building_passage"/>
  </way>
  <way id="1318756684">
    <nd ref="12204763964"/>
    <nd ref="12204763963"/>
    <tag k="bicycle" v="no"/>
    <tag k="highway" v="footway"/>
    <tag k="horse" v="no"/>
    <tag k="surface" v="asphalt"/>
  </way>
  <way id="1320718659">
    <nd ref="259159998"/>
    <nd ref="12222211784"/>
    <tag k="check_date" v="2026-03-24"/>
    <tag k="crossing" v="uncontrolled"/>
    <tag k="crossing:island" v="no"/>
    <tag k="crossing:markings" v="zebra"/>
    <tag k="footway" v="crossing"/>
    <tag k="highway" v="footway"/>
    <tag k="lit" v="yes"/>
    <tag k="smoothness" v="excellent"/>
    <tag k="surface" v="asphalt"/>
  </way>
  <way id="1329165371">
    <nd ref="8813556055"/>
    <nd ref="12297462003"/>
    <nd ref="12297462004"/>
    <tag k="highway" v="service"/>
    <tag k="surface" v="paving_stones"/>
  </way>
  <way id="1329165374">
    <nd ref="12297462009"/>
    <nd ref="12297462015"/>
    <nd ref="12297462010"/>
    <nd ref="12297462011"/>
    <nd ref="12297462044"/>
    <tag k="highway" v="service"/>
    <tag k="surface" v="sett"/>
  </way>
  <way id="1329165375">
    <nd ref="12297462025"/>
    <nd ref="12297462024"/>
    <tag k="highway" v="service"/>
    <tag k="layer" v="-1"/>
    <tag k="surface" v="paving_stones"/>
  </way>
  <way id="1329165376">
    <nd ref="12297462003"/>
    <nd ref="12297462015"/>
    <tag k="highway" v="service"/>
    <tag k="surface" v="paving_stones"/>
  </way>
  <way id="1329165379">
    <nd ref="12297462026"/>
    <nd ref="12297462025"/>
    <tag k="highway" v="service"/>
    <tag k="tunnel" v="building_passage"/>
  </way>
  <way id="1329165380">
    <nd ref="12297462003"/>
    <nd ref="12297462026"/>
    <tag k="highway" v="service"/>
    <tag k="surface" v="paving_stones"/>
  </way>
  <way id="1329165382">
    <nd ref="4887639680"/>
    <nd ref="12297462027"/>
    <nd ref="12297462028"/>
    <tag k="highway" v="footway"/>
    <tag k="surface" v="paving_stones"/>
  </way>
  <way id="1329165387">
    <nd ref="12297462046"/>
    <nd ref="12297462014"/>
    <tag k="highway" v="service"/>
    <tag k="surface" v="paving_stones"/>
  </way>
  <way id="1329165388">
    <nd ref="12297462044"/>
    <nd ref="12297462045"/>
    <tag k="highway" v="service"/>
    <tag k="layer" v="-1"/>
    <tag k="tunnel" v="yes"/>
  </way>
  <way id="1329165389">
    <nd ref="12297462045"/>
    <nd ref="12297462012"/>
    <nd ref="12297462028"/>
    <nd ref="12297462013"/>
    <nd ref="12297462047"/>
    <tag k="highway" v="service"/>
    <tag k="layer" v="-1"/>
    <tag k="surface" v="paving_stones"/>
  </way>
  <way id="1329165390">
    <nd ref="12297462047"/>
    <nd ref="12297462046"/>
    <tag k="highway" v="service"/>
    <tag k="layer" v="-1"/>
    <tag k="tunnel" v="yes"/>
  </way>
  <way id="1329366859">
    <nd ref="1005404586"/>
    <nd ref="1502836697"/>
    <nd ref="12458903404"/>
    <nd ref="12299358013"/>
    <tag k="crossing" v="uncontrolled"/>
    <tag k="crossing:island" v="no"/>
    <tag k="crossing:markings" v="zebra"/>
    <tag k="footway" v="crossing"/>
    <tag k="highway" v="footway"/>
    <tag k="surface" v="paving_stones"/>
  </way>
  <way id="1331889556">
    <nd ref="4337826526"/>
    <nd ref="1469571097"/>
    <nd ref="1469571099"/>
    <nd ref="1469571103"/>
    <nd ref="1469571118"/>
    <nd ref="1529446307"/>
    <nd ref="1469571140"/>
    <nd ref="1469571152"/>
    <nd ref="12987267863"/>
    <nd ref="2763492920"/>
    <tag k="footway" v="sidewalk"/>
    <tag k="highway" v="footway"/>
  </way>
  <way id="1331889557">
    <nd ref="26546182"/>
    <nd ref="1529446607"/>
    <nd ref="7838287999"/>
    <nd ref="6166231608"/>
    <nd ref="1529446820"/>
    <nd ref="11227246007"/>
    <nd ref="26546187"/>
    <tag k="cycleway:both" v="no"/>
    <tag k="cycleway:right" v="lane"/>
    <tag k="foot" v="no"/>
    <tag k="highway" v="residential"/>
    <tag k="lanes" v="2"/>
    <tag k="lit" v="yes"/>
    <tag k="name" v="вулиця Михайла Коцюбинського"/>
    <tag k="name:de" v="Mychajla-Kozjubynsskoho-Straße"/>
    <tag k="name:en" v="Mykhaila Kotsiubynskoho Street"/>
    <tag k="name:es" v="Calle de Mijailo Kotsiubinski"/>
    <tag k="name:etymology" v="Михайло Михайлович Коцюбинський"/>
    <tag k="name:etymology:wikidata" v="Q2347996"/>
    <tag k="name:etymology:wikipedia" v="uk:Коцюбинський Михайло Михайлович"/>
    <tag k="name:fr" v="Rue Mykhaïla Kotsioubynskoho"/>
    <tag k="name:it" v="Via Mychajlo Kocjubyns'kyj"/>
    <tag k="name:pl" v="ulica Michaiła Kociubyńskiego"/>
    <tag k="name:ro" v="Strada Mîhailo Koțiubînskîi"/>
    <tag k="name:uk" v="вулиця Михайла Коцюбинського"/>
    <tag k="name:uk-Latn" v="vulytsia Mykhaila Kotsiubynskoho"/>
    <tag k="old_name:1850-1939" v="Тимофіївська вулиця"/>
    <tag k="surface" v="asphalt"/>
    <tag k="wikidata" v="Q4473214"/>
    <tag k="wikipedia" v="uk:Вулиця Михайла Коцюбинського (Київ)"/>
  </way>
  <way id="1333460998">
    <nd ref="12336959073"/>
    <nd ref="13673837977"/>
    <nd ref="12336959074"/>
    <tag k="highway" v="footway"/>
    <tag k="surface" v="paving_stones"/>
  </way>
  <way id="1333460999">
    <nd ref="12336959073"/>
    <nd ref="13673837980"/>
    <tag k="access" v="private"/>
    <tag k="handrail" v="no"/>
    <tag k="highway" v="steps"/>
    <tag k="surface" v="concrete"/>
    <tag k="tactile_paving" v="no"/>
    <tag k="width" v="0.5"/>
  </way>
  <way id="1339470757">
    <nd ref="12390205940"/>
    <nd ref="12406837111"/>
    <nd ref="5630944008"/>
    <nd ref="5630944009"/>
    <nd ref="1469571184"/>
    <nd ref="1469571189"/>
    <nd ref="1469571191"/>
    <nd ref="1469571194"/>
    <tag k="footway" v="sidewalk"/>
    <tag k="highway" v="footway"/>
    <tag k="lit" v="yes"/>
  </way>
  <way id="1339470758">
    <nd ref="1469571171"/>
    <nd ref="5630944007"/>
    <nd ref="12390205940"/>
    <tag k="footway" v="sidewalk"/>
    <tag k="highway" v="footway"/>
    <tag k="lit" v="yes"/>
  </way>
  <way id="1340291275">
    <nd ref="4887639686"/>
    <nd ref="12397873179"/>
    <nd ref="12397873178"/>
    <tag k="highway" v="service"/>
  </way>
  <way id="1341044084">
    <nd ref="12405048751"/>
    <nd ref="12405048752"/>
    <tag k="highway" v="service"/>
    <tag k="maxspeed" v="10"/>
    <tag k="oneway" v="no"/>
    <tag k="service" v="driveway"/>
    <tag k="surface" v="asphalt"/>
  </way>
  <way id="1341044085">
    <nd ref="12405048753"/>
    <nd ref="12405048751"/>
    <tag k="highway" v="service"/>
    <tag k="maxspeed" v="10"/>
    <tag k="oneway" v="no"/>
    <tag k="service" v="driveway"/>
    <tag k="surface" v="asphalt"/>
    <tag k="tunnel" v="building_passage"/>
  </way>
  <way id="1341044086">
    <nd ref="12405048753"/>
    <nd ref="12405048754"/>
    <tag k="highway" v="service"/>
    <tag k="maxspeed" v="10"/>
    <tag k="oneway" v="no"/>
    <tag k="service" v="driveway"/>
    <tag k="surface" v="asphalt"/>
  </way>
  <way id="1341044087">
    <nd ref="12405048752"/>
    <nd ref="12405048755"/>
    <tag k="highway" v="service"/>
    <tag k="maxspeed" v="10"/>
    <tag k="oneway" v="no"/>
    <tag k="service" v="driveway"/>
    <tag k="surface" v="asphalt"/>
  </way>
  <way id="1341044089">
    <nd ref="12405048773"/>
    <nd ref="12405048775"/>
    <tag k="foot" v="permissive"/>
    <tag k="handrail" v="yes"/>
    <tag k="highway" v="footway"/>
    <tag k="incline" v="up"/>
    <tag k="step_count" v="8"/>
    <tag k="surface" v="paving_stones"/>
    <tag k="tactile_paving" v="no"/>
  </way>
  <way id="1341044091">
    <nd ref="12405048775"/>
    <nd ref="12405048774"/>
    <tag k="foot" v="permissive"/>
    <tag k="handrail" v="yes"/>
    <tag k="highway" v="steps"/>
    <tag k="incline" v="up"/>
    <tag k="step_count" v="7"/>
    <tag k="tactile_paving" v="no"/>
  </way>
  <way id="1341044092">
    <nd ref="12405048776"/>
    <nd ref="12405048778"/>
    <nd ref="12405048779"/>
    <tag k="highway" v="service"/>
    <tag k="maxspeed" v="10"/>
    <tag k="oneway" v="no"/>
    <tag k="service" v="alley"/>
    <tag k="surface" v="paving_stones"/>
  </way>
  <way id="1341044093">
    <nd ref="12405048780"/>
    <nd ref="12405048781"/>
    <tag k="access" v="permit"/>
    <tag k="highway" v="service"/>
    <tag k="maxspeed" v="10"/>
    <tag k="oneway" v="no"/>
    <tag k="service" v="alley"/>
    <tag k="surface" v="paving_stones"/>
  </way>
  <way id="1341044095">
    <nd ref="12405048779"/>
    <nd ref="12405048782"/>
    <nd ref="12405048777"/>
    <tag k="access" v="permit"/>
    <tag k="highway" v="service"/>
    <tag k="maxspeed" v="10"/>
    <tag k="oneway" v="no"/>
    <tag k="service" v="alley"/>
    <tag k="surface" v="paving_stones"/>
  </way>
  <way id="1341044096">
    <nd ref="12405048777"/>
    <nd ref="12405048780"/>
    <tag k="access" v="permit"/>
    <tag k="highway" v="service"/>
    <tag k="maxspeed" v="10"/>
    <tag k="oneway" v="no"/>
    <tag k="service" v="alley"/>
    <tag k="surface" v="paving_stones"/>
    <tag k="tunnel" v="building_passage"/>
  </way>
  <way id="1341250183">
    <nd ref="12406837110"/>
    <nd ref="12406837109"/>
    <tag k="foot" v="permissive"/>
    <tag k="highway" v="footway"/>
    <tag k="surface" v="paving_stones"/>
  </way>
  <way id="1341250184">
    <nd ref="12406837110"/>
    <nd ref="12406837111"/>
    <tag k="highway" v="footway"/>
  </way>
  <way id="1341250185">
    <nd ref="4864706029"/>
    <nd ref="12406837116"/>
    <tag k="highway" v="service"/>
    <tag k="layer" v="1"/>
  </way>
  <way id="1341250186">
    <nd ref="4864705919"/>
    <nd ref="4864705898"/>
    <nd ref="4864706025"/>
    <tag k="highway" v="service"/>
    <tag k="layer" v="1"/>
  </way>
  <way id="1346878353">
    <nd ref="12458903407"/>
    <nd ref="12458903406"/>
    <nd ref="12458903405"/>
    <nd ref="12458854993"/>
    <tag k="check_date" v="2025-12-31"/>
    <tag k="highway" v="cycleway"/>
    <tag k="lit" v="yes"/>
    <tag k="oneway" v="yes"/>
    <tag k="smoothness" v="excellent"/>
    <tag k="surface" v="asphalt"/>
    <tag k="width" v="1.5"/>
  </way>
  <way id="1346878354">
    <nd ref="12458854996"/>
    <nd ref="12458854995"/>
    <nd ref="12458854994"/>
    <nd ref="12458854993"/>
    <nd ref="12458854992"/>
    <tag k="crossing" v="uncontrolled"/>
    <tag k="crossing:island" v="no"/>
    <tag k="crossing:markings" v="zebra"/>
    <tag k="crossing_ref" v="zebra"/>
    <tag k="cycleway" v="crossing"/>
    <tag k="footway" v="crossing"/>
    <tag k="highway" v="footway"/>
    <tag k="lit" v="yes"/>
    <tag k="surface" v="sett"/>
  </way>
  <way id="1346878355">
    <nd ref="12458903409"/>
    <nd ref="12458903408"/>
    <nd ref="12458903407"/>
    <tag k="check_date" v="2025-12-31"/>
    <tag k="highway" v="cycleway"/>
    <tag k="lit" v="yes"/>
    <tag k="oneway" v="yes"/>
    <tag k="smoothness" v="excellent"/>
    <tag k="surface" v="asphalt"/>
    <tag k="width" v="1.5"/>
  </way>
  <way id="1346878356">
    <nd ref="12458854993"/>
    <nd ref="12458903404"/>
    <nd ref="13072030542"/>
    <nd ref="12458903403"/>
    <nd ref="13072030543"/>
    <nd ref="12458903402"/>
    <nd ref="12458903401"/>
    <tag k="check_date" v="2025-12-31"/>
    <tag k="highway" v="cycleway"/>
    <tag k="lit" v="yes"/>
    <tag k="oneway" v="yes"/>
    <tag k="smoothness" v="excellent"/>
    <tag k="surface" v="asphalt"/>
    <tag k="width" v="1.5"/>
  </way>
  <way id="1347836051">
    <nd ref="11227243110"/>
    <nd ref="11227243107"/>
    <nd ref="11227243091"/>
    <nd ref="11227243092"/>
    <nd ref="11227243106"/>
    <nd ref="11227243105"/>
    <nd ref="11227243093"/>
    <nd ref="11227243104"/>
    <nd ref="26546021"/>
    <tag k="highway" v="cycleway"/>
    <tag k="oneway" v="yes"/>
  </way>
  <way id="1349811304">
    <nd ref="12486815584"/>
    <nd ref="3540209655"/>
    <tag k="highway" v="footway"/>
    <tag k="surface" v="asphalt"/>
  </way>
  <way id="1349811305">
    <nd ref="6297427246"/>
    <nd ref="12486815585"/>
    <tag k="highway" v="footway"/>
    <tag k="surface" v="asphalt"/>
  </way>
  <way id="1349811306">
    <nd ref="6297427249"/>
    <nd ref="12486815586"/>
    <tag k="highway" v="footway"/>
    <tag k="surface" v="asphalt"/>
  </way>
  <way id="1349811307">
    <nd ref="12486815587"/>
    <nd ref="12486815588"/>
    <tag k="highway" v="footway"/>
    <tag k="surface" v="asphalt"/>
  </way>
  <way id="1349811308">
    <nd ref="11981003975"/>
    <nd ref="12486815589"/>
    <tag k="check_date" v="2025-05-17"/>
    <tag k="highway" v="footway"/>
    <tag k="surface" v="asphalt"/>
  </way>
  <way id="1349811309">
    <nd ref="11981003973"/>
    <nd ref="12019755657"/>
    <tag k="check_date" v="2025-05-17"/>
    <tag k="highway" v="footway"/>
    <tag k="surface" v="asphalt"/>
  </way>
  <way id="1349811310">
    <nd ref="11981003974"/>
    <nd ref="3342628896"/>
    <tag k="check_date" v="2025-05-17"/>
    <tag k="highway" v="footway"/>
    <tag k="surface" v="asphalt"/>
  </way>
  <way id="1349811311">
    <nd ref="4319469007"/>
    <nd ref="12486815591"/>
    <tag k="highway" v="footway"/>
    <tag k="surface" v="asphalt"/>
  </way>
  <way id="1350003038">
    <nd ref="12488539600"/>
    <nd ref="4430909099"/>
    <nd ref="11227243096"/>
    <nd ref="26546020"/>
    <tag k="cycleway:right" v="lane"/>
    <tag k="highway" v="residential"/>
    <tag k="lanes" v="1"/>
    <tag k="lit" v="no"/>
    <tag k="maxspeed" v="50"/>
    <tag k="maxspeed:type" v="sign"/>
    <tag k="name" v="вулиця Олеся Гончара"/>
    <tag k="name:bs" v="Ulica Olesja Hončara"/>
    <tag k="name:de" v="Olessja-Hotschara-Straße"/>
    <tag k="name:en" v="Olesia Honchara Street"/>
    <tag k="name:es" v="Calle de Olés Jonchár"/>
    <tag k="name:etymology" v="Олесь Терентійович Гончар"/>
    <tag k="name:etymology:wikidata" v="Q2388302"/>
    <tag k="name:etymology:wikipedia" v="uk:Гончар Олесь Терентійович"/>
    <tag k="name:fr" v="Rue Olessia Hontchara"/>
    <tag k="name:hr" v="Ulica Olesja Hončara"/>
    <tag k="name:it" v="Via Oles' Hončar"/>
    <tag k="name:pl" v="ulica Olesia Gonczara"/>
    <tag k="name:uk" v="вулиця Олеся Гончара"/>
    <tag k="name:uk-Latn" v="vulytsia Olesia Honchara"/>
    <tag k="oneway" v="yes"/>
    <tag k="oneway:bicycle" v="yes"/>
    <tag k="surface" v="asphalt"/>
    <tag k="wikidata" v="Q167223"/>
    <tag k="wikipedia" v="uk:Вулиця Олеся Гончара (Київ)"/>
  </way>
  <way id="1350448412">
    <nd ref="12486994226"/>
    <nd ref="2683070551"/>
    <tag k="footway" v="sidewalk"/>
    <tag k="highway" v="footway"/>
    <tag k="surface" v="paving_stones"/>
  </way>
  <way id="1350448413">
    <nd ref="9516743648"/>
    <nd ref="8045589138"/>
    <nd ref="12486994228"/>
    <nd ref="12486994227"/>
    <tag k="footway" v="sidewalk"/>
    <tag k="highway" v="footway"/>
  </way>
  <way id="1350448414">
    <nd ref="12493071670"/>
    <nd ref="12493071669"/>
    <nd ref="9183500121"/>
    <nd ref="2079994033"/>
    <tag k="covered" v="yes"/>
    <tag k="footway" v="sidewalk"/>
    <tag k="highway" v="footway"/>
    <tag k="surface" v="wood"/>
  </way>
  <way id="1351538906">
    <nd ref="3506121778"/>
    <nd ref="3506782008"/>
    <nd ref="3506782009"/>
    <nd ref="12504222951"/>
    <tag k="footway" v="sidewalk"/>
    <tag k="highway" v="footway"/>
    <tag k="surface" v="paving_stones"/>
  </way>
  <way id="1352097543">
    <nd ref="1284382932"/>
    <nd ref="26201280"/>
    <tag k="cycleway:both" v="no"/>
    <tag k="cycleway:right" v="lane"/>
    <tag k="highway" v="tertiary"/>
    <tag k="lanes" v="2"/>
    <tag k="lit" v="yes"/>
    <tag k="maxspeed" v="50"/>
    <tag k="name" v="вулиця Ярославів Вал"/>
    <tag k="name:de" v="Jarosslawiw-Wal-Straße"/>
    <tag k="name:en" v="Yaroslaviv Val Street"/>
    <tag k="name:es" v="Calle Yaroslaviv Val"/>
    <tag k="name:etymology" v="Ярослав Мудрий"/>
    <tag k="name:etymology:wikidata" v="Q188943"/>
    <tag k="name:etymology:wikipedia" v="uk:Ярослав Мудрий"/>
    <tag k="name:fr" v="Rue Iaroslaviv Val"/>
    <tag k="name:it" v="Via Jaroslaviv Val"/>
    <tag k="name:ru" v="улица Ярославов Вал"/>
    <tag k="name:uk" v="вулиця Ярославів Вал"/>
    <tag k="name:uk-Latn" v="vulytsia Yaroslaviv Val"/>
    <tag k="oneway" v="yes"/>
    <tag k="oneway:bicycle" v="yes"/>
    <tag k="smoothness" v="excellent"/>
    <tag k="surface" v="sett"/>
    <tag k="wikidata" v="Q3406794"/>
    <tag k="wikipedia" v="uk:Вулиця Ярославів Вал"/>
  </way>
  <way id="1352097544">
    <nd ref="8063129078"/>
    <nd ref="9520505639"/>
    <nd ref="1284382932"/>
    <tag k="button_operated" v="no"/>
    <tag k="check_date" v="2025-05-11"/>
    <tag k="crossing" v="traffic_signals"/>
    <tag k="crossing:island" v="no"/>
    <tag k="crossing:markings" v="zebra"/>
    <tag k="footway" v="crossing"/>
    <tag k="highway" v="footway"/>
    <tag k="smoothness" v="excellent"/>
    <tag k="surface" v="asphalt"/>
    <tag k="tactile_paving" v="no"/>
    <tag k="traffic_signals:countdown" v="yes"/>
    <tag k="traffic_signals:sound" v="no"/>
    <tag k="traffic_signals:vibration" v="no"/>
  </way>
  <way id="1352973133">
    <nd ref="4206960276"/>
    <nd ref="1568021915"/>
    <nd ref="26546022"/>
    <tag k="cycleway:left" v="no"/>
    <tag k="cycleway:right" v="lane"/>
    <tag k="foot" v="no"/>
    <tag k="hgv" v="no"/>
    <tag k="highway" v="tertiary"/>
    <tag k="lanes" v="3"/>
    <tag k="maxspeed" v="50"/>
    <tag k="name" v="вулиця Олеся Гончара"/>
    <tag k="name:bs" v="Ulica Olesja Hončara"/>
    <tag k="name:de" v="Olessja-Hotschara-Straße"/>
    <tag k="name:en" v="Olesia Honchara Street"/>
    <tag k="name:es" v="Calle de Olés Jonchár"/>
    <tag k="name:etymology" v="Олесь Терентійович Гончар"/>
    <tag k="name:etymology:wikidata" v="Q2388302"/>
    <tag k="name:etymology:wikipedia" v="uk:Гончар Олесь Терентійович"/>
    <tag k="name:fr" v="Rue Olessia Hontchara"/>
    <tag k="name:hr" v="Ulica Olesja Hončara"/>
    <tag k="name:it" v="Via Oles' Hončar"/>
    <tag k="name:pl" v="ulica Olesia Gonczara"/>
    <tag k="name:uk" v="вулиця Олеся Гончара"/>
    <tag k="name:uk-Latn" v="vulytsia Olesia Honchara"/>
    <tag k="oneway" v="no"/>
    <tag k="oneway:bicycle" v="yes"/>
    <tag k="parking:left" v="lane"/>
    <tag k="parking:left:orientation" v="parallel"/>
    <tag k="parking:right" v="no"/>
    <tag k="surface" v="asphalt"/>
    <tag k="wikidata" v="Q167223"/>
    <tag k="wikipedia" v="uk:Вулиця Олеся Гончара (Київ)"/>
  </way>
  <way id="1352973134">
    <nd ref="4596698902"/>
    <nd ref="4206960276"/>
    <tag k="cycleway:left" v="no"/>
    <tag k="cycleway:right" v="lane"/>
    <tag k="foot" v="no"/>
    <tag k="hgv" v="no"/>
    <tag k="highway" v="tertiary"/>
    <tag k="lanes" v="3"/>
    <tag k="maxspeed" v="50"/>
    <tag k="name" v="вулиця Олеся Гончара"/>
    <tag k="name:bs" v="Ulica Olesja Hončara"/>
    <tag k="name:de" v="Olessja-Hotschara-Straße"/>
    <tag k="name:en" v="Olesia Honchara Street"/>
    <tag k="name:es" v="Calle de Olés Jonchár"/>
    <tag k="name:etymology" v="Олесь Терентійович Гончар"/>
    <tag k="name:etymology:wikidata" v="Q2388302"/>
    <tag k="name:etymology:wikipedia" v="uk:Гончар Олесь Терентійович"/>
    <tag k="name:fr" v="Rue Olessia Hontchara"/>
    <tag k="name:hr" v="Ulica Olesja Hončara"/>
    <tag k="name:it" v="Via Oles' Hončar"/>
    <tag k="name:pl" v="ulica Olesia Gonczara"/>
    <tag k="name:uk" v="вулиця Олеся Гончара"/>
    <tag k="name:uk-Latn" v="vulytsia Olesia Honchara"/>
    <tag k="oneway" v="no"/>
    <tag k="oneway:bicycle" v="yes"/>
    <tag k="parking:left" v="lane"/>
    <tag k="parking:left:orientation" v="parallel"/>
    <tag k="parking:right" v="no"/>
    <tag k="surface" v="asphalt"/>
    <tag k="wikidata" v="Q167223"/>
    <tag k="wikipedia" v="uk:Вулиця Олеся Гончара (Київ)"/>
  </way>
  <way id="1352973135">
    <nd ref="1456800295"/>
    <nd ref="4596698902"/>
    <tag k="cycleway:left" v="no"/>
    <tag k="cycleway:right" v="lane"/>
    <tag k="foot" v="no"/>
    <tag k="hgv" v="no"/>
    <tag k="highway" v="tertiary"/>
    <tag k="lanes" v="3"/>
    <tag k="maxspeed" v="50"/>
    <tag k="name" v="вулиця Олеся Гончара"/>
    <tag k="name:bs" v="Ulica Olesja Hončara"/>
    <tag k="name:de" v="Olessja-Hotschara-Straße"/>
    <tag k="name:en" v="Olesia Honchara Street"/>
    <tag k="name:es" v="Calle de Olés Jonchár"/>
    <tag k="name:etymology" v="Олесь Терентійович Гончар"/>
    <tag k="name:etymology:wikidata" v="Q2388302"/>
    <tag k="name:etymology:wikipedia" v="uk:Гончар Олесь Терентійович"/>
    <tag k="name:fr" v="Rue Olessia Hontchara"/>
    <tag k="name:hr" v="Ulica Olesja Hončara"/>
    <tag k="name:it" v="Via Oles' Hončar"/>
    <tag k="name:pl" v="ulica Olesia Gonczara"/>
    <tag k="name:uk" v="вулиця Олеся Гончара"/>
    <tag k="name:uk-Latn" v="vulytsia Olesia Honchara"/>
    <tag k="oneway" v="no"/>
    <tag k="oneway:bicycle" v="yes"/>
    <tag k="parking:left" v="lane"/>
    <tag k="parking:left:orientation" v="parallel"/>
    <tag k="parking:right" v="no"/>
    <tag k="surface" v="asphalt"/>
    <tag k="wikidata" v="Q167223"/>
    <tag k="wikipedia" v="uk:Вулиця Олеся Гончара (Київ)"/>
  </way>
  <way id="1352973136">
    <nd ref="3143539937"/>
    <nd ref="7239000585"/>
    <tag k="cycleway:left" v="no"/>
    <tag k="cycleway:right" v="lane"/>
    <tag k="foot" v="no"/>
    <tag k="hgv" v="no"/>
    <tag k="highway" v="tertiary"/>
    <tag k="lanes" v="3"/>
    <tag k="maxspeed" v="50"/>
    <tag k="name" v="вулиця Олеся Гончара"/>
    <tag k="name:bs" v="Ulica Olesja Hončara"/>
    <tag k="name:de" v="Olessja-Hotschara-Straße"/>
    <tag k="name:en" v="Olesia Honchara Street"/>
    <tag k="name:es" v="Calle de Olés Jonchár"/>
    <tag k="name:etymology" v="Олесь Терентійович Гончар"/>
    <tag k="name:etymology:wikidata" v="Q2388302"/>
    <tag k="name:etymology:wikipedia" v="uk:Гончар Олесь Терентійович"/>
    <tag k="name:fr" v="Rue Olessia Hontchara"/>
    <tag k="name:hr" v="Ulica Olesja Hončara"/>
    <tag k="name:it" v="Via Oles' Hončar"/>
    <tag k="name:pl" v="ulica Olesia Gonczara"/>
    <tag k="name:uk" v="вулиця Олеся Гончара"/>
    <tag k="name:uk-Latn" v="vulytsia Olesia Honchara"/>
    <tag k="oneway" v="no"/>
    <tag k="oneway:bicycle" v="yes"/>
    <tag k="parking:left" v="lane"/>
    <tag k="parking:left:orientation" v="parallel"/>
    <tag k="parking:right" v="no"/>
    <tag k="surface" v="asphalt"/>
    <tag k="wikidata" v="Q167223"/>
    <tag k="wikipedia" v="uk:Вулиця Олеся Гончара (Київ)"/>
  </way>
  <way id="1352973137">
    <nd ref="8057448111"/>
    <nd ref="3143539937"/>
    <tag k="cycleway:left" v="no"/>
    <tag k="cycleway:right" v="lane"/>
    <tag k="foot" v="no"/>
    <tag k="hgv" v="no"/>
    <tag k="highway" v="tertiary"/>
    <tag k="lanes" v="3"/>
    <tag k="maxspeed" v="50"/>
    <tag k="name" v="вулиця Олеся Гончара"/>
    <tag k="name:bs" v="Ulica Olesja Hončara"/>
    <tag k="name:de" v="Olessja-Hotschara-Straße"/>
    <tag k="name:en" v="Olesia Honchara Street"/>
    <tag k="name:es" v="Calle de Olés Jonchár"/>
    <tag k="name:etymology" v="Олесь Терентійович Гончар"/>
    <tag k="name:etymology:wikidata" v="Q2388302"/>
    <tag k="name:etymology:wikipedia" v="uk:Гончар Олесь Терентійович"/>
    <tag k="name:fr" v="Rue Olessia Hontchara"/>
    <tag k="name:hr" v="Ulica Olesja Hončara"/>
    <tag k="name:it" v="Via Oles' Hončar"/>
    <tag k="name:pl" v="ulica Olesia Gonczara"/>
    <tag k="name:uk" v="вулиця Олеся Гончара"/>
    <tag k="name:uk-Latn" v="vulytsia Olesia Honchara"/>
    <tag k="oneway" v="no"/>
    <tag k="oneway:bicycle" v="yes"/>
    <tag k="parking:left" v="lane"/>
    <tag k="parking:left:orientation" v="parallel"/>
    <tag k="parking:right" v="no"/>
    <tag k="surface" v="asphalt"/>
    <tag k="wikidata" v="Q167223"/>
    <tag k="wikipedia" v="uk:Вулиця Олеся Гончара (Київ)"/>
  </way>
  <way id="1352973138">
    <nd ref="7239000578"/>
    <nd ref="8057448111"/>
    <tag k="cycleway:left" v="no"/>
    <tag k="cycleway:right" v="lane"/>
    <tag k="foot" v="no"/>
    <tag k="hgv" v="no"/>
    <tag k="highway" v="tertiary"/>
    <tag k="lanes" v="3"/>
    <tag k="maxspeed" v="50"/>
    <tag k="name" v="вулиця Олеся Гончара"/>
    <tag k="name:bs" v="Ulica Olesja Hončara"/>
    <tag k="name:de" v="Olessja-Hotschara-Straße"/>
    <tag k="name:en" v="Olesia Honchara Street"/>
    <tag k="name:es" v="Calle de Olés Jonchár"/>
    <tag k="name:etymology" v="Олесь Терентійович Гончар"/>
    <tag k="name:etymology:wikidata" v="Q2388302"/>
    <tag k="name:etymology:wikipedia" v="uk:Гончар Олесь Терентійович"/>
    <tag k="name:fr" v="Rue Olessia Hontchara"/>
    <tag k="name:hr" v="Ulica Olesja Hončara"/>
    <tag k="name:it" v="Via Oles' Hončar"/>
    <tag k="name:pl" v="ulica Olesia Gonczara"/>
    <tag k="name:uk" v="вулиця Олеся Гончара"/>
    <tag k="name:uk-Latn" v="vulytsia Olesia Honchara"/>
    <tag k="oneway" v="no"/>
    <tag k="oneway:bicycle" v="yes"/>
    <tag k="parking:left" v="lane"/>
    <tag k="parking:left:orientation" v="parallel"/>
    <tag k="parking:right" v="no"/>
    <tag k="surface" v="asphalt"/>
    <tag k="wikidata" v="Q167223"/>
    <tag k="wikipedia" v="uk:Вулиця Олеся Гончара (Київ)"/>
  </way>
  <way id="1352973139">
    <nd ref="7239000585"/>
    <nd ref="1456800295"/>
    <tag k="cycleway:left" v="no"/>
    <tag k="cycleway:right" v="lane"/>
    <tag k="foot" v="no"/>
    <tag k="hgv" v="no"/>
    <tag k="highway" v="tertiary"/>
    <tag k="lanes" v="3"/>
    <tag k="maxspeed" v="50"/>
    <tag k="name" v="вулиця Олеся Гончара"/>
    <tag k="name:bs" v="Ulica Olesja Hončara"/>
    <tag k="name:de" v="Olessja-Hotschara-Straße"/>
    <tag k="name:en" v="Olesia Honchara Street"/>
    <tag k="name:es" v="Calle de Olés Jonchár"/>
    <tag k="name:etymology" v="Олесь Терентійович Гончар"/>
    <tag k="name:etymology:wikidata" v="Q2388302"/>
    <tag k="name:etymology:wikipedia" v="uk:Гончар Олесь Терентійович"/>
    <tag k="name:fr" v="Rue Olessia Hontchara"/>
    <tag k="name:hr" v="Ulica Olesja Hončara"/>
    <tag k="name:it" v="Via Oles' Hončar"/>
    <tag k="name:pl" v="ulica Olesia Gonczara"/>
    <tag k="name:uk" v="вулиця Олеся Гончара"/>
    <tag k="name:uk-Latn" v="vulytsia Olesia Honchara"/>
    <tag k="oneway" v="no"/>
    <tag k="oneway:bicycle" v="yes"/>
    <tag k="parking:left" v="lane"/>
    <tag k="parking:left:orientation" v="parallel"/>
    <tag k="parking:right" v="no"/>
    <tag k="surface" v="asphalt"/>
    <tag k="wikidata" v="Q167223"/>
    <tag k="wikipedia" v="uk:Вулиця Олеся Гончара (Київ)"/>
  </way>
  <way id="1352973140">
    <nd ref="6093953269"/>
    <nd ref="12546080344"/>
    <tag k="cycleway:left" v="no"/>
    <tag k="cycleway:right" v="lane"/>
    <tag k="foot" v="no"/>
    <tag k="hgv" v="no"/>
    <tag k="highway" v="tertiary"/>
    <tag k="lanes" v="3"/>
    <tag k="maxspeed" v="50"/>
    <tag k="name" v="вулиця Олеся Гончара"/>
    <tag k="name:bs" v="Ulica Olesja Hončara"/>
    <tag k="name:de" v="Olessja-Hotschara-Straße"/>
    <tag k="name:en" v="Olesia Honchara Street"/>
    <tag k="name:es" v="Calle de Olés Jonchár"/>
    <tag k="name:etymology" v="Олесь Терентійович Гончар"/>
    <tag k="name:etymology:wikidata" v="Q2388302"/>
    <tag k="name:etymology:wikipedia" v="uk:Гончар Олесь Терентійович"/>
    <tag k="name:fr" v="Rue Olessia Hontchara"/>
    <tag k="name:hr" v="Ulica Olesja Hončara"/>
    <tag k="name:it" v="Via Oles' Hončar"/>
    <tag k="name:pl" v="ulica Olesia Gonczara"/>
    <tag k="name:uk" v="вулиця Олеся Гончара"/>
    <tag k="name:uk-Latn" v="vulytsia Olesia Honchara"/>
    <tag k="oneway" v="no"/>
    <tag k="oneway:bicycle" v="yes"/>
    <tag k="parking:left" v="lane"/>
    <tag k="parking:left:orientation" v="parallel"/>
    <tag k="parking:right" v="no"/>
    <tag k="surface" v="asphalt"/>
    <tag k="wikidata" v="Q167223"/>
    <tag k="wikipedia" v="uk:Вулиця Олеся Гончара (Київ)"/>
  </way>
  <way id="1352973141">
    <nd ref="7850081080"/>
    <nd ref="2401346480"/>
    <tag k="cycleway:left" v="no"/>
    <tag k="cycleway:right" v="lane"/>
    <tag k="foot" v="no"/>
    <tag k="hgv" v="no"/>
    <tag k="highway" v="tertiary"/>
    <tag k="lanes" v="3"/>
    <tag k="maxspeed" v="50"/>
    <tag k="name" v="вулиця Олеся Гончара"/>
    <tag k="name:bs" v="Ulica Olesja Hončara"/>
    <tag k="name:de" v="Olessja-Hotschara-Straße"/>
    <tag k="name:en" v="Olesia Honchara Street"/>
    <tag k="name:es" v="Calle de Olés Jonchár"/>
    <tag k="name:etymology" v="Олесь Терентійович Гончар"/>
    <tag k="name:etymology:wikidata" v="Q2388302"/>
    <tag k="name:etymology:wikipedia" v="uk:Гончар Олесь Терентійович"/>
    <tag k="name:fr" v="Rue Olessia Hontchara"/>
    <tag k="name:hr" v="Ulica Olesja Hončara"/>
    <tag k="name:it" v="Via Oles' Hončar"/>
    <tag k="name:pl" v="ulica Olesia Gonczara"/>
    <tag k="name:uk" v="вулиця Олеся Гончара"/>
    <tag k="name:uk-Latn" v="vulytsia Olesia Honchara"/>
    <tag k="oneway" v="no"/>
    <tag k="oneway:bicycle" v="yes"/>
    <tag k="parking:left" v="lane"/>
    <tag k="parking:left:orientation" v="parallel"/>
    <tag k="parking:right" v="no"/>
    <tag k="surface" v="asphalt"/>
    <tag k="wikidata" v="Q167223"/>
    <tag k="wikipedia" v="uk:Вулиця Олеся Гончара (Київ)"/>
  </way>
  <way id="1352973142">
    <nd ref="4887639682"/>
    <nd ref="313316577"/>
    <nd ref="7850081080"/>
    <tag k="cycleway:left" v="no"/>
    <tag k="cycleway:right" v="lane"/>
    <tag k="foot" v="no"/>
    <tag k="hgv" v="no"/>
    <tag k="highway" v="tertiary"/>
    <tag k="lanes" v="3"/>
    <tag k="maxspeed" v="50"/>
    <tag k="name" v="вулиця Олеся Гончара"/>
    <tag k="name:bs" v="Ulica Olesja Hončara"/>
    <tag k="name:de" v="Olessja-Hotschara-Straße"/>
    <tag k="name:en" v="Olesia Honchara Street"/>
    <tag k="name:es" v="Calle de Olés Jonchár"/>
    <tag k="name:etymology" v="Олесь Терентійович Гончар"/>
    <tag k="name:etymology:wikidata" v="Q2388302"/>
    <tag k="name:etymology:wikipedia" v="uk:Гончар Олесь Терентійович"/>
    <tag k="name:fr" v="Rue Olessia Hontchara"/>
    <tag k="name:hr" v="Ulica Olesja Hončara"/>
    <tag k="name:it" v="Via Oles' Hončar"/>
    <tag k="name:pl" v="ulica Olesia Gonczara"/>
    <tag k="name:uk" v="вулиця Олеся Гончара"/>
    <tag k="name:uk-Latn" v="vulytsia Olesia Honchara"/>
    <tag k="oneway" v="no"/>
    <tag k="oneway:bicycle" v="yes"/>
    <tag k="parking:left" v="lane"/>
    <tag k="parking:left:orientation" v="parallel"/>
    <tag k="parking:right" v="no"/>
    <tag k="surface" v="asphalt"/>
    <tag k="wikidata" v="Q167223"/>
    <tag k="wikipedia" v="uk:Вулиця Олеся Гончара (Київ)"/>
  </way>
  <way id="1352973143">
    <nd ref="7850092386"/>
    <nd ref="4887639682"/>
    <tag k="cycleway:left" v="no"/>
    <tag k="cycleway:right" v="lane"/>
    <tag k="foot" v="no"/>
    <tag k="hgv" v="no"/>
    <tag k="highway" v="tertiary"/>
    <tag k="lanes" v="3"/>
    <tag k="maxspeed" v="50"/>
    <tag k="name" v="вулиця Олеся Гончара"/>
    <tag k="name:bs" v="Ulica Olesja Hončara"/>
    <tag k="name:de" v="Olessja-Hotschara-Straße"/>
    <tag k="name:en" v="Olesia Honchara Street"/>
    <tag k="name:es" v="Calle de Olés Jonchár"/>
    <tag k="name:etymology" v="Олесь Терентійович Гончар"/>
    <tag k="name:etymology:wikidata" v="Q2388302"/>
    <tag k="name:etymology:wikipedia" v="uk:Гончар Олесь Терентійович"/>
    <tag k="name:fr" v="Rue Olessia Hontchara"/>
    <tag k="name:hr" v="Ulica Olesja Hončara"/>
    <tag k="name:it" v="Via Oles' Hončar"/>
    <tag k="name:pl" v="ulica Olesia Gonczara"/>
    <tag k="name:uk" v="вулиця Олеся Гончара"/>
    <tag k="name:uk-Latn" v="vulytsia Olesia Honchara"/>
    <tag k="oneway" v="no"/>
    <tag k="oneway:bicycle" v="yes"/>
    <tag k="parking:left" v="lane"/>
    <tag k="parking:left:orientation" v="parallel"/>
    <tag k="parking:right" v="no"/>
    <tag k="surface" v="asphalt"/>
    <tag k="wikidata" v="Q167223"/>
    <tag k="wikipedia" v="uk:Вулиця Олеся Гончара (Київ)"/>
  </way>
  <way id="1352973144">
    <nd ref="7850092394"/>
    <nd ref="7850092386"/>
    <tag k="cycleway:left" v="no"/>
    <tag k="cycleway:right" v="lane"/>
    <tag k="foot" v="no"/>
    <tag k="hgv" v="no"/>
    <tag k="highway" v="tertiary"/>
    <tag k="lanes" v="3"/>
    <tag k="maxspeed" v="50"/>
    <tag k="name" v="вулиця Олеся Гончара"/>
    <tag k="name:bs" v="Ulica Olesja Hončara"/>
    <tag k="name:de" v="Olessja-Hotschara-Straße"/>
    <tag k="name:en" v="Olesia Honchara Street"/>
    <tag k="name:es" v="Calle de Olés Jonchár"/>
    <tag k="name:etymology" v="Олесь Терентійович Гончар"/>
    <tag k="name:etymology:wikidata" v="Q2388302"/>
    <tag k="name:etymology:wikipedia" v="uk:Гончар Олесь Терентійович"/>
    <tag k="name:fr" v="Rue Olessia Hontchara"/>
    <tag k="name:hr" v="Ulica Olesja Hončara"/>
    <tag k="name:it" v="Via Oles' Hončar"/>
    <tag k="name:pl" v="ulica Olesia Gonczara"/>
    <tag k="name:uk" v="вулиця Олеся Гончара"/>
    <tag k="name:uk-Latn" v="vulytsia Olesia Honchara"/>
    <tag k="oneway" v="no"/>
    <tag k="oneway:bicycle" v="yes"/>
    <tag k="parking:left" v="lane"/>
    <tag k="parking:left:orientation" v="parallel"/>
    <tag k="parking:right" v="no"/>
    <tag k="surface" v="asphalt"/>
    <tag k="wikidata" v="Q167223"/>
    <tag k="wikipedia" v="uk:Вулиця Олеся Гончара (Київ)"/>
  </way>
  <way id="1352973145">
    <nd ref="5105118135"/>
    <nd ref="7850092394"/>
    <tag k="cycleway:left" v="no"/>
    <tag k="cycleway:right" v="lane"/>
    <tag k="foot" v="no"/>
    <tag k="hgv" v="no"/>
    <tag k="highway" v="tertiary"/>
    <tag k="lanes" v="3"/>
    <tag k="maxspeed" v="50"/>
    <tag k="name" v="вулиця Олеся Гончара"/>
    <tag k="name:bs" v="Ulica Olesja Hončara"/>
    <tag k="name:de" v="Olessja-Hotschara-Straße"/>
    <tag k="name:en" v="Olesia Honchara Street"/>
    <tag k="name:es" v="Calle de Olés Jonchár"/>
    <tag k="name:etymology" v="Олесь Терентійович Гончар"/>
    <tag k="name:etymology:wikidata" v="Q2388302"/>
    <tag k="name:etymology:wikipedia" v="uk:Гончар Олесь Терентійович"/>
    <tag k="name:fr" v="Rue Olessia Hontchara"/>
    <tag k="name:hr" v="Ulica Olesja Hončara"/>
    <tag k="name:it" v="Via Oles' Hončar"/>
    <tag k="name:pl" v="ulica Olesia Gonczara"/>
    <tag k="name:uk" v="вулиця Олеся Гончара"/>
    <tag k="name:uk-Latn" v="vulytsia Olesia Honchara"/>
    <tag k="oneway" v="no"/>
    <tag k="oneway:bicycle" v="yes"/>
    <tag k="parking:left" v="lane"/>
    <tag k="parking:left:orientation" v="parallel"/>
    <tag k="parking:right" v="no"/>
    <tag k="surface" v="asphalt"/>
    <tag k="wikidata" v="Q167223"/>
    <tag k="wikipedia" v="uk:Вулиця Олеся Гончара (Київ)"/>
  </way>
  <way id="1352973146">
    <nd ref="7613518457"/>
    <nd ref="1469571169"/>
    <nd ref="26546187"/>
    <nd ref="1529446868"/>
    <nd ref="5105118135"/>
    <tag k="cycleway:left" v="no"/>
    <tag k="cycleway:right" v="lane"/>
    <tag k="foot" v="no"/>
    <tag k="hgv" v="no"/>
    <tag k="highway" v="tertiary"/>
    <tag k="lanes" v="3"/>
    <tag k="maxspeed" v="50"/>
    <tag k="name" v="вулиця Олеся Гончара"/>
    <tag k="name:bs" v="Ulica Olesja Hončara"/>
    <tag k="name:de" v="Olessja-Hotschara-Straße"/>
    <tag k="name:en" v="Olesia Honchara Street"/>
    <tag k="name:es" v="Calle de Olés Jonchár"/>
    <tag k="name:etymology" v="Олесь Терентійович Гончар"/>
    <tag k="name:etymology:wikidata" v="Q2388302"/>
    <tag k="name:etymology:wikipedia" v="uk:Гончар Олесь Терентійович"/>
    <tag k="name:fr" v="Rue Olessia Hontchara"/>
    <tag k="name:hr" v="Ulica Olesja Hončara"/>
    <tag k="name:it" v="Via Oles' Hončar"/>
    <tag k="name:pl" v="ulica Olesia Gonczara"/>
    <tag k="name:uk" v="вулиця Олеся Гончара"/>
    <tag k="name:uk-Latn" v="vulytsia Olesia Honchara"/>
    <tag k="oneway" v="no"/>
    <tag k="oneway:bicycle" v="yes"/>
    <tag k="parking:left" v="lane"/>
    <tag k="parking:left:orientation" v="parallel"/>
    <tag k="parking:right" v="no"/>
    <tag k="surface" v="asphalt"/>
    <tag k="wikidata" v="Q167223"/>
    <tag k="wikipedia" v="uk:Вулиця Олеся Гончара (Київ)"/>
  </way>
  <way id="1352973159">
    <nd ref="4325208015"/>
    <nd ref="1469571093"/>
    <nd ref="26546137"/>
    <tag k="cycleway:both" v="no"/>
    <tag k="highway" v="tertiary"/>
    <tag k="lanes" v="2"/>
    <tag k="maxspeed" v="50"/>
    <tag k="name" v="вулиця Богдана Хмельницького"/>
    <tag k="name:en" v="Bohdana Khmelnytskoho Street"/>
    <tag k="name:es" v="Calle de Bogdán Jmelnitski"/>
    <tag k="name:etymology" v="Богдан Хмельницький"/>
    <tag k="name:etymology:wikidata" v="Q203808"/>
    <tag k="name:etymology:wikipedia" v="uk:Богдан Хмельницький"/>
    <tag k="name:pl" v="ulica Bohdana Chmielnickiego"/>
    <tag k="name:uk" v="вулиця Богдана Хмельницького"/>
    <tag k="name:uk-Latn" v="vulytsia Bohdana Khmelnytskoho"/>
    <tag k="oneway" v="no"/>
    <tag k="surface" v="asphalt"/>
    <tag k="wikidata" v="Q3406840"/>
    <tag k="wikipedia" v="uk:Вулиця Богдана Хмельницького (Київ, Шевченківський район)"/>
  </way>
  <way id="1352973161">
    <nd ref="7604080007"/>
    <nd ref="12916025348"/>
    <nd ref="12916025343"/>
    <nd ref="4325208015"/>
    <tag k="cycleway:both" v="no"/>
    <tag k="highway" v="tertiary"/>
    <tag k="lanes" v="2"/>
    <tag k="maxspeed" v="50"/>
    <tag k="name" v="вулиця Богдана Хмельницького"/>
    <tag k="name:en" v="Bohdana Khmelnytskoho Street"/>
    <tag k="name:es" v="Calle de Bogdán Jmelnitski"/>
    <tag k="name:etymology" v="Богдан Хмельницький"/>
    <tag k="name:etymology:wikidata" v="Q203808"/>
    <tag k="name:etymology:wikipedia" v="uk:Богдан Хмельницький"/>
    <tag k="name:pl" v="ulica Bohdana Chmielnickiego"/>
    <tag k="name:uk" v="вулиця Богдана Хмельницького"/>
    <tag k="name:uk-Latn" v="vulytsia Bohdana Khmelnytskoho"/>
    <tag k="oneway" v="no"/>
    <tag k="surface" v="asphalt"/>
    <tag k="wikidata" v="Q3406840"/>
    <tag k="wikipedia" v="uk:Вулиця Богдана Хмельницького (Київ, Шевченківський район)"/>
  </way>
  <way id="1353137561">
    <nd ref="12520486465"/>
    <nd ref="12520486468"/>
    <nd ref="12520486467"/>
    <nd ref="12520486466"/>
    <tag k="highway" v="service"/>
  </way>
  <way id="1353137562">
    <nd ref="12520486465"/>
    <nd ref="12520486469"/>
    <tag k="highway" v="service"/>
    <tag k="tunnel" v="building_passage"/>
  </way>
  <way id="1353137563">
    <nd ref="12520486469"/>
    <nd ref="12520486470"/>
    <tag k="highway" v="service"/>
  </way>
  <way id="1353137564">
    <nd ref="12520486482"/>
    <nd ref="12520486483"/>
    <tag k="highway" v="service"/>
  </way>
  <way id="1353137565">
    <nd ref="12520486483"/>
    <nd ref="12520486484"/>
    <tag k="highway" v="service"/>
    <tag k="tunnel" v="building_passage"/>
  </way>
  <way id="1353137566">
    <nd ref="12520486484"/>
    <nd ref="12520486487"/>
    <nd ref="12520486486"/>
    <nd ref="12520486485"/>
    <tag k="highway" v="service"/>
  </way>
  <way id="1353137567">
    <nd ref="4887639704"/>
    <nd ref="12520486490"/>
    <tag k="highway" v="footway"/>
  </way>
  <way id="1353137568">
    <nd ref="12520486491"/>
    <nd ref="4887639697"/>
    <tag k="highway" v="footway"/>
  </way>
  <way id="1353137569">
    <nd ref="8853896652"/>
    <nd ref="12520492913"/>
    <tag k="highway" v="footway"/>
  </way>
  <way id="1353137570">
    <nd ref="1005421018"/>
    <nd ref="12520492917"/>
    <tag k="highway" v="footway"/>
  </way>
  <way id="1353137571">
    <nd ref="12520492925"/>
    <nd ref="12520492926"/>
    <tag k="handrail" v="yes"/>
    <tag k="highway" v="steps"/>
    <tag k="surface" v="concrete"/>
    <tag k="tactile_paving" v="no"/>
  </way>
  <way id="1353137572">
    <nd ref="12520492925"/>
    <nd ref="12520492927"/>
    <nd ref="7657595711"/>
    <tag k="highway" v="footway"/>
  </way>
  <way id="1353137573">
    <nd ref="617129481"/>
    <nd ref="617129463"/>
    <tag k="highway" v="service"/>
    <tag k="tunnel" v="building_passage"/>
  </way>
  <way id="1353137574">
    <nd ref="617129463"/>
    <nd ref="12520492931"/>
    <nd ref="12520492928"/>
    <nd ref="1529446746"/>
    <tag k="highway" v="service"/>
    <tag k="surface" v="asphalt"/>
  </way>
  <way id="1353137575">
    <nd ref="617129481"/>
    <nd ref="12520492929"/>
    <nd ref="12520492930"/>
    <tag k="highway" v="service"/>
    <tag k="surface" v="asphalt"/>
  </way>
  <way id="1353338854">
    <nd ref="1529446268"/>
    <nd ref="12522510447"/>
    <tag k="highway" v="footway"/>
    <tag k="surface" v="concrete"/>
  </way>
  <way id="1353338855">
    <nd ref="12522510448"/>
    <nd ref="1529446268"/>
    <tag k="access" v="yes"/>
    <tag k="handrail" v="yes"/>
    <tag k="highway" v="steps"/>
    <tag k="incline" v="up"/>
    <tag k="step_count" v="25"/>
    <tag k="surface" v="paving_stones"/>
    <tag k="tactile_paving" v="no"/>
    <tag k="tunnel" v="building_passage"/>
  </way>
  <way id="1353338856">
    <nd ref="8853910254"/>
    <nd ref="12522510448"/>
    <tag k="highway" v="footway"/>
    <tag k="surface" v="paving_stones"/>
  </way>
  <way id="1353338857">
    <nd ref="8853910254"/>
    <nd ref="1529446273"/>
    <nd ref="12522510449"/>
    <tag k="highway" v="footway"/>
  </way>
  <way id="1353338858">
    <nd ref="8851265772"/>
    <nd ref="12522510450"/>
    <tag k="highway" v="footway"/>
  </way>
  <way id="1353338861">
    <nd ref="12522510457"/>
    <nd ref="12522510458"/>
    <tag k="highway" v="service"/>
    <tag k="maxspeed" v="20"/>
    <tag k="service" v="parking_aisle"/>
    <tag k="surface" v="paving_stones"/>
  </way>
  <way id="1353338862">
    <nd ref="12522510458"/>
    <nd ref="12522510460"/>
    <tag k="highway" v="service"/>
    <tag k="layer" v="-1"/>
    <tag k="maxspeed" v="20"/>
    <tag k="service" v="parking_aisle"/>
    <tag k="surface" v="paving_stones"/>
    <tag k="tunnel" v="yes"/>
  </way>
  <way id="1353338863">
    <nd ref="12522510462"/>
    <nd ref="12522510469"/>
    <nd ref="12522510464"/>
    <tag k="highway" v="footway"/>
    <tag k="surface" v="paving_stones"/>
  </way>
  <way id="1353338864">
    <nd ref="12522510461"/>
    <nd ref="12522510467"/>
    <nd ref="12522510465"/>
    <tag k="highway" v="footway"/>
    <tag k="surface" v="paving_stones"/>
  </way>
  <way id="1353338865">
    <nd ref="12522510463"/>
    <nd ref="12522510468"/>
    <nd ref="12522510466"/>
    <tag k="highway" v="footway"/>
    <tag k="surface" v="paving_stones"/>
  </way>
  <way id="1353338866">
    <nd ref="12522510467"/>
    <nd ref="12522510469"/>
    <nd ref="12522510468"/>
    <tag k="highway" v="footway"/>
    <tag k="surface" v="paving_stones"/>
  </way>
  <way id="1353389505">
    <nd ref="12522915592"/>
    <nd ref="12522915593"/>
    <tag k="highway" v="service"/>
    <tag k="service" v="driveway"/>
    <tag k="surface" v="asphalt"/>
  </way>
  <way id="1353626980">
    <nd ref="4430908181"/>
    <nd ref="11227243092"/>
    <nd ref="12525929773"/>
    <nd ref="12525929772"/>
    <tag k="crossing" v="uncontrolled"/>
    <tag k="crossing:island" v="no"/>
    <tag k="crossing:markings" v="zebra"/>
    <tag k="footway" v="crossing"/>
    <tag k="highway" v="footway"/>
    <tag k="surface" v="asphalt"/>
    <tag k="tactile_paving" v="no"/>
  </way>
  <way id="1354138610">
    <nd ref="12027586592"/>
    <nd ref="12027586593"/>
    <nd ref="12019755654"/>
    <tag k="highway" v="service"/>
    <tag k="maxspeed" v="20"/>
    <tag k="oneway" v="no"/>
    <tag k="service" v="driveway"/>
  </way>
  <way id="1354612219">
    <nd ref="1456800314"/>
    <nd ref="1456800309"/>
    <nd ref="1662636993"/>
    <tag k="footway" v="sidewalk"/>
    <tag k="highway" v="footway"/>
    <tag k="lit" v="yes"/>
    <tag k="surface" v="asphalt"/>
  </way>
  <way id="1354612221">
    <nd ref="1662636993"/>
    <nd ref="12535980494"/>
    <tag k="footway" v="sidewalk"/>
    <tag k="highway" v="footway"/>
    <tag k="lit" v="yes"/>
    <tag k="surface" v="sett"/>
  </way>
  <way id="1355631390">
    <nd ref="12546080339"/>
    <nd ref="12546080338"/>
    <nd ref="12546080344"/>
    <tag k="highway" v="service"/>
  </way>
  <way id="1355631391">
    <nd ref="12546080340"/>
    <nd ref="12546080339"/>
    <tag k="highway" v="service"/>
    <tag k="tunnel" v="building_passage"/>
  </way>
  <way id="1355631392">
    <nd ref="12546080342"/>
    <nd ref="11227246012"/>
    <nd ref="12546080343"/>
    <tag k="footway" v="crossing"/>
    <tag k="highway" v="footway"/>
  </way>
  <way id="1355631393">
    <nd ref="12546080341"/>
    <nd ref="12546080340"/>
    <tag k="highway" v="service"/>
  </way>
  <way id="1365763127">
    <nd ref="12647785864"/>
    <nd ref="3421744179"/>
    <tag k="highway" v="service"/>
    <tag k="surface" v="asphalt"/>
  </way>
  <way id="1365763128">
    <nd ref="3421744180"/>
    <nd ref="12647785858"/>
    <tag k="highway" v="service"/>
    <tag k="surface" v="asphalt"/>
    <tag k="tunnel" v="building_passage"/>
  </way>
  <way id="1365763129">
    <nd ref="12647785858"/>
    <nd ref="12647785860"/>
    <nd ref="12647785861"/>
    <nd ref="12647785862"/>
    <nd ref="12647785859"/>
    <tag k="highway" v="service"/>
    <tag k="surface" v="asphalt"/>
  </way>
  <way id="1365763133">
    <nd ref="3421744176"/>
    <nd ref="12647785864"/>
    <tag k="highway" v="footway"/>
  </way>
  <way id="1371905388">
    <nd ref="2438865453"/>
    <nd ref="12703546999"/>
    <tag k="highway" v="service"/>
    <tag k="maxspeed" v="20"/>
    <tag k="service" v="alley"/>
    <tag k="surface" v="asphalt"/>
  </way>
  <way id="1380081575">
    <nd ref="3150078732"/>
    <nd ref="3421744182"/>
    <tag k="highway" v="footway"/>
    <tag k="surface" v="asphalt"/>
  </way>
  <way id="1382915433">
    <nd ref="12803540478"/>
    <nd ref="12803540473"/>
    <tag k="highway" v="service"/>
    <tag k="maxspeed" v="20"/>
    <tag k="service" v="alley"/>
  </way>
  <way id="1382915434">
    <nd ref="12803540473"/>
    <nd ref="12803540465"/>
    <tag k="highway" v="service"/>
    <tag k="maxspeed" v="20"/>
    <tag k="service" v="alley"/>
    <tag k="tunnel" v="building_passage"/>
  </way>
  <way id="1382915435">
    <nd ref="12803540471"/>
    <nd ref="12803540470"/>
    <nd ref="12803540474"/>
    <tag k="highway" v="service"/>
  </way>
  <way id="1382915436">
    <nd ref="12803540466"/>
    <nd ref="12803540471"/>
    <tag k="highway" v="service"/>
    <tag k="tunnel" v="building_passage"/>
  </way>
  <way id="1382915437">
    <nd ref="12803540475"/>
    <nd ref="12803540466"/>
    <tag k="highway" v="service"/>
  </way>
  <way id="1382915438">
    <nd ref="12803540465"/>
    <nd ref="12803540480"/>
    <nd ref="12803540472"/>
    <tag k="highway" v="service"/>
    <tag k="maxspeed" v="20"/>
    <tag k="service" v="alley"/>
  </way>
  <way id="1384440450">
    <nd ref="12115272810"/>
    <nd ref="3541551432"/>
    <tag k="check_date" v="2025-05-16"/>
    <tag k="cycleway:right" v="no"/>
    <tag k="foot" v="no"/>
    <tag k="highway" v="residential"/>
    <tag k="lane_markings" v="yes"/>
    <tag k="lanes" v="2"/>
    <tag k="lit" v="yes"/>
    <tag k="maxspeed" v="50"/>
    <tag k="maxweight" v="3.5"/>
    <tag k="name" v="вулиця Лисенка"/>
    <tag k="name:de" v="Lyssenka-Straße"/>
    <tag k="name:en" v="Lysenka Street"/>
    <tag k="name:es" v="Calle de Lísenko"/>
    <tag k="name:etymology" v="Микола Віталійович Лисенко"/>
    <tag k="name:etymology:wikidata" v="Q172425"/>
    <tag k="name:etymology:wikipedia" v="uk:Лисенко Микола Віталійович"/>
    <tag k="name:fr" v="Rue Lyssenka"/>
    <tag k="name:it" v="Via Lysenko"/>
    <tag k="name:uk" v="вулиця Лисенка"/>
    <tag k="name:uk-Latn" v="vulytsia Lysenka"/>
    <tag k="oneway" v="no"/>
    <tag k="parking:left" v="no"/>
    <tag k="parking:right" v="street_side"/>
    <tag k="parking:right:orientation" v="parallel"/>
    <tag k="smoothness" v="excellent"/>
    <tag k="surface" v="asphalt"/>
    <tag k="wikidata" v="Q4472950"/>
    <tag k="wikipedia" v="uk:Вулиця Лисенка (Київ)"/>
  </way>
  <way id="1384440451">
    <nd ref="3541551432"/>
    <nd ref="12115289293"/>
    <tag k="check_date" v="2025-05-16"/>
    <tag k="cycleway:right" v="no"/>
    <tag k="foot" v="no"/>
    <tag k="highway" v="residential"/>
    <tag k="lane_markings" v="yes"/>
    <tag k="lanes" v="2"/>
    <tag k="lit" v="yes"/>
    <tag k="maxspeed" v="50"/>
    <tag k="maxweight" v="3.5"/>
    <tag k="name" v="вулиця Лисенка"/>
    <tag k="name:de" v="Lyssenka-Straße"/>
    <tag k="name:en" v="Lysenka Street"/>
    <tag k="name:es" v="Calle de Lísenko"/>
    <tag k="name:etymology" v="Микола Віталійович Лисенко"/>
    <tag k="name:etymology:wikidata" v="Q172425"/>
    <tag k="name:etymology:wikipedia" v="uk:Лисенко Микола Віталійович"/>
    <tag k="name:fr" v="Rue Lyssenka"/>
    <tag k="name:it" v="Via Lysenko"/>
    <tag k="name:uk" v="вулиця Лисенка"/>
    <tag k="name:uk-Latn" v="vulytsia Lysenka"/>
    <tag k="oneway" v="no"/>
    <tag k="parking:left" v="no"/>
    <tag k="parking:right" v="street_side"/>
    <tag k="parking:right:orientation" v="parallel"/>
    <tag k="smoothness" v="excellent"/>
    <tag k="surface" v="asphalt"/>
    <tag k="wikidata" v="Q4472950"/>
    <tag k="wikipedia" v="uk:Вулиця Лисенка (Київ)"/>
  </way>
  <way id="1384440452">
    <nd ref="12115289293"/>
    <nd ref="12115289286"/>
    <tag k="check_date" v="2025-05-16"/>
    <tag k="cycleway:right" v="no"/>
    <tag k="foot" v="no"/>
    <tag k="highway" v="residential"/>
    <tag k="lane_markings" v="yes"/>
    <tag k="lanes" v="2"/>
    <tag k="lit" v="yes"/>
    <tag k="maxspeed" v="50"/>
    <tag k="maxweight" v="3.5"/>
    <tag k="name" v="вулиця Лисенка"/>
    <tag k="name:de" v="Lyssenka-Straße"/>
    <tag k="name:en" v="Lysenka Street"/>
    <tag k="name:es" v="Calle de Lísenko"/>
    <tag k="name:etymology" v="Микола Віталійович Лисенко"/>
    <tag k="name:etymology:wikidata" v="Q172425"/>
    <tag k="name:etymology:wikipedia" v="uk:Лисенко Микола Віталійович"/>
    <tag k="name:fr" v="Rue Lyssenka"/>
    <tag k="name:it" v="Via Lysenko"/>
    <tag k="name:uk" v="вулиця Лисенка"/>
    <tag k="name:uk-Latn" v="vulytsia Lysenka"/>
    <tag k="oneway" v="no"/>
    <tag k="parking:left" v="no"/>
    <tag k="parking:right" v="street_side"/>
    <tag k="parking:right:orientation" v="parallel"/>
    <tag k="smoothness" v="excellent"/>
    <tag k="surface" v="asphalt"/>
    <tag k="wikidata" v="Q4472950"/>
    <tag k="wikipedia" v="uk:Вулиця Лисенка (Київ)"/>
  </way>
  <way id="1384440453">
    <nd ref="12115289286"/>
    <nd ref="1502836495"/>
    <nd ref="1586671878"/>
    <nd ref="259159432"/>
    <tag k="check_date" v="2025-05-16"/>
    <tag k="cycleway:right" v="no"/>
    <tag k="foot" v="no"/>
    <tag k="highway" v="residential"/>
    <tag k="lane_markings" v="yes"/>
    <tag k="lanes" v="2"/>
    <tag k="lit" v="yes"/>
    <tag k="maxspeed" v="50"/>
    <tag k="maxweight" v="3.5"/>
    <tag k="name" v="вулиця Лисенка"/>
    <tag k="name:de" v="Lyssenka-Straße"/>
    <tag k="name:en" v="Lysenka Street"/>
    <tag k="name:es" v="Calle de Lísenko"/>
    <tag k="name:etymology" v="Микола Віталійович Лисенко"/>
    <tag k="name:etymology:wikidata" v="Q172425"/>
    <tag k="name:etymology:wikipedia" v="uk:Лисенко Микола Віталійович"/>
    <tag k="name:fr" v="Rue Lyssenka"/>
    <tag k="name:it" v="Via Lysenko"/>
    <tag k="name:uk" v="вулиця Лисенка"/>
    <tag k="name:uk-Latn" v="vulytsia Lysenka"/>
    <tag k="oneway" v="no"/>
    <tag k="parking:left" v="no"/>
    <tag k="parking:right" v="street_side"/>
    <tag k="parking:right:orientation" v="parallel"/>
    <tag k="smoothness" v="excellent"/>
    <tag k="surface" v="asphalt"/>
    <tag k="wikidata" v="Q4472950"/>
    <tag k="wikipedia" v="uk:Вулиця Лисенка (Київ)"/>
  </way>
  <way id="1385637301">
    <nd ref="26546084"/>
    <nd ref="3295639287"/>
    <nd ref="1284382932"/>
    <tag k="cycleway:both" v="no"/>
    <tag k="cycleway:right" v="lane"/>
    <tag k="highway" v="tertiary"/>
    <tag k="lane_markings" v="yes"/>
    <tag k="lanes" v="2"/>
    <tag k="lit" v="yes"/>
    <tag k="maxspeed" v="50"/>
    <tag k="name" v="вулиця Ярославів Вал"/>
    <tag k="name:de" v="Jarosslawiw-Wal-Straße"/>
    <tag k="name:en" v="Yaroslaviv Val Street"/>
    <tag k="name:es" v="Calle Yaroslaviv Val"/>
    <tag k="name:etymology" v="Ярослав Мудрий"/>
    <tag k="name:etymology:wikidata" v="Q188943"/>
    <tag k="name:etymology:wikipedia" v="uk:Ярослав Мудрий"/>
    <tag k="name:fr" v="Rue Iaroslaviv Val"/>
    <tag k="name:it" v="Via Jaroslaviv Val"/>
    <tag k="name:ru" v="улица Ярославов Вал"/>
    <tag k="name:uk" v="вулиця Ярославів Вал"/>
    <tag k="name:uk-Latn" v="vulytsia Yaroslaviv Val"/>
    <tag k="oneway" v="yes"/>
    <tag k="oneway:bicycle" v="yes"/>
    <tag k="parking:left" v="street_side"/>
    <tag k="parking:left:orientation" v="parallel"/>
    <tag k="parking:right" v="no"/>
    <tag k="sidewalk:both" v="separate"/>
    <tag k="smoothness" v="excellent"/>
    <tag k="surface" v="asphalt"/>
    <tag k="wikidata" v="Q3406794"/>
    <tag k="wikipedia" v="uk:Вулиця Ярославів Вал"/>
  </way>
  <way id="1385637302">
    <nd ref="3295633461"/>
    <nd ref="12828978126"/>
    <nd ref="1302422705"/>
    <tag k="cycleway:both" v="no"/>
    <tag k="highway" v="secondary"/>
    <tag k="lane_markings" v="yes"/>
    <tag k="lanes" v="6"/>
    <tag k="lanes:backward" v="3"/>
    <tag k="lanes:forward" v="3"/>
    <tag k="maxspeed" v="50"/>
    <tag k="name" v="Володимирська вулиця"/>
    <tag k="name:de" v="Wolodymyr-Straße"/>
    <tag k="name:en" v="Volodymyrska Street"/>
    <tag k="name:es" v="Calle Volodymyrska"/>
    <tag k="name:etymology" v="Володимир Великий"/>
    <tag k="name:etymology:wikidata" v="Q14974"/>
    <tag k="name:etymology:wikipedia" v="uk:Володимир Святославич"/>
    <tag k="name:fr" v="Rue Volodymyrska"/>
    <tag k="name:it" v="Via Volodymyrs'ka"/>
    <tag k="name:pl" v="ulica Włodzimierska"/>
    <tag k="name:uk" v="Володимирська вулиця"/>
    <tag k="name:uk-Latn" v="Volodymyrska vulytsia"/>
    <tag k="old_name:de" v="Wladimirsskaja-Straße"/>
    <tag k="surface" v="sett"/>
    <tag k="wikidata" v="Q3400240"/>
    <tag k="wikipedia" v="uk:Володимирська вулиця (Київ)"/>
  </way>
  <way id="1385637303">
    <nd ref="11630405564"/>
    <nd ref="2299822116"/>
    <tag k="cycleway:both" v="no"/>
    <tag k="hgv" v="no"/>
    <tag k="highway" v="tertiary"/>
    <tag k="lanes" v="3"/>
    <tag k="lanes:backward" v="1"/>
    <tag k="lanes:forward" v="2"/>
    <tag k="maxspeed" v="50"/>
    <tag k="motorcycle" v="no"/>
    <tag k="name" v="Прорізна вулиця"/>
    <tag k="name:de" v="Prorisna-Straße"/>
    <tag k="name:en" v="Prorizna Street"/>
    <tag k="name:es" v="Calle Prorizná"/>
    <tag k="name:fr" v="Rue Prorizna"/>
    <tag k="name:hr" v="Prorizna ulica"/>
    <tag k="name:it" v="Via Prorizna"/>
    <tag k="name:ru" v="Прорезная улица"/>
    <tag k="name:uk" v="Прорізна вулиця"/>
    <tag k="sidewalk:both" v="separate"/>
    <tag k="surface" v="sett"/>
    <tag k="tourist_bus" v="no"/>
  </way>
  <way id="1385773866">
    <nd ref="12546080344"/>
    <nd ref="11227246012"/>
    <tag k="cycleway:left" v="no"/>
    <tag k="cycleway:right" v="lane"/>
    <tag k="foot" v="no"/>
    <tag k="hgv" v="no"/>
    <tag k="highway" v="tertiary"/>
    <tag k="lanes" v="3"/>
    <tag k="maxspeed" v="50"/>
    <tag k="name" v="вулиця Олеся Гончара"/>
    <tag k="name:bs" v="Ulica Olesja Hončara"/>
    <tag k="name:de" v="Olessja-Hotschara-Straße"/>
    <tag k="name:en" v="Olesia Honchara Street"/>
    <tag k="name:es" v="Calle de Olés Jonchár"/>
    <tag k="name:etymology" v="Олесь Терентійович Гончар"/>
    <tag k="name:etymology:wikidata" v="Q2388302"/>
    <tag k="name:etymology:wikipedia" v="uk:Гончар Олесь Терентійович"/>
    <tag k="name:fr" v="Rue Olessia Hontchara"/>
    <tag k="name:hr" v="Ulica Olesja Hončara"/>
    <tag k="name:it" v="Via Oles' Hončar"/>
    <tag k="name:pl" v="ulica Olesia Gonczara"/>
    <tag k="name:uk" v="вулиця Олеся Гончара"/>
    <tag k="name:uk-Latn" v="vulytsia Olesia Honchara"/>
    <tag k="oneway" v="no"/>
    <tag k="oneway:bicycle" v="yes"/>
    <tag k="parking:left" v="lane"/>
    <tag k="parking:left:orientation" v="parallel"/>
    <tag k="parking:right" v="no"/>
    <tag k="surface" v="asphalt"/>
    <tag k="wikidata" v="Q167223"/>
    <tag k="wikipedia" v="uk:Вулиця Олеся Гончара (Київ)"/>
  </way>
  <way id="1385773867">
    <nd ref="11227246012"/>
    <nd ref="7239000578"/>
    <tag k="cycleway:left" v="no"/>
    <tag k="cycleway:right" v="lane"/>
    <tag k="foot" v="no"/>
    <tag k="hgv" v="no"/>
    <tag k="highway" v="tertiary"/>
    <tag k="lanes" v="3"/>
    <tag k="maxspeed" v="50"/>
    <tag k="name" v="вулиця Олеся Гончара"/>
    <tag k="name:bs" v="Ulica Olesja Hončara"/>
    <tag k="name:de" v="Olessja-Hotschara-Straße"/>
    <tag k="name:en" v="Olesia Honchara Street"/>
    <tag k="name:es" v="Calle de Olés Jonchár"/>
    <tag k="name:etymology" v="Олесь Терентійович Гончар"/>
    <tag k="name:etymology:wikidata" v="Q2388302"/>
    <tag k="name:etymology:wikipedia" v="uk:Гончар Олесь Терентійович"/>
    <tag k="name:fr" v="Rue Olessia Hontchara"/>
    <tag k="name:hr" v="Ulica Olesja Hončara"/>
    <tag k="name:it" v="Via Oles' Hončar"/>
    <tag k="name:pl" v="ulica Olesia Gonczara"/>
    <tag k="name:uk" v="вулиця Олеся Гончара"/>
    <tag k="name:uk-Latn" v="vulytsia Olesia Honchara"/>
    <tag k="oneway" v="no"/>
    <tag k="oneway:bicycle" v="yes"/>
    <tag k="parking:left" v="lane"/>
    <tag k="parking:left:orientation" v="parallel"/>
    <tag k="parking:right" v="no"/>
    <tag k="surface" v="asphalt"/>
    <tag k="wikidata" v="Q167223"/>
    <tag k="wikipedia" v="uk:Вулиця Олеся Гончара (Київ)"/>
  </way>
  <way id="1385840471">
    <nd ref="2401346480"/>
    <nd ref="6093953269"/>
    <tag k="cycleway:left" v="no"/>
    <tag k="cycleway:right" v="lane"/>
    <tag k="foot" v="no"/>
    <tag k="hgv" v="no"/>
    <tag k="highway" v="tertiary"/>
    <tag k="lanes" v="3"/>
    <tag k="maxspeed" v="50"/>
    <tag k="name" v="вулиця Олеся Гончара"/>
    <tag k="name:bs" v="Ulica Olesja Hončara"/>
    <tag k="name:de" v="Olessja-Hotschara-Straße"/>
    <tag k="name:en" v="Olesia Honchara Street"/>
    <tag k="name:es" v="Calle de Olés Jonchár"/>
    <tag k="name:etymology" v="Олесь Терентійович Гончар"/>
    <tag k="name:etymology:wikidata" v="Q2388302"/>
    <tag k="name:etymology:wikipedia" v="uk:Гончар Олесь Терентійович"/>
    <tag k="name:fr" v="Rue Olessia Hontchara"/>
    <tag k="name:hr" v="Ulica Olesja Hončara"/>
    <tag k="name:it" v="Via Oles' Hončar"/>
    <tag k="name:pl" v="ulica Olesia Gonczara"/>
    <tag k="name:uk" v="вулиця Олеся Гончара"/>
    <tag k="name:uk-Latn" v="vulytsia Olesia Honchara"/>
    <tag k="oneway" v="no"/>
    <tag k="oneway:bicycle" v="yes"/>
    <tag k="parking:left" v="lane"/>
    <tag k="parking:left:orientation" v="parallel"/>
    <tag k="parking:right" v="no"/>
    <tag k="surface" v="asphalt"/>
    <tag k="wikidata" v="Q167223"/>
    <tag k="wikipedia" v="uk:Вулиця Олеся Гончара (Київ)"/>
  </way>
  <way id="1385840472">
    <nd ref="4969053738"/>
    <nd ref="9524816626"/>
    <tag k="cycleway:both" v="no"/>
    <tag k="highway" v="secondary"/>
    <tag k="lanes" v="4"/>
    <tag k="lit" v="yes"/>
    <tag k="maxspeed" v="50"/>
    <tag k="name" v="Володимирська вулиця"/>
    <tag k="name:de" v="Wolodymyr-Straße"/>
    <tag k="name:en" v="Volodymyrska Street"/>
    <tag k="name:es" v="Calle Volodymyrska"/>
    <tag k="name:etymology" v="Володимир Великий"/>
    <tag k="name:etymology:wikidata" v="Q14974"/>
    <tag k="name:etymology:wikipedia" v="uk:Володимир Святославич"/>
    <tag k="name:fr" v="Rue Volodymyrska"/>
    <tag k="name:it" v="Via Volodymyrs'ka"/>
    <tag k="name:pl" v="ulica Włodzimierska"/>
    <tag k="name:ru" v="Владимирская улица"/>
    <tag k="name:uk" v="Володимирська вулиця"/>
    <tag k="name:uk-Latn" v="Volodymyrska vulytsia"/>
    <tag k="old_name:de" v="Wladimirskaja-Straße"/>
    <tag k="surface" v="sett"/>
    <tag k="wikidata" v="Q3400240"/>
    <tag k="wikipedia" v="uk:Володимирська вулиця (Київ)"/>
  </way>
  <way id="1385840473">
    <nd ref="9524816626"/>
    <nd ref="9524816641"/>
    <tag k="cycleway:both" v="no"/>
    <tag k="highway" v="secondary"/>
    <tag k="lanes" v="4"/>
    <tag k="lit" v="yes"/>
    <tag k="maxspeed" v="50"/>
    <tag k="name" v="Володимирська вулиця"/>
    <tag k="name:de" v="Wolodymyr-Straße"/>
    <tag k="name:en" v="Volodymyrska Street"/>
    <tag k="name:es" v="Calle Volodymyrska"/>
    <tag k="name:etymology" v="Володимир Великий"/>
    <tag k="name:etymology:wikidata" v="Q14974"/>
    <tag k="name:etymology:wikipedia" v="uk:Володимир Святославич"/>
    <tag k="name:fr" v="Rue Volodymyrska"/>
    <tag k="name:it" v="Via Volodymyrs'ka"/>
    <tag k="name:pl" v="ulica Włodzimierska"/>
    <tag k="name:ru" v="Владимирская улица"/>
    <tag k="name:uk" v="Володимирська вулиця"/>
    <tag k="name:uk-Latn" v="Volodymyrska vulytsia"/>
    <tag k="old_name:de" v="Wladimirskaja-Straße"/>
    <tag k="surface" v="sett"/>
    <tag k="wikidata" v="Q3400240"/>
    <tag k="wikipedia" v="uk:Володимирська вулиця (Київ)"/>
  </way>
  <way id="1385840474">
    <nd ref="9524816641"/>
    <nd ref="1284382977"/>
    <nd ref="26201280"/>
    <tag k="cycleway:both" v="no"/>
    <tag k="highway" v="secondary"/>
    <tag k="lanes" v="4"/>
    <tag k="lit" v="yes"/>
    <tag k="maxspeed" v="50"/>
    <tag k="name" v="Володимирська вулиця"/>
    <tag k="name:de" v="Wolodymyr-Straße"/>
    <tag k="name:en" v="Volodymyrska Street"/>
    <tag k="name:es" v="Calle Volodymyrska"/>
    <tag k="name:etymology" v="Володимир Великий"/>
    <tag k="name:etymology:wikidata" v="Q14974"/>
    <tag k="name:etymology:wikipedia" v="uk:Володимир Святославич"/>
    <tag k="name:fr" v="Rue Volodymyrska"/>
    <tag k="name:it" v="Via Volodymyrs'ka"/>
    <tag k="name:pl" v="ulica Włodzimierska"/>
    <tag k="name:ru" v="Владимирская улица"/>
    <tag k="name:uk" v="Володимирська вулиця"/>
    <tag k="name:uk-Latn" v="Volodymyrska vulytsia"/>
    <tag k="old_name:de" v="Wladimirskaja-Straße"/>
    <tag k="surface" v="sett"/>
    <tag k="wikidata" v="Q3400240"/>
    <tag k="wikipedia" v="uk:Володимирська вулиця (Київ)"/>
  </way>
  <way id="1387028951">
    <nd ref="3342628895"/>
    <nd ref="12115272810"/>
    <tag k="check_date" v="2025-05-16"/>
    <tag k="cycleway:right" v="no"/>
    <tag k="foot" v="no"/>
    <tag k="highway" v="residential"/>
    <tag k="lane_markings" v="yes"/>
    <tag k="lanes" v="2"/>
    <tag k="lit" v="yes"/>
    <tag k="maxspeed" v="50"/>
    <tag k="maxweight" v="3.5"/>
    <tag k="name" v="вулиця Лисенка"/>
    <tag k="name:de" v="Lyssenka-Straße"/>
    <tag k="name:en" v="Lysenka Street"/>
    <tag k="name:es" v="Calle de Lísenko"/>
    <tag k="name:etymology" v="Микола Віталійович Лисенко"/>
    <tag k="name:etymology:wikidata" v="Q172425"/>
    <tag k="name:etymology:wikipedia" v="uk:Лисенко Микола Віталійович"/>
    <tag k="name:fr" v="Rue Lyssenka"/>
    <tag k="name:it" v="Via Lysenko"/>
    <tag k="name:uk" v="вулиця Лисенка"/>
    <tag k="name:uk-Latn" v="vulytsia Lysenka"/>
    <tag k="oneway" v="no"/>
    <tag k="parking:left" v="no"/>
    <tag k="parking:right" v="street_side"/>
    <tag k="parking:right:orientation" v="parallel"/>
    <tag k="smoothness" v="excellent"/>
    <tag k="surface" v="asphalt"/>
    <tag k="wikidata" v="Q4472950"/>
    <tag k="wikipedia" v="uk:Вулиця Лисенка (Київ)"/>
  </way>
  <way id="1387028952">
    <nd ref="259159998"/>
    <nd ref="3342628895"/>
    <tag k="check_date" v="2025-05-16"/>
    <tag k="cycleway:right" v="no"/>
    <tag k="foot" v="no"/>
    <tag k="highway" v="residential"/>
    <tag k="lane_markings" v="yes"/>
    <tag k="lanes" v="2"/>
    <tag k="lit" v="yes"/>
    <tag k="maxspeed" v="50"/>
    <tag k="maxweight" v="3.5"/>
    <tag k="name" v="вулиця Лисенка"/>
    <tag k="name:de" v="Lyssenka-Straße"/>
    <tag k="name:en" v="Lysenka Street"/>
    <tag k="name:es" v="Calle de Lísenko"/>
    <tag k="name:etymology" v="Микола Віталійович Лисенко"/>
    <tag k="name:etymology:wikidata" v="Q172425"/>
    <tag k="name:etymology:wikipedia" v="uk:Лисенко Микола Віталійович"/>
    <tag k="name:fr" v="Rue Lyssenka"/>
    <tag k="name:it" v="Via Lysenko"/>
    <tag k="name:uk" v="вулиця Лисенка"/>
    <tag k="name:uk-Latn" v="vulytsia Lysenka"/>
    <tag k="oneway" v="no"/>
    <tag k="parking:left" v="no"/>
    <tag k="parking:right" v="no"/>
    <tag k="smoothness" v="excellent"/>
    <tag k="surface" v="asphalt"/>
    <tag k="wikidata" v="Q4472950"/>
    <tag k="wikipedia" v="uk:Вулиця Лисенка (Київ)"/>
  </way>
  <way id="1387028959">
    <nd ref="445413688"/>
    <nd ref="2627620334"/>
    <nd ref="13687163895"/>
    <nd ref="12916025331"/>
    <nd ref="445413679"/>
    <tag k="cycleway:both" v="no"/>
    <tag k="highway" v="tertiary"/>
    <tag k="lanes" v="2"/>
    <tag k="maxspeed" v="50"/>
    <tag k="name" v="вулиця Богдана Хмельницького"/>
    <tag k="name:en" v="Bohdana Khmelnytskoho Street"/>
    <tag k="name:es" v="Calle de Bogdán Jmelnitski"/>
    <tag k="name:etymology" v="Богдан Хмельницький"/>
    <tag k="name:etymology:wikidata" v="Q203808"/>
    <tag k="name:etymology:wikipedia" v="uk:Богдан Хмельницький"/>
    <tag k="name:pl" v="ulica Bohdana Chmielnickiego"/>
    <tag k="name:uk" v="вулиця Богдана Хмельницького"/>
    <tag k="name:uk-Latn" v="vulytsia Bohdana Khmelnytskoho"/>
    <tag k="oneway" v="no"/>
    <tag k="surface" v="sett"/>
    <tag k="wikidata" v="Q3406840"/>
    <tag k="wikipedia" v="uk:Вулиця Богдана Хмельницького (Київ, Шевченківський район)"/>
  </way>
  <way id="1387197723">
    <nd ref="9524816631"/>
    <nd ref="12486815578"/>
    <nd ref="551304957"/>
    <tag k="bicycle" v="use_sidepath"/>
    <tag k="highway" v="residential"/>
    <tag k="lanes" v="2"/>
    <tag k="maxspeed" v="40"/>
    <tag k="name" v="Золотоворітська вулиця"/>
    <tag k="name:de" v="Solotoworitsska-Straße"/>
    <tag k="name:en" v="Zolotovoritska Street"/>
    <tag k="name:es" v="Calle Zolotovoritska"/>
    <tag k="name:etymology" v="Золоті ворота"/>
    <tag k="name:etymology:wikidata" v="Q1427503"/>
    <tag k="name:etymology:wikipedia" v="uk:Золоті ворота (Київ)"/>
    <tag k="name:fr" v="Rue Zolotovoritska"/>
    <tag k="name:it" v="Via Zolotovoric'ka"/>
    <tag k="name:uk" v="Золотоворітська вулиця"/>
    <tag k="name:uk-Latn" v="Zolotovoritska vulytsia"/>
    <tag k="oneway" v="no"/>
    <tag k="surface" v="asphalt"/>
    <tag k="wikidata" v="Q4193391"/>
    <tag k="wikipedia" v="uk:Золотоворітська вулиця"/>
  </way>
  <way id="1387197724">
    <nd ref="648544403"/>
    <nd ref="551304957"/>
    <tag k="bicycle" v="use_sidepath"/>
    <tag k="cycleway:right" v="lane"/>
    <tag k="highway" v="residential"/>
    <tag k="lanes" v="2"/>
    <tag k="maxspeed" v="40"/>
    <tag k="name" v="Золотоворітська вулиця"/>
    <tag k="name:de" v="Solotoworitsska-Straße"/>
    <tag k="name:en" v="Zolotovoritska Street"/>
    <tag k="name:es" v="Calle Zolotovoritska"/>
    <tag k="name:etymology" v="Золоті ворота"/>
    <tag k="name:etymology:wikidata" v="Q1427503"/>
    <tag k="name:etymology:wikipedia" v="uk:Золоті ворота (Київ)"/>
    <tag k="name:fr" v="Rue Zolotovoritska"/>
    <tag k="name:it" v="Via Zolotovoric'ka"/>
    <tag k="name:uk" v="Золотоворітська вулиця"/>
    <tag k="name:uk-Latn" v="Zolotovoritska vulytsia"/>
    <tag k="oneway" v="no"/>
    <tag k="surface" v="asphalt"/>
    <tag k="wikidata" v="Q4193391"/>
    <tag k="wikipedia" v="uk:Золотоворітська вулиця"/>
  </way>
  <way id="1387197725">
    <nd ref="9524816630"/>
    <nd ref="313317186"/>
    <nd ref="648544403"/>
    <tag k="bicycle" v="use_sidepath"/>
    <tag k="cycleway:right" v="lane"/>
    <tag k="highway" v="residential"/>
    <tag k="lanes" v="2"/>
    <tag k="maxspeed" v="40"/>
    <tag k="name" v="Золотоворітська вулиця"/>
    <tag k="name:de" v="Solotoworitsska-Straße"/>
    <tag k="name:en" v="Zolotovoritska Street"/>
    <tag k="name:es" v="Calle Zolotovoritska"/>
    <tag k="name:etymology" v="Золоті ворота"/>
    <tag k="name:etymology:wikidata" v="Q1427503"/>
    <tag k="name:etymology:wikipedia" v="uk:Золоті ворота (Київ)"/>
    <tag k="name:fr" v="Rue Zolotovoritska"/>
    <tag k="name:it" v="Via Zolotovoric'ka"/>
    <tag k="name:uk" v="Золотоворітська вулиця"/>
    <tag k="name:uk-Latn" v="Zolotovoritska vulytsia"/>
    <tag k="oneway" v="no"/>
    <tag k="surface" v="asphalt"/>
    <tag k="wikidata" v="Q4193391"/>
    <tag k="wikipedia" v="uk:Золотоворітська вулиця"/>
  </way>
  <way id="1387478093">
    <nd ref="12112236235"/>
    <nd ref="12486815589"/>
    <nd ref="3342628902"/>
    <tag k="access" v="permit"/>
    <tag k="bicycle" v="permit"/>
    <tag k="check_date" v="2025-05-17"/>
    <tag k="foot" v="permit"/>
    <tag k="highway" v="service"/>
    <tag k="horse" v="no"/>
    <tag k="living_street" v="yes"/>
    <tag k="maxspeed" v="20"/>
    <tag k="motor_vehicle" v="permit"/>
    <tag k="oneway" v="no"/>
    <tag k="service" v="driveway"/>
    <tag k="smoothness" v="excellent"/>
    <tag k="surface" v="asphalt"/>
  </way>
  <way id="1387478094">
    <nd ref="3342628896"/>
    <nd ref="12112236235"/>
    <tag k="access" v="permit"/>
    <tag k="bicycle" v="permit"/>
    <tag k="check_date" v="2025-05-17"/>
    <tag k="foot" v="permit"/>
    <tag k="highway" v="service"/>
    <tag k="horse" v="no"/>
    <tag k="living_street" v="yes"/>
    <tag k="maxspeed" v="20"/>
    <tag k="motor_vehicle" v="permit"/>
    <tag k="oneway" v="no"/>
    <tag k="service" v="driveway"/>
    <tag k="smoothness" v="excellent"/>
    <tag k="surface" v="asphalt"/>
  </way>
  <way id="1388223011">
    <nd ref="4720139206"/>
    <nd ref="4786794458"/>
    <nd ref="4720139207"/>
    <tag k="highway" v="service"/>
    <tag k="maxheight" v="2"/>
    <tag k="maxspeed" v="10"/>
    <tag k="surface" v="asphalt"/>
  </way>
  <way id="1393593468">
    <nd ref="12899715561"/>
    <nd ref="12899715562"/>
    <nd ref="12899715563"/>
    <tag k="highway" v="footway"/>
    <tag k="surface" v="concrete:plates"/>
  </way>
  <way id="1393593469">
    <nd ref="12899715571"/>
    <nd ref="12899715570"/>
    <tag k="highway" v="service"/>
    <tag k="maxspeed" v="20"/>
    <tag k="oneway" v="no"/>
    <tag k="service" v="parking_aisle"/>
    <tag k="surface" v="asphalt"/>
  </way>
  <way id="1393593470">
    <nd ref="12899715570"/>
    <nd ref="12899715573"/>
    <nd ref="12899715572"/>
    <tag k="highway" v="service"/>
    <tag k="maxspeed" v="20"/>
    <tag k="oneway" v="no"/>
    <tag k="service" v="parking_aisle"/>
    <tag k="surface" v="asphalt"/>
  </way>
  <way id="1395026093">
    <nd ref="12647785859"/>
    <nd ref="259159999"/>
    <tag k="cycleway:both" v="no"/>
    <tag k="highway" v="secondary"/>
    <tag k="lane_markings" v="yes"/>
    <tag k="lanes" v="4"/>
    <tag k="name" v="Володимирська вулиця"/>
    <tag k="name:de" v="Wolodymyr-Straße"/>
    <tag k="name:en" v="Volodymyrska Street"/>
    <tag k="name:es" v="Calle Volodymyrska"/>
    <tag k="name:etymology" v="Володимир Великий"/>
    <tag k="name:etymology:wikidata" v="Q14974"/>
    <tag k="name:etymology:wikipedia" v="uk:Володимир Святославич"/>
    <tag k="name:fr" v="Rue Volodymyrska"/>
    <tag k="name:it" v="Via Volodymyrs'ka"/>
    <tag k="name:pl" v="ulica Włodzimierska"/>
    <tag k="name:ru" v="Владимирская улица"/>
    <tag k="name:uk" v="Володимирська вулиця"/>
    <tag k="name:uk-Latn" v="Volodymyrska vulytsia"/>
    <tag k="old_name:de" v="Wladimirsskaja-Straße"/>
    <tag k="surface" v="sett"/>
    <tag k="wikidata" v="Q3400240"/>
    <tag k="wikipedia" v="uk:Володимирська вулиця (Київ)"/>
  </way>
  <way id="1395375360">
    <nd ref="12916025321"/>
    <nd ref="4341564996"/>
    <tag k="highway" v="service"/>
  </way>
  <way id="1395375363">
    <nd ref="390977253"/>
    <nd ref="12916025325"/>
    <tag k="highway" v="service"/>
  </way>
  <way id="1395375364">
    <nd ref="390977250"/>
    <nd ref="390977253"/>
    <tag k="highway" v="service"/>
    <tag k="tunnel" v="building_passage"/>
  </way>
  <way id="1395375365">
    <nd ref="12916025326"/>
    <nd ref="13072030542"/>
    <nd ref="12916025324"/>
    <nd ref="390977250"/>
    <tag k="highway" v="service"/>
  </way>
  <way id="1395375366">
    <nd ref="12916025328"/>
    <nd ref="12916025329"/>
    <tag k="highway" v="service"/>
    <tag k="tunnel" v="building_passage"/>
  </way>
  <way id="1395375367">
    <nd ref="12916025332"/>
    <nd ref="12916025328"/>
    <tag k="highway" v="service"/>
  </way>
  <way id="1395375368">
    <nd ref="12916025329"/>
    <nd ref="12916025330"/>
    <nd ref="13072030543"/>
    <nd ref="12916025331"/>
    <tag k="highway" v="service"/>
  </way>
  <way id="1395375369">
    <nd ref="12916025334"/>
    <nd ref="12916025335"/>
    <tag k="highway" v="service"/>
  </way>
  <way id="1395375370">
    <nd ref="12916025333"/>
    <nd ref="12916025334"/>
    <tag k="highway" v="service"/>
    <tag k="tunnel" v="building_passage"/>
  </way>
  <way id="1395375371">
    <nd ref="4325208016"/>
    <nd ref="12916025333"/>
    <tag k="highway" v="service"/>
  </way>
  <way id="1395560639">
    <nd ref="26546021"/>
    <nd ref="4430909089"/>
    <nd ref="12803540474"/>
    <nd ref="6764109284"/>
    <nd ref="8611058325"/>
    <nd ref="26546020"/>
    <tag k="check_date" v="2025-06-15"/>
    <tag k="cycleway:oneway" v="yes"/>
    <tag k="cycleway:right" v="separate"/>
    <tag k="highway" v="residential"/>
    <tag k="lanes" v="1"/>
    <tag k="lit" v="yes"/>
    <tag k="maxspeed" v="30"/>
    <tag k="maxspeed:type" v="sign"/>
    <tag k="name" v="Рейтарська вулиця"/>
    <tag k="name:de" v="Rejtarsska-Straße"/>
    <tag k="name:en" v="Reitarska Street"/>
    <tag k="name:es" v="Calle Réitarska"/>
    <tag k="name:etymology" v="рейтари"/>
    <tag k="name:etymology:wikidata" v="Q1151636"/>
    <tag k="name:etymology:wikipedia" v="uk:Рейтари"/>
    <tag k="name:fr" v="Rue Reïtarska"/>
    <tag k="name:it" v="Via Rejtars'ka"/>
    <tag k="name:uk" v="Рейтарська вулиця"/>
    <tag k="name:uk-Latn" v="Reitarska vulytsia"/>
    <tag k="oneway" v="yes"/>
    <tag k="oneway:bicycle" v="yes"/>
    <tag k="parking:left" v="shoulder"/>
    <tag k="parking:left:orientation" v="parallel"/>
    <tag k="parking:right" v="no"/>
    <tag k="surface" v="asphalt"/>
    <tag k="wikidata" v="Q4392718"/>
    <tag k="wikipedia" v="uk:Рейтарська вулиця (Київ)"/>
  </way>
  <way id="1395560640">
    <nd ref="12917814716"/>
    <nd ref="12917814715"/>
    <tag k="bicycle" v="no"/>
    <tag k="highway" v="footway"/>
    <tag k="horse" v="no"/>
    <tag k="tunnel" v="building_passage"/>
  </way>
  <way id="1395560641">
    <nd ref="12917814715"/>
    <nd ref="12917814714"/>
    <tag k="highway" v="footway"/>
  </way>
  <way id="1395560642">
    <nd ref="12917814713"/>
    <nd ref="12917814716"/>
    <tag k="highway" v="footway"/>
  </way>
  <way id="1395731295">
    <nd ref="2079994033"/>
    <nd ref="9183500122"/>
    <nd ref="12486994229"/>
    <nd ref="12647785874"/>
    <nd ref="12647785873"/>
    <tag k="covered" v="yes"/>
    <tag k="footway" v="sidewalk"/>
    <tag k="highway" v="footway"/>
    <tag k="surface" v="paving_stones"/>
  </way>
  <way id="1413216954">
    <nd ref="26546182"/>
    <nd ref="12987267857"/>
    <nd ref="8013961100"/>
    <nd ref="12987267853"/>
    <nd ref="12987267854"/>
    <nd ref="1379830366"/>
    <nd ref="12987267855"/>
    <nd ref="12987267856"/>
    <nd ref="2763492922"/>
    <tag k="highway" v="service"/>
  </way>
  <way id="1413216955">
    <nd ref="12987267857"/>
    <nd ref="12987267858"/>
    <nd ref="12987267859"/>
    <nd ref="12987267860"/>
    <nd ref="12987267861"/>
    <nd ref="12987267862"/>
    <tag k="highway" v="service"/>
  </way>
  <way id="1423652454">
    <nd ref="6888722152"/>
    <nd ref="6888722169"/>
    <tag k="bicycle" v="use_sidepath"/>
    <tag k="cycleway:both" v="no"/>
    <tag k="highway" v="tertiary"/>
    <tag k="lanes" v="2"/>
    <tag k="lit" v="yes"/>
    <tag k="maxspeed" v="50"/>
    <tag k="name" v="вулиця Богдана Хмельницького"/>
    <tag k="name:en" v="Bohdana Khmelnytskoho Street"/>
    <tag k="name:es" v="Calle de Bogdán Jmelnitski"/>
    <tag k="name:etymology" v="Богдан Хмельницький"/>
    <tag k="name:etymology:wikidata" v="Q203808"/>
    <tag k="name:etymology:wikipedia" v="uk:Богдан Хмельницький"/>
    <tag k="name:pl" v="ulica Bohdana Chmielnickiego"/>
    <tag k="name:uk" v="вулиця Богдана Хмельницького"/>
    <tag k="name:uk-Latn" v="vulytsia Bohdana Khmelnytskoho"/>
    <tag k="oneway" v="no"/>
    <tag k="surface" v="sett"/>
    <tag k="trolley_wire" v="yes"/>
    <tag k="wikidata" v="Q3406840"/>
    <tag k="wikipedia" v="uk:Вулиця Богдана Хмельницького (Київ, Шевченківський район)"/>
  </way>
  <way id="1423652455">
    <nd ref="6888722169"/>
    <nd ref="1502836586"/>
    <nd ref="11117009277"/>
    <nd ref="26201274"/>
    <tag k="bicycle" v="use_sidepath"/>
    <tag k="cycleway:both" v="no"/>
    <tag k="highway" v="tertiary"/>
    <tag k="lanes" v="2"/>
    <tag k="lit" v="yes"/>
    <tag k="maxspeed" v="50"/>
    <tag k="name" v="вулиця Богдана Хмельницького"/>
    <tag k="name:en" v="Bohdana Khmelnytskoho Street"/>
    <tag k="name:es" v="Calle de Bogdán Jmelnitski"/>
    <tag k="name:etymology" v="Богдан Хмельницький"/>
    <tag k="name:etymology:wikidata" v="Q203808"/>
    <tag k="name:etymology:wikipedia" v="uk:Богдан Хмельницький"/>
    <tag k="name:pl" v="ulica Bohdana Chmielnickiego"/>
    <tag k="name:uk" v="вулиця Богдана Хмельницького"/>
    <tag k="name:uk-Latn" v="vulytsia Bohdana Khmelnytskoho"/>
    <tag k="oneway" v="no"/>
    <tag k="surface" v="sett"/>
    <tag k="trolley_wire" v="yes"/>
    <tag k="wikidata" v="Q3406840"/>
    <tag k="wikipedia" v="uk:Вулиця Богдана Хмельницького (Київ, Шевченківський район)"/>
  </way>
  <way id="1426396615">
    <nd ref="4887639687"/>
    <nd ref="8853896653"/>
    <nd ref="26546037"/>
    <tag k="cycleway:both" v="no"/>
    <tag k="highway" v="residential"/>
    <tag k="lanes" v="2"/>
    <tag k="maxspeed" v="50"/>
    <tag k="name" v="вулиця Івана Франка"/>
    <tag k="name:de" v="Iwan-Franko-Straße"/>
    <tag k="name:en" v="Ivana Franka Street"/>
    <tag k="name:es" v="Calle de Iván Frankó"/>
    <tag k="name:etymology" v="Іван Якович Франко"/>
    <tag k="name:etymology:wikidata" v="Q332462"/>
    <tag k="name:etymology:wikipedia" v="uk:Франко Іван Якович"/>
    <tag k="name:fr" v="Rue Ivana Franka"/>
    <tag k="name:it" v="Via Ivana Franka"/>
    <tag k="name:pl" v="ulica Iwana Franki"/>
    <tag k="name:uk" v="вулиця Івана Франка"/>
    <tag k="name:uk-Latn" v="vulytsia Ivana Franka"/>
    <tag k="surface" v="asphalt"/>
  </way>
  <way id="1426732326">
    <nd ref="13115347121"/>
    <nd ref="13115347122"/>
    <nd ref="13115347123"/>
    <nd ref="9974815369"/>
    <tag k="highway" v="footway"/>
  </way>
  <way id="1452308008">
    <nd ref="13318952899"/>
    <nd ref="13318952900"/>
    <nd ref="13318988301"/>
    <nd ref="13318988321"/>
    <nd ref="13318988302"/>
    <tag k="highway" v="footway"/>
    <tag k="surface" v="asphalt"/>
    <tag k="width" v="3"/>
  </way>
  <way id="1452308011">
    <nd ref="13318988311"/>
    <nd ref="13318988312"/>
    <tag k="highway" v="service"/>
    <tag k="maxspeed" v="20"/>
    <tag k="oneway" v="no"/>
    <tag k="service" v="driveway"/>
    <tag k="smoothness" v="excellent"/>
    <tag k="surface" v="asphalt"/>
    <tag k="width" v="2"/>
  </way>
  <way id="1452308014">
    <nd ref="13318988312"/>
    <nd ref="13318988321"/>
    <tag k="handrail" v="no"/>
    <tag k="highway" v="steps"/>
    <tag k="incline" v="down"/>
    <tag k="step_count" v="10"/>
    <tag k="surface" v="concrete"/>
    <tag k="width" v="0.5"/>
  </way>
  <way id="1453852516">
    <nd ref="12458903401"/>
    <nd ref="13333361483"/>
    <nd ref="13333361484"/>
    <nd ref="1529446096"/>
    <tag k="check_date" v="2025-12-31"/>
    <tag k="highway" v="cycleway"/>
    <tag k="lit" v="yes"/>
    <tag k="oneway" v="yes"/>
    <tag k="smoothness" v="excellent"/>
    <tag k="start_date" v="2025-12-29"/>
    <tag k="surface" v="asphalt"/>
    <tag k="width" v="1.5"/>
  </way>
  <way id="1457502140">
    <nd ref="13367115438"/>
    <nd ref="13367115439"/>
    <tag k="highway" v="footway"/>
    <tag k="surface" v="paving_stones"/>
  </way>
  <way id="1457502141">
    <nd ref="13367115439"/>
    <nd ref="13367115437"/>
    <tag k="access" v="customers"/>
    <tag k="handrail" v="yes"/>
    <tag k="highway" v="steps"/>
    <tag k="step_count" v="12"/>
  </way>
  <way id="1474128662">
    <nd ref="9516743642"/>
    <nd ref="1475420943"/>
    <nd ref="1475421008"/>
    <nd ref="26303162"/>
    <tag k="access" v="permit"/>
    <tag k="cycleway:both" v="no"/>
    <tag k="highway" v="residential"/>
    <tag k="lanes" v="1"/>
    <tag k="maxspeed" v="20"/>
    <tag k="maxweight" v="3.5"/>
    <tag k="name" v="Малопідвальна вулиця"/>
    <tag k="name:de" v="Malopidwalna-Straße"/>
    <tag k="name:en" v="Malopidvalna Street"/>
    <tag k="name:es" v="Calle Malopidvalna"/>
    <tag k="name:fr" v="Rue Malopidvalna"/>
    <tag k="name:it" v="Via Malopidval'na"/>
    <tag k="name:uk" v="Малопідвальна вулиця"/>
    <tag k="name:uk-Latn" v="Malopidvalna vulytsia"/>
    <tag k="oneway" v="no"/>
    <tag k="surface" v="asphalt"/>
    <tag k="wikidata" v="Q4278399"/>
    <tag k="wikipedia" v="uk:Малопідвальна вулиця"/>
  </way>
  <way id="1474128663">
    <nd ref="9516743642"/>
    <nd ref="13523880848"/>
    <nd ref="13523880849"/>
    <nd ref="13523880846"/>
    <nd ref="13523880847"/>
    <nd ref="13523880850"/>
    <nd ref="13523880851"/>
    <nd ref="13523880844"/>
    <tag k="highway" v="service"/>
    <tag k="maxspeed" v="20"/>
    <tag k="oneway" v="no"/>
    <tag k="service" v="driveway"/>
    <tag k="surface" v="asphalt"/>
  </way>
  <way id="1492129306">
    <nd ref="4206960276"/>
    <nd ref="13673837962"/>
    <nd ref="13673837960"/>
    <nd ref="13673837961"/>
    <tag k="highway" v="service"/>
    <tag k="maxspeed" v="20"/>
    <tag k="service" v="parking_aisle"/>
    <tag k="surface" v="asphalt"/>
  </way>
  <way id="1492129309">
    <nd ref="13673837980"/>
    <nd ref="13673837982"/>
    <tag k="highway" v="footway"/>
    <tag k="surface" v="paving_stones"/>
  </way>
  <way id="1492129310">
    <nd ref="12336959076"/>
    <nd ref="13673837983"/>
    <nd ref="13673837984"/>
    <tag k="highway" v="service"/>
    <tag k="layer" v="-1"/>
    <tag k="maxspeed" v="20"/>
    <tag k="service" v="parking_aisle"/>
    <tag k="tunnel" v="yes"/>
  </way>
  <way id="1492129311">
    <nd ref="305558431"/>
    <nd ref="11234203270"/>
    <nd ref="259159998"/>
    <tag k="check_date" v="2026-03-24"/>
    <tag k="crossing" v="uncontrolled"/>
    <tag k="crossing:island" v="no"/>
    <tag k="crossing:markings" v="zebra"/>
    <tag k="footway" v="crossing"/>
    <tag k="highway" v="footway"/>
    <tag k="lit" v="yes"/>
    <tag k="smoothness" v="excellent"/>
    <tag k="surface" v="asphalt"/>
  </way>
  <way id="1492563650">
    <nd ref="3541551428"/>
    <nd ref="13677326773"/>
    <nd ref="13677326772"/>
    <tag k="highway" v="service"/>
    <tag k="maxspeed" v="20"/>
    <tag k="oneway" v="no"/>
    <tag k="service" v="parking_aisle"/>
    <tag k="surface" v="asphalt"/>
  </way>
  <way id="1493337312">
    <nd ref="13684075824"/>
    <nd ref="13684075825"/>
    <tag k="highway" v="footway"/>
  </way>
  <way id="1493337313">
    <nd ref="13684075825"/>
    <nd ref="13677326773"/>
    <tag k="handrail" v="no"/>
    <tag k="highway" v="steps"/>
    <tag k="step_count" v="10"/>
    <tag k="surface" v="concrete"/>
    <tag k="tactile_paving" v="no"/>
    <tag k="wheelchair" v="no"/>
    <tag k="width" v="3"/>
  </way>
  <way id="1493713877">
    <nd ref="13687163892"/>
    <nd ref="13687163896"/>
    <nd ref="13687163893"/>
    <tag k="highway" v="service"/>
    <tag k="tunnel" v="building_passage"/>
  </way>
  <way id="1493713878">
    <nd ref="13687163893"/>
    <nd ref="13687163894"/>
    <nd ref="13687163895"/>
    <tag k="highway" v="service"/>
  </way>
  <way id="1495874548">
    <nd ref="12520492929"/>
    <nd ref="13703806329"/>
    <tag k="handrail" v="yes"/>
    <tag k="highway" v="steps"/>
    <tag k="incline" v="up"/>
  </way>
  <way id="1500217839">
    <nd ref="13737307012"/>
    <nd ref="13737307013"/>
    <tag k="handrail" v="no"/>
    <tag k="highway" v="steps"/>
    <tag k="incline" v="up"/>
    <tag k="tactile_paving" v="no"/>
  </way>

</osm>
